F_std_final,F_std_mean,F_std_temporal_std,N,alive_density_final,alive_density_mean,alive_density_temporal_std,cog_load_final,cog_load_mean,cog_load_temporal_std,cog_specificity_final,cog_specificity_mean,cog_specificity_temporal_std,config_idx,correlation_length_final,correlation_length_mean,correlation_length_temporal_std,dyn_excess_pc_final,dyn_excess_pc_slope,eg_excess_pc_final,eg_excess_pc_slope,error,excess_activity_final,excess_activity_slope,excess_pc_final,excess_pc_slope,extinct,final_pop,init,largest_patch_final,largest_patch_mean,largest_patch_temporal_std,mean_intake_final,mean_intake_mean,mean_intake_temporal_std,min_pop,n_distinct_genomes_final,n_distinct_genomes_mean,n_distinct_genomes_temporal_std,n_patches_final,n_patches_mean,n_patches_temporal_std,n_steps,negene_final,negene_mean,negene_temporal_std,param_food_inc,param_gdiff,param_m_scale,param_mu_egene,param_mu_egenome,param_mu_lut,param_restricted_mu,param_tax,param_tax_per_egene,seed,shadow,unique_top_genomes
0.0,0.003405069891380629,0.021443337904259133,256,0.0,0.0067095344449266976,0.05536003304423478,0.0,1.0284960240493586,6.97363773663296,0.0,0.5078904187237775,3.267076984669376,11,0.0,2.8395061728395063,17.962551435615218,-2020.0,-0.04238762191294218,-400.0,-0.01241586840037544,,0.0,0.288607046070461,0.0,0.00010130117447190612,True,0,halfplane,0.0,415.3333333333333,3618.425167301105,0.0,0.0006023683113816344,0.005387745966964381,0,0.0,35.18518518518518,314.59407947742693,0.0,2.728395061728395,24.29195484648526,8000,0.0,0.05694872361539028,0.4126093558169515,0.005,0.05,2.5,0.01,0.03,0.06,False,0.04,0.0008,0,True,2
0.0,0.002845974064167635,0.017886779514029262,256,0.0,0.006178490909529321,0.055210946289431,0.0,0.5810699698365764,3.659232851469509,0.0,0.5640432098765432,3.561111860112186,13,0.0,1.3950617283950617,11.313358227286257,-2677.0,-0.2092328364950318,-2519.5,-0.061175264550264535,,0.0,0.0,0.0,0.0,True,0,halfplane,0.0,404.5679012345679,3618.3417146405527,0.0,-0.00012802029097521746,0.0011450482924795567,0,0.0,0.38271604938271603,3.31315336434466,0.0,0.37037037037037035,3.2027937050560684,8000,0.0,0.025514403292181066,0.1604410591738101,0.005,0.05,3.5,0.003,0.003,0.03,False,0.03,0.0008,0,True,2
0.0,0.0023175101543282286,0.019370217496358002,256,0.0,0.0061737814067322535,0.05521145033495876,0.0,0.5753086466848114,3.6256129891669717,0.0,0.499118169148763,3.2257876634935228,21,0.0,1.271604938271605,11.262318189627749,-2170.0,-0.11939030036133681,-3602.0,-0.06764543812104766,,0.0,0.0,0.0,0.0,True,0,halfplane,0.0,404.55555555555554,3618.3430898754455,0.0,0.00031787593975479223,0.0028431688388133734,0,0.0,0.07407407407407407,0.561694477337152,0.0,0.07407407407407407,0.561694477337152,8000,0.0,0.029629629629629627,0.18885257457751056,0.008,0.06,3.5,0.003,0.01,0.15,True,0.035,0.0008,0,True,2
0.0,0.0031090237108277684,0.023607699893447742,256,0.0,0.006514937789351852,0.055258075145185534,0.0,1.1643688060619213,8.103951862192986,0.0,0.5720764442726418,3.6069368166257547,19,0.0,2.8395061728395063,17.962551435615218,-2331.0,-0.05054746747967467,-205.0,-0.044903358960953446,,0.0,0.0,0.0,0.0,True,0,halfplane,0.0,412.5308641975309,3618.1567406159575,0.0,0.00043653958925494443,0.0039045287857755705,0,0.0,22.432098765432098,200.52701786940128,0.0,2.925925925925926,26.058707593175303,8000,0.0,0.05244874095828574,0.3739833022433872,0.008,0.05,2.5,0.003,0.03,0.15,True,0.035,0.0008,0,True,2
0.0,0.002747615143932678,0.017257822873477956,256,0.0,0.006406807605131173,0.05522505406221887,0.0,0.8863640773443529,5.827966807278067,0.0,0.5754812735098379,3.6266142313155663,20,0.0,2.8395061728395063,17.962551435615218,-39423.0,-0.7258352164036352,-7302.666666666667,-0.13288202732096355,,0.0,0.288607046070461,0.0,0.00023766502785305097,True,0,halfplane,0.0,412.1604938271605,3618.134255767777,0.0,7.719949554697966e-05,0.0006904932794869557,0,0.0,14.88888888888889,133.05851307313847,0.0,1.0740740740740742,9.49564913724822,8000,0.0,0.03907476988529055,0.26208553867236356,0.005,0.05,2.5,0.003,0.003,0.01,False,0.035,0.0,0,True,2
0.0,0.003111502030622904,0.019451499418284522,256,0.0,0.006549222969714506,0.055272074839119445,0.0,1.3269195556640625,9.483847402743573,0.0,0.5704173806272907,3.5974030610710717,9,0.0,2.8395061728395063,17.962551435615218,-4059.0,-0.08250023581727518,-747980.0,-13.3467340104953,,0.0,0.288607046070461,0.0,0.00014670516309022976,True,0,halfplane,0.0,412.30864197530866,3618.142885760202,0.0,7.661342919792658e-05,0.0006852513427037239,0,0.0,24.679012345679013,220.62402112036858,0.0,2.234567901234568,19.875086212989988,8000,0.0,0.060369010986294935,0.4421614355065051,0.005,0.08,2.5,0.003,0.01,0.03,True,0.04,0.0,0,True,2
0.0,0.0038541514932373426,0.03447257893784408,256,0.0,0.007105886200327932,0.05573547166038681,0.0,1.2711113823784723,9.007466977984286,0.0,0.5313417411144868,3.3839230750349083,14,0.0,2.8395061728395063,17.962551435615218,-4702.0,-0.09039941539620754,-3221.5,-0.05802870104681426,,0.0,0.288607046070461,0.0,6.003431615335622e-05,True,0,halfplane,0.0,462.7037037037037,3649.105543860468,0.0,0.00018307219408912422,0.0016374474830932683,0,0.0,61.160493827160494,546.9242946864533,0.0,1.9135802469135803,17.00413713701535,8000,0.0,0.06570154514161514,0.488491259349762,0.013,0.05,2.5,0.01,0.03,0.03,False,0.04,0.0,0,True,2
0.0,0.012400052981612123,0.058928022585755274,256,0.0,0.010769690996334876,0.06222194792526626,0.0,3.853367369851948,18.347819973025455,0.0,1.0843443222987799,4.780074463988253,6,0.0,5.283950617283951,23.34139255946066,-59241.0,-2.097478014156386,-140975.5,-5.000149603420292,,0.0,0.2919584462511302,0.0,0.00030407314828720703,True,0,halfplane,0.0,652.395061728395,4007.8840717784133,0.0,0.001178859974499102,0.006895156684032999,0,0.0,286.8395061728395,1853.975184997742,0.0,7.530864197530864,42.02118408135164,8000,0.0,0.18181806738595613,0.8736924633856394,0.01,0.08,2.5,0.003,0.01,0.01,True,0.04,0.0,0,True,4
0.0,0.01632377158930916,0.06382495039244712,256,0.0,0.010748969184027778,0.060931895326380256,0.0,4.146022384549364,15.224864249858447,0.0,1.5393606115270544,5.179451312183373,25,0.0,4.753086419753086,20.055189817654718,-8633.0,-1.792111632375318,-27652.8,-1.6294380066374647,,0.0,0.29076671183378455,0.0,5.767055747417222e-05,True,0,halfplane,0.0,571.6172839506173,3702.7876304541783,0.0,0.002550151710754927,0.010627710586542802,0,0.0,299.91358024691357,1759.5821277043492,0.0,7.9753086419753085,41.3989846922206,8000,0.0,0.2538022904803554,0.9655662669289047,0.005,0.08,2.5,0.01,0.01,0.06,False,0.035,0.0,0,True,7
0.0,0.06371507018712567,0.11909018116208756,256,0.0,0.03767470371576003,0.0929928541182552,0.0,14.265969500129605,25.428273118369,0.0,3.7710318388762296,6.711567438760833,28,0.0,15.790123456790123,30.783078584593394,-39626.0,-7.205388194858022,-203737.66666666666,-28.625704289391813,,0.0,0.3062486449864505,0.0,0.00012991252874921844,True,0,halfplane,0.0,1705.7530864197531,4795.16194330186,0.0,0.009503447991094472,0.020589515403998115,0,0.0,1985.4814814814815,4876.837841888617,0.0,50.76543209876543,107.40971190943402,8000,0.0,0.9727165555301496,1.7668599118127344,0.005,0.06,3.5,0.01,0.003,0.01,False,0.03,0.0,0,True,20
0.0,0.0031727427317772383,0.028377873693489136,256,0.0,0.006175853587962963,0.055211224596147794,0.0,0.5756172839506173,3.627403365289844,0.0,0.4795061747233073,3.1386117563485043,34,0.0,1.2839506172839505,11.262561785529522,-2596.0,-0.23560794941282778,-1580.0,-0.028184761743450734,,0.0,0.0,0.0,0.0,True,0,halfplane,0.0,404.5679012345679,3618.3417146405527,0.0,0.00022632633278399337,0.0020243242608129933,0,0.0,0.20987654320987653,1.7688389815873895,0.0,0.18518518518518517,1.5484848118790278,8000,0.0,0.031635802469135804,0.20368032039378295,0.013,0.06,3.5,0.01,0.01,0.03,False,0.04,0.0008,0,True,2
0.0,0.0031298083701619397,0.02593403887692616,256,0.0,0.007200641396604938,0.05585818678911765,0.0,1.3716081218954959,9.866934674691649,0.0,0.582657708062066,3.668571076517391,32,0.0,2.580246913580247,16.221357813751276,-4831.0,-0.0931608094248004,-542924.25,-9.68838062830421,,0.0,0.288607046070461,0.0,5.4747762901955696e-05,True,0,halfplane,0.0,465.71604938271605,3652.710210560784,0.0,0.00014566888825760948,0.0013029021454033433,0,0.0,67.35802469135803,602.3566948807851,0.0,2.6049382716049383,23.18773569636726,8000,0.0,0.060237228920024616,0.44102018096876033,0.01,0.05,2.5,0.003,0.01,0.03,True,0.035,0.0,0,True,2
0.0,0.003376120862401562,0.023029687429480052,256,0.0,0.00725075050636574,0.05592816492834485,0.0,1.2862829514491705,9.136731236502296,0.0,0.5282580999680507,3.368044444715357,31,0.0,2.8395061728395063,17.962551435615218,-5072.0,-0.09579179983179134,-3813.0,-0.06862635913213236,,0.0,0.288607046070461,0.0,5.21753342196131e-05,True,0,halfplane,0.0,469.91358024691357,3658.058124120666,0.0,0.00011270479471595199,0.0010080623295001105,0,0.0,70.65432098765432,631.8396647785748,0.0,3.2098765432098766,28.598418349334004,8000,0.0,0.06730358460522738,0.5024599375783871,0.008,0.08,2.5,0.01,0.03,0.06,True,0.035,0.0,0,True,2
0.34035319089889526,0.3350068336513675,0.053711183672871254,256,0.12384033203125,0.12995778778452932,0.04934043385197932,57.41547393798828,59.032130724118076,6.319106729762199,16.823741912841797,17.045952490818355,1.5001103747678854,23,31.0,36.864197530864196,17.95519326258517,28019.81403921568,3.0294292634788125,160940.61991048913,19.37687925127364,,-2.0,-0.00021251129177958451,-0.00012316779921484056,-2.4970709227308063e-08,False,8116,halfplane,883.0,1922.716049382716,3508.220885800889,0.09127351641654968,0.09325033304408009,0.01874722660493232,21,8112.0,8109.617283950617,1980.9492273106714,723.0,613.1111111111111,142.75879683604114,8000,3.41276490882208,3.4896351524300417,0.41478176616002993,0.013,0.06,2.5,0.003,0.03,0.03,False,0.04,0.0008,0,True,81
0.3547707498073578,0.33359466920273356,0.06269777988612615,256,0.145782470703125,0.13280119719328703,0.05224473203551637,55.81965637207031,57.12240398077317,6.199090038313225,15.462930679321289,16.42898006203734,1.4499498240632642,29,37.0,39.08641975308642,21.154456980617464,27053.97126829269,3.04699156428874,137957.53562408377,17.00059172595402,,0.0,-0.0010130984643179767,0.0,1.8574356362340185e-07,False,9554,halfplane,1557.0,1715.8148148148148,3518.383288629374,0.0852387398481369,0.08892018318084287,0.014432479065872,1,9554.0,8298.728395061727,2311.908681888463,834.0,687.0617283950618,184.85385256166342,8000,3.6099016118903076,3.507087677338852,0.4319849006682191,0.013,0.06,2.5,0.003,0.03,0.1,True,0.04,0.0008,0,True,81
0.23382353782653809,0.2594438116123647,0.04669643710830699,256,0.077178955078125,0.15258374626253857,0.07678458460999409,80.47647094726562,67.75940892725815,6.062519108804365,15.279654502868652,14.898332160196187,1.2616689557297813,17,69.0,75.30864197530865,15.984283929024476,23368.519607565016,1.614386810536443,27516.075435392617,2.1644458732991407,,-113.0,0.2817378048780495,-0.037155490306881145,0.00031353524159757787,False,5058,halfplane,2665.0,6254.024691358025,4645.508798763633,0.04424688220024109,0.03849042004641191,0.00917105385396009,964,4824.0,9202.308641975309,4329.527974847494,114.0,218.23456790123456,85.0112950527263,8000,5.266903914590747,4.581661142611181,0.4704882774815654,0.005,0.05,3.5,0.01,0.01,0.01,True,0.035,0.0,0,True,81
0.3089253902435303,0.3243541220823924,0.042605914611931035,256,0.3740386962890625,0.3648259669174383,0.06601937831789925,9.68359661102295,14.427380867946296,5.117160957299041,9.236342430114746,12.560768869188097,3.017310732161806,15,9.0,52.27160493827161,25.625995841259943,142687.68550000002,17.888971066442235,609425.4580420046,75.05248631596685,,13783.0,2.2789564137308056,0.5622243471333221,0.00015743046140310178,False,24513,halfplane,203.0,4802.938271604939,6517.201986813847,0.047648776322603226,0.049692302390381145,0.007618301285195223,3885,24512.0,23504.604938271605,4964.274608352775,7612.0,5113.567901234568,1921.5245036764243,8000,1.0484232856035574,1.1284497708843026,0.11991568162256995,0.018,0.08,2.5,0.003,0.003,0.15,False,0.04,0.0008,0,True,63
0.26388558745384216,0.27421237951443517,0.0339334181715027,256,0.4300537109375,0.3996024426118827,0.07315845189312237,8.703590393066406,11.298020280437704,5.304073401319699,8.329440116882324,9.875948623374656,2.4313264295546824,26,1.0,8.555555555555555,21.074822612495417,269514.7572131148,37.46560317017965,512001.9535227451,67.21418210369056,,36743.0,4.534250225835594,1.3036829406755608,0.00022012429087317392,False,28184,halfplane,72.0,609.6666666666666,3610.426335072861,0.04216644912958145,0.04314746822655937,0.005563829156606678,3859,28184.0,25783.802469135804,5545.771719155195,7958.0,7312.641975308642,1529.3197657430555,8000,1.0449191030371843,1.1139925047286463,0.21258001939893909,0.018,0.08,2.5,0.01,0.01,0.1,True,0.035,0.0008,0,True,61
0.3341086506843567,0.3355685841798047,0.053191186755899456,256,0.118255615234375,0.11747477967062114,0.04886197699177269,42.18180465698242,37.39990500461908,5.762701966089426,15.059378623962402,14.581393194787296,1.4056044275836101,37,39.0,53.20987654320987,19.984386528563494,22771.09159232612,3.399794128624945,33117.6326055353,4.547232968307878,,80.0,0.262042457091238,0.010322580645161228,8.471948144962806e-05,False,7750,halfplane,967.0,1820.0493827160494,3522.8176114421926,0.07918336242437363,0.07201197285803011,0.012645072506169528,79,7750.0,7294.2962962962965,1750.2322064246318,722.0,730.0,207.31213420264217,8000,2.801032258064516,2.58825363150258,0.4677474698437369,0.01,0.08,2.5,0.01,0.003,0.15,False,0.04,0.0008,0,True,81
0.3124408423900604,0.33084379762043187,0.045566560346270796,256,0.2100372314453125,0.21821763780381945,0.05993914362864748,56.433563232421875,46.04523917775095,12.705173484547386,16.00642967224121,14.832227129995086,2.144816908115233,3,25.0,45.30864197530864,24.743445060549085,18972.67608695652,2.429906684274588,142138.67975707888,17.17203126630952,,142.0,-0.13681797651309846,0.010316018888485212,-7.389708352829126e-06,False,13765,halfplane,5003.0,4485.271604938272,4039.695866233355,0.08824966102838516,0.08300769747591313,0.02179823732893204,185,13765.0,13895.962962962964,3687.4006986234226,1164.0,1462.1728395061727,680.2690969025267,8000,3.525681075190701,3.0740269302695813,0.62870190885281,0.018,0.08,3.5,0.003,0.03,0.06,True,0.04,0.0008,0,True,81
0.2736324965953827,0.28959070458824254,0.03507917472269887,256,0.1644134521484375,0.2105036606023341,0.04318713227392383,37.66227340698242,41.43908601925697,3.409658074764118,14.675116539001465,14.41200617801996,1.2956487442162339,27,35.0,40.96296296296296,15.67135031994627,34058.34460465118,3.458506949452682,41363.980988282594,2.6094070297570697,,0.0,0.2886822493224932,0.0,4.497332858426562e-05,False,10775,halfplane,616.0,2035.0864197530864,3581.012978962041,0.0597100555896759,0.0654265636831154,0.0099724126112426,6418,10775.0,13391.0,2398.3975874850944,1454.0,1321.9382716049383,375.27127128758843,8000,2.566403712296984,2.9003718098844757,0.34356921078585406,0.013,0.05,5.0,0.01,0.003,0.1,False,0.035,0.0008,0,True,81
0.35698866844177246,0.32950609646461626,0.04222508904620048,256,0.1178436279296875,0.11159016173562886,0.047909540388875294,60.90483093261719,57.846622184470846,4.658641532762192,16.903295516967773,16.49866454983935,1.332911953492693,30,37.0,40.160493827160494,14.472158703314186,21227.860239234462,2.882159255600677,155449.16574428836,18.704628152602307,,-1.0,0.2885099367660335,-0.00012948336138807193,0.00010313344555393816,False,7723,halfplane,936.0,1707.0864197530864,3505.8167791297824,0.0902511328458786,0.08411904171477129,0.011621634002613443,1705,7723.0,6908.62962962963,1534.7387717112285,529.0,529.9876543209876,112.2721004477169,8000,3.603133497345591,3.52609317144291,0.3111270825445886,0.01,0.05,2.5,0.003,0.03,0.15,True,0.035,0.0008,0,True,81
0.3482076823711395,0.3549646897080504,0.04265240339679101,256,0.4844207763671875,0.44264918197820213,0.08867502347524127,8.173654556274414,12.306134271033017,7.916173553402598,7.297215938568115,9.471590436535116,3.541861656391143,5,10.0,26.074074074074073,28.399607794969516,97466.78634951456,13.631070292165003,470504.45829376386,62.3756914737407,,27154.0,3.5083193315266503,0.8553249125901661,0.00022438687794520528,False,31747,halfplane,435.0,1691.6543209876543,3981.271027149135,0.036456868052482605,0.03946748513866354,0.009367975588062698,2269,31747.0,28604.827160493827,6619.894874011672,4515.0,4142.16049382716,1027.6945366505968,8000,1.1201058367719785,1.228638385827135,0.23825873244312412,0.018,0.05,2.5,0.003,0.01,0.1,False,0.03,0.0008,0,True,56
0.0,0.0030909857632201395,0.02764661713617721,256,0.0,0.0061739697868441355,0.05521142955618739,0.0,0.576131679393627,3.6303900280582027,0.0,0.576131679393627,3.6303900280582027,43,0.0,1.271604938271605,11.262318189627749,-2223.0,-0.10558536585365859,-1093.0,-0.0859226513098466,,0.0,0.0,0.0,0.0,True,0,halfplane,0.0,404.55555555555554,3618.3430898754455,0.0,-0.00011657185300632759,0.0010426503503410465,0,0.0,0.08641975308641975,0.6703146647159619,0.0,0.08641975308641975,0.6703146647159619,8000,0.0,0.024691358024691357,0.15518277888859916,0.013,0.06,3.5,0.003,0.01,0.06,True,0.04,0.0008,0,True,2
0.0,0.003478838383783529,0.020890677001452886,256,0.0,0.007422176408179012,0.056193943701471565,0.0,0.857950234118803,5.605432668175818,0.0,0.5434932002314815,3.4479308939836075,44,0.0,2.3209876543209877,14.641246624800864,-4923.0,-0.09152328319783187,-4467.0,-0.08990134519433274,,0.0,0.288607046070461,0.0,4.462104474778392e-05,True,0,halfplane,0.0,481.9012345679012,3675.4004522055225,0.0,8.357370295274405e-05,0.0007475059237348427,0,0.0,81.88888888888889,732.3246935547942,0.0,3.0246913580246915,26.942084803272284,8000,0.0,0.04122176056233153,0.2796185265834215,0.005,0.06,2.5,0.01,0.003,0.1,True,0.035,0.0,0,True,2
0.36021140217781067,0.3267358352522147,0.0628489170861785,256,0.16070556640625,0.13818057966820987,0.054463108536420585,44.25265884399414,49.52202504946862,8.124861343640417,15.394516944885254,15.228792461348169,1.51983336541921,38,32.0,36.91358024691358,16.465600153544358,16066.262071428588,2.2091973201974398,150352.49362524517,14.146659170140039,,-7.0,0.28805939476061393,-0.0007596709665489421,0.00011586045953841609,False,10532,halfplane,3069.0,2672.938271604938,3519.162485752523,0.07860755920410156,0.08324618920407913,0.01626192998677657,4,10532.0,8651.123456790123,2578.5966677403967,533.0,497.7283950617284,136.43132513345714,8000,2.8745727307254083,3.281847524069391,0.5882234668699265,0.013,0.06,2.5,0.003,0.003,0.1,True,0.04,0.0008,0,True,81
0.0,0.0027716756786829158,0.017420019063864575,256,0.0,0.006174723307291667,0.05521134695522334,0.0,0.5432098765432098,3.446412995593933,0.0,0.44662309575963904,3.0097706143033633,45,0.0,1.2962962962962963,11.263887937464753,-2172.0,-0.24561449864498625,-1585.5,-0.02834137102734662,,0.0,0.0,0.0,0.0,True,0,halfplane,0.0,404.5925925925926,3618.3389742787563,0.0,9.30859327868179e-05,0.000832585893841205,0,0.0,0.13580246913580246,1.1083642314796764,0.0,0.09876543209876543,0.7794416848229433,8000,0.0,0.03333333333333333,0.21659542988464367,0.005,0.06,3.5,0.01,0.03,0.03,False,0.035,0.0008,0,True,2
0.29738497734069824,0.30909284158253375,0.07937028202771575,256,0.103179931640625,0.3160370249807099,0.1957463177945656,49.31351852416992,49.80364206102159,8.28235815316916,15.91153335571289,17.35079711160542,2.186959450722669,10,75.0,69.06172839506173,18.00366607317462,61473.373429951724,2.6148643533930533,452984.0421469561,40.80267537473112,,-614.0,0.23121183378500446,-0.09080153800650681,5.160009947451762e-06,False,6762,halfplane,2627.0,15378.567901234568,12589.844910191443,0.028597218915820122,0.04127446528708125,0.01887581753936466,1907,6762.0,20307.172839506173,12957.842401361486,942.0,799.7901234567901,347.7947711875739,8000,3.099230996746525,2.9324703110757637,0.6481228958347915,0.013,0.06,2.5,0.003,0.003,0.1,False,0.035,0.0,0,True,80
0.0,0.0026764927638901603,0.016821740228512877,256,0.0,0.006173216266396605,0.05521151297974476,0.0,0.7283950617283951,4.63218036728249,0.0,0.5884773584059727,3.7030634552558226,46,0.0,1.271604938271605,11.262318189627749,-1903.0,-0.1736728206865402,-699.0,-0.011877822944896081,,0.0,0.0,0.0,0.0,True,0,halfplane,0.0,404.55555555555554,3618.3430898754455,0.0,9.849787126352758e-05,0.0008809917431370835,0,0.0,0.037037037037037035,0.24567591039669628,0.0,0.037037037037037035,0.24567591039669628,8000,0.0,0.030864197530864196,0.19791629064051108,0.005,0.06,3.5,0.003,0.03,0.1,True,0.035,0.0008,0,True,2
0.0,0.003030426248356148,0.019047030916134706,256,0.0,0.0062299186800733024,0.055207533606616045,0.0,0.6671148700478636,4.204727726043286,0.0,0.570370379789376,3.5971334958893944,50,0.0,2.185185185185185,13.896541101847465,-2418.0,-0.07520888167514757,-1655.0,-0.03295868821783459,,0.0,0.0,0.0,0.0,True,0,halfplane,0.0,404.9382716049383,3618.3020243478136,0.0,0.00013299334656309198,0.0011895286538810468,0,0.0,3.753086419753086,33.45700423602391,0.0,1.8395061728395061,16.341613011129514,8000,0.0,0.02925477732958481,0.18614285668219688,0.005,0.06,2.5,0.003,0.003,0.03,False,0.04,0.0008,0,True,2
0.29458093643188477,0.3022692061868715,0.08268596644268188,256,0.1866607666015625,0.26488560806086037,0.17959207935052984,45.99697494506836,38.833183217931676,6.00441557455228,14.511812210083008,14.70744945384838,1.8743911933557595,35,86.0,68.41975308641975,20.38812544591319,18431.805282051326,1.0853632140157288,29520.647403947893,3.972610695183969,,-226.0,0.249037714543812,-0.01847461783699833,2.603548800118075e-05,False,12233,halfplane,8471.0,11831.111111111111,11174.409479246613,0.026681041345000267,0.05040003267335303,0.031362035658809635,393,12233.0,16953.864197530864,11797.5102026469,893.0,617.6543209876543,372.37556246129543,8000,3.169623150494564,2.6766184587654034,0.49553967721298997,0.013,0.08,3.5,0.01,0.003,0.06,True,0.04,0.0,0,True,80
0.27137893438339233,0.2664479668493624,0.03130026863847146,256,0.3576507568359375,0.33448226363570605,0.028058608581595573,40.353981018066406,39.316611584321954,1.8262996197034636,17.276874542236328,17.37525560826431,1.0665467489780938,1,24.0,17.790123456790123,13.183150534278585,55858.094093023275,8.97479897234316,55015.51409752981,8.988694665408888,,0.0,-4.2908762420957554e-05,0.0,-3.1023624768287747e-09,False,23439,halfplane,416.0,973.3456790123457,3700.7264090418917,0.03770378232002258,0.040083119806684095,0.0073228754719631165,13202,23439.0,21516.037037037036,2774.2855979288024,3218.0,3109.7901234567903,526.910227695954,8000,2.3357225137591193,2.2729636736306027,0.17304623352832757,0.013,0.06,5.0,0.003,0.003,0.06,False,0.04,0.0008,0,True,81
0.2531659007072449,0.25056357755337233,0.030571185752908424,256,0.3286285400390625,0.31819887514467593,0.053957566917887445,40.388587951660156,39.590933505399725,2.3405181719720596,17.16050910949707,17.32642411596981,1.0281044561747972,24,12.0,18.91358024691358,19.38957180004859,81568.35499999998,11.29994484976208,48406.15370172623,7.313520841294698,,1.0,-2.0099367660343283e-05,4.643172215268443e-05,-1.2560277610474172e-09,False,21537,halfplane,252.0,862.7530864197531,3659.4323365043156,0.0199423860758543,0.025579057403920608,0.010461383729111949,1058,21537.0,20448.913580246914,3994.548851046364,3649.0,3304.9135802469136,783.501198680701,8000,2.353577564191856,2.295592666822165,0.19503244692709987,0.008,0.06,5.0,0.003,0.003,0.1,False,0.03,0.0008,0,True,81
0.22233442962169647,0.26159765175831173,0.10043248786936086,256,0.072723388671875,0.3138373104142554,0.2629064131798378,65.04846954345703,70.7333607143826,9.61480027997725,16.591083526611328,17.77262987913909,1.9268416784547764,8,77.0,64.93827160493827,19.9445810450366,63394.99185365852,9.03834488277468,815201.2336461254,50.18854985915289,,66.0,0.2839670280036134,0.013627954991006996,9.278221738780381e-06,False,4766,halfplane,2586.0,15831.543209876543,16938.825683384417,0.11456014215946198,0.04891953794400633,0.03318821839068243,597,4764.0,20162.85185185185,17323.135266444515,550.0,759.9506172839506,449.25658486307003,8000,3.920688208140999,3.9929787974812117,0.38258299384364475,0.013,0.06,2.5,0.003,0.03,0.15,True,0.035,0.0,0,True,80
0.0,0.002871992514198531,0.018050646453830237,256,0.0,0.006395316418306327,0.05522253937557735,0.0,0.9073080839934172,5.993607537046926,0.0,0.493581736529315,3.2004447175025343,53,0.0,2.8395061728395063,17.962551435615218,-2256.0,-0.055304967061963854,-3955.5,-0.08413289409001244,,0.0,0.288607046070461,0.0,0.00024522063817176385,True,0,halfplane,0.0,407.037037037037,3618.134395624505,0.0,0.00031525004701113993,0.002819682140107653,0,0.0,14.567901234567902,130.18751322342277,0.0,2.753086419753086,24.512798805702044,8000,0.0,0.052309718694138675,0.3727954589653792,0.005,0.05,2.5,0.01,0.03,0.03,True,0.03,0.0008,0,True,2
0.0,0.0035637764973037037,0.028960608307414905,256,0.0,0.007380356023341049,0.05612535866551865,0.0,1.286211743766879,9.136124099496184,0.0,0.5314806008044585,3.38464164243818,58,0.0,2.4074074074074074,15.146835042245039,-4168.0,-0.07803758506473957,-5035.333333333333,-0.09013141438539976,,0.0,0.288607046070461,0.0,4.609514631343591e-05,True,0,halfplane,0.0,480.39506172839504,3673.0540785127732,0.0,0.00014539940259706828,0.0013004917923796163,0,0.0,79.14814814814815,707.8107634230763,0.0,1.8518518518518519,16.452033617486073,8000,0.0,0.06650488241751892,0.49549323307094206,0.01,0.06,2.5,0.01,0.03,0.15,False,0.04,0.0,0,True,2
0.2818146347999573,0.27520132763886157,0.03100013398847173,256,0.33392333984375,0.3361693959177276,0.024328817013033445,53.6541748046875,52.82142220014407,3.791482110031544,15.980293273925781,16.48077141797101,1.253602162006444,4,41.0,21.493827160493826,12.30188528840758,59176.456126463716,7.66200115185102,78088.68293966213,10.751632883095544,,793.0,0.05545618789521229,0.03621065314583016,2.549399978350564e-06,False,21884,halfplane,596.0,990.4197530864197,3563.7798142629536,0.059131376445293427,0.05642127498616407,0.0075463563682376025,15204,21872.0,21615.11111111111,2634.274046694159,3314.0,3279.320987654321,415.98717416008293,8000,3.3575214768780843,3.2209515462486427,0.25341933040324904,0.018,0.08,5.0,0.003,0.03,0.03,True,0.035,0.0008,0,True,81
0.28350234031677246,0.277647845171116,0.031129277436164882,256,0.343841552734375,0.3482788462697724,0.019528108717970293,53.733116149902344,53.06926284601659,3.3587134467965374,16.750898361206055,16.686389923095703,1.1958015988476438,18,20.0,20.54320987654321,12.452427382698682,79543.13633251836,9.92999253910774,54900.61107767874,5.815646013770743,,0.0,-3.613369467028005e-05,-0.009468391987377256,-1.750705158273811e-08,False,22534,halfplane,606.0,975.0617283950618,3561.3187921610556,0.035185735672712326,0.03767649661519645,0.005421467083810167,19564,21696.0,21532.938271604937,2483.2478501105147,3217.0,3037.8765432098767,368.0544237371629,8000,3.2077749179018373,3.197691564678261,0.2629827846675014,0.013,0.05,5.0,0.003,0.01,0.01,False,0.04,0.0008,0,True,81
0.173016756772995,0.17439216044214037,0.020927344568869393,256,0.600311279296875,0.5991286289544753,0.013160145328072938,53.59755325317383,44.53651442351165,5.952067837434639,22.325647354125977,22.825476752387154,0.42201544006826286,16,1.0,3.074074074074074,12.22704730795854,146919.37572839495,17.396284226335712,293420.9995435977,36.25351969403805,,149161.0,12.46827551942186,3.7922873516162268,0.00030449808682216713,False,39342,halfplane,36625.0,35666.79012345679,4209.315365334454,0.030403388664126396,0.029795827872959185,0.0034718517559677235,32768,39335.0,38625.1975308642,4378.345576319087,583.0,653.8888888888889,305.7036408834261,8000,2.400716791215495,1.9563967299424048,0.2919312471462114,0.018,0.08,3.5,0.003,0.003,0.03,False,0.03,0.0,0,True,27
0.0,0.0030157924216545335,0.018930236199227873,256,0.0,0.006530950098861883,0.05526440213027621,0.0,1.2279307047526042,8.64064053075581,0.0,0.5157979564902223,3.305450573595093,61,0.0,2.8395061728395063,17.962551435615218,-3681.0,-0.07712313201703408,-5309.666666666667,-0.09560792140221125,,0.0,0.288607046070461,0.0,0.00015344016484798218,True,0,halfplane,0.0,415.037037037037,3618.3885794934336,0.0,7.248692283475841e-05,0.0006483427477532064,0,0.0,23.48148148148148,209.91298086018324,0.0,1.0,8.833158628600795,8000,0.0,0.06713165910079816,0.5009598907229571,0.005,0.05,3.5,0.01,0.03,0.15,False,0.035,0.0,0,True,2
0.2535421550273895,0.32898865621766926,0.0720095613500516,256,0.558685302734375,0.369903564453125,0.17532885458727376,67.9102554321289,67.3477195457176,6.465692960494221,14.954927444458008,15.63732342661163,1.4898089350127537,2,92.0,74.4320987654321,19.43138499324424,5483.658864097379,1.601870265086318,1384.6471118046902,0.6618451760881845,,-782.0,-0.06876016260162603,-0.021385979338715,-4.72785692799017e-06,False,36614,halfplane,32518.0,18337.37037037037,12452.040530330707,0.02800103835761547,0.04619406145295979,0.018712386549534738,6444,36614.0,23826.59259259259,11764.463794193232,1075.0,1037.5925925925926,474.0894268347358,8000,4.540995247719452,4.355538212966307,0.5667161764739469,0.018,0.06,3.5,0.01,0.01,0.1,False,0.04,0.0,0,True,79
0.0,0.0033628073992368617,0.02108180873417147,256,0.0,0.006721590772087191,0.05536814368098557,0.0,0.8942882867506993,5.890484497344613,0.0,0.5178885989718967,3.3157739507456148,64,0.0,2.8395061728395063,17.962551435615218,-2220.0,-0.04609420372136686,-625.5,-0.01838144793142033,,0.0,0.288607046070461,0.0,9.911258710801385e-05,True,0,halfplane,0.0,433.91358024691357,3624.591427626427,0.0,0.00045661743224403005,0.004084110472836223,0,0.0,35.97530864197531,321.66115809171725,0.0,3.049382716049383,27.16292918374568,8000,0.0,0.046899170597534255,0.326887737684595,0.005,0.08,2.5,0.01,0.01,0.15,True,0.04,0.0008,0,True,2
0.3892507255077362,0.3475232242986008,0.049626127904020566,256,0.1951141357421875,0.14525877399209106,0.0472892336690995,49.86689758300781,48.1046859835401,5.34817113556426,14.031511306762695,14.340372921508035,1.3351132069248144,47,26.0,39.160493827160494,17.919888110130366,24749.624169014074,3.136493759233805,18776.736605488986,3.3287091146756373,,38.0,0.27937262872628754,0.002971768202080227,0.00011524675722725886,False,12787,halfplane,1759.0,1865.5555555555557,3494.7923939117204,0.08309797942638397,0.07727477722513823,0.012452757813191965,811,12787.0,9115.135802469136,1971.53792042688,1085.0,804.1851851851852,176.73919623056162,8000,3.553921951982482,3.384927326684885,0.4531547006829413,0.013,0.06,2.5,0.01,0.01,0.06,False,0.035,0.0008,0,True,81
0.2780589163303375,0.2712108643702519,0.03059069279567483,256,0.3500823974609375,0.34444418071228783,0.03020137982282941,47.51466751098633,46.76785146454234,2.8121377188967784,15.73057746887207,16.070640822987496,1.278110991450388,36,21.0,23.049382716049383,12.552016447683263,66874.8200952381,7.10905598811397,53155.13189687114,8.66861920085423,,26.0,0.001226513098464318,0.0011768808299188471,5.379482501428967e-08,False,22943,halfplane,639.0,1134.20987654321,3609.8685955224873,0.05839027464389801,0.05506375519397818,0.007876571882726672,9826,22942.0,22168.913580246914,2959.9151439185366,3114.0,2999.8518518518517,470.30825486624843,8000,3.0205291374275376,2.9266499125465866,0.22946495080922802,0.018,0.08,5.0,0.003,0.01,0.06,False,0.04,0.0008,0,True,81
0.0,0.0023560248959211653,0.019336322536831187,256,0.0,0.006180186330536266,0.05521077269925099,0.0,0.5815131340497806,3.661836160826274,0.0,0.539989259507921,3.4292430390319493,67,0.0,1.4938271604938271,11.431085468251572,-2453.0,-0.09141481481481473,-808.0,-0.030347206091108542,,0.0,0.0,0.0,0.0,True,0,halfplane,0.0,404.58024691358025,3618.3403427749886,0.0,0.00010198608822660682,0.0009121913041359358,0,0.0,0.49382716049382713,4.306536681876601,0.0,0.4074074074074074,3.5338845753708323,8000,0.0,0.026907249129471355,0.1696963883616372,0.008,0.06,3.5,0.003,0.01,0.15,True,0.03,0.0008,0,True,2
0.3887540400028229,0.3014560983872708,0.09008252616525116,256,0.6648406982421875,0.28269167299623843,0.21873765669551745,74.60184478759766,72.79227984393084,8.060667467568075,16.955265045166016,17.881846015835986,1.7279709518071595,42,45.0,67.01234567901234,18.43808044637979,2896.9503434343496,8.215062047607267,221467.4093698284,56.93214529661989,,69.0,0.29407791327913285,0.0016066527205571557,9.552415014533586e-06,False,43571,halfplane,31085.0,14654.407407407407,13618.68838953675,0.04010055214166641,0.04517226112017661,0.028934507070841775,197,43570.0,18121.864197530864,14389.753489899547,400.0,498.0246913580247,280.1982973004831,8000,4.3999219664455715,4.091344954501208,0.3905707502063622,0.013,0.05,2.5,0.003,0.03,0.15,False,0.035,0.0,0,True,80
0.0,0.0037494561186543216,0.02492175436362517,256,0.0,0.0077878222053433645,0.05689491433329175,0.0,0.8447321668083285,5.502843366503463,0.0,0.5406058982566551,3.432518438550642,68,0.0,2.2962962962962963,14.501123365973116,-5616.0,-0.10391324618865139,-4466.0,-0.0803583597065992,,0.0,0.288607046070461,0.0,3.4783277319185304e-05,True,0,halfplane,0.0,503.962962962963,3715.2012737940713,0.0,0.00012519193330296763,0.0011197506924002219,0,0.0,105.85185185185185,946.6559481802069,0.0,3.9382716049382718,35.11334229163032,8000,0.0,0.040877690941845846,0.27679383208439634,0.008,0.06,2.5,0.01,0.003,0.15,True,0.035,0.0,0,True,2
0.23026162385940552,0.22953890631964177,0.026063879085156564,256,0.445281982421875,0.4262100031346451,0.01727562221307109,81.5222396850586,79.90523086359471,6.302694425553377,18.0916690826416,18.142774793836807,0.9543294976324475,0,12.0,19.641975308641975,14.312481509589919,50005.51622717152,6.560111561334194,13379.594975994667,0.8778841398324283,,-2.0,3.6133694670280135e-05,-0.012774891967543445,-1.7364209138111607e-07,False,29182,halfplane,1530.0,1942.8024691358025,3493.3441349131604,0.010001431219279766,0.009599306097507108,0.002311757708070669,20907,27910.0,26414.938271604937,3105.975568280843,2261.0,2432.3456790123455,321.82171126161415,8000,4.506065382770201,4.4237159016601115,0.403131373388097,0.005,0.05,5.0,0.003,0.01,0.01,True,0.035,0.0,0,True,81
0.0,0.002318143511168015,0.01923792908572364,256,0.0,0.006178679289641204,0.05521092679597876,0.0,0.5424133818826558,3.442152207403051,0.0,0.4696844948662652,3.0977662919499176,69,0.0,1.3703703703703705,11.294535381876289,-2151.0,-0.1375774821384578,-3417.0,-0.06147326267905554,,0.0,0.0,0.0,0.0,True,0,halfplane,0.0,404.60493827160496,3618.337609151857,0.0,0.00015204100881093815,0.0013598961242756087,0,0.0,0.3950617283950617,3.4235171155748665,0.0,0.25925925925925924,2.2098420578038955,8000,0.0,0.0302668259657507,0.19350495191718792,0.008,0.05,3.5,0.01,0.03,0.03,True,0.03,0.0008,0,True,2
0.0,0.012386340234014723,0.056921914007939924,256,0.0,0.007940410095968364,0.05696250513179192,0.0,1.6006499867380402,7.226291101644803,0.0,0.9353503592220354,4.2045319471856315,70,0.0,2.617283950617284,13.78813938444213,-4087.0,-0.4664153430050361,-4014.0,-0.16264941378122375,,0.0,0.0,0.0,1.5383742899889266e-07,True,0,halfplane,0.0,446.25925925925924,3630.1440531148196,0.0,0.00197320272801099,0.014962490789210112,0,0.0,110.79012345679013,925.9988763032061,0.0,3.9135802469135803,27.64823014935511,8000,0.0,0.09245853601873764,0.4410171008914569,0.005,0.06,3.5,0.01,0.003,0.01,False,0.035,0.0008,0,True,4
0.2558734118938446,0.24954030285646886,0.028109819604166694,256,0.3347625732421875,0.33967628008053624,0.022047981219119217,40.852134704589844,41.6259016343105,2.0078329006556697,17.405376434326172,17.304677021356277,1.1452919354032294,41,12.0,20.14814814814815,15.230015126984464,93192.0883291139,12.718135174282823,53691.03658810328,5.930282905055236,,0.0,9.033423667569988e-07,-0.005895585579860807,-1.166951005961462e-08,False,21939,halfplane,363.0,829.5555555555555,3572.6970757484783,0.024209102615714073,0.021144483445419207,0.003780876508592039,16945,21014.0,20970.604938271605,2481.386399013701,3512.0,3462.098765432099,440.14595236261334,8000,2.3470987738730114,2.417320337592376,0.18768918318874633,0.008,0.08,5.0,0.003,0.003,0.01,False,0.04,0.0008,0,True,81
0.32430127263069153,0.32069387866391075,0.05094586944455933,256,0.4363555908203125,0.38971700786072533,0.10773249288447712,69.57006072998047,63.098537539258416,11.133919060727322,14.851078033447266,14.943899072246786,1.8159705645485487,33,50.0,47.160493827160494,17.022466483686596,8397.598612244881,0.8936139696677506,1371.3454604379367,0.09353709975075189,,-1303.0,-0.425967479674797,-0.04543634158957599,-3.0810513995330495e-05,False,28597,halfplane,25617.0,18424.79012345679,8128.107690905933,0.043960534036159515,0.04491851619088355,0.014586761917914177,8491,28585.0,25117.185185185186,7564.958458040552,879.0,1096.469135802469,538.0061747871763,8000,4.684512361436514,4.32409742484893,0.9879304931167822,0.018,0.06,3.5,0.01,0.003,0.03,False,0.04,0.0,0,True,79
0.3153909146785736,0.32748561085742195,0.04466446039077301,256,0.220123291015625,0.23214118863329475,0.050840271206268044,45.81124496459961,45.49045755833755,6.174338913387205,15.683539390563965,15.45835088800501,1.9498526158487388,49,26.0,33.839506172839506,19.4938779817788,13581.691915254254,1.8119026362400392,147817.32457282883,16.350968180495837,,-8.0,0.2770390695573616,-0.0006239168110917515,0.0009486206820600454,False,14426,halfplane,1753.0,5262.555555555556,3843.410056733152,0.08191469311714172,0.07557807124599263,0.01237500486245258,304,14426.0,14809.04938271605,3160.746473408819,703.0,653.925925925926,161.64140908293115,8000,2.9209760155275197,2.9990851148574746,0.56134283393059,0.018,0.05,3.5,0.003,0.003,0.1,False,0.035,0.0008,0,True,81
0.21188654005527496,0.2117775242637705,0.024815319420380847,256,0.5154876708984375,0.5124364782262731,0.016572266649262094,84.74037170410156,79.4846943984797,8.096284836432726,19.43941307067871,19.976141776567623,0.6631972458073179,12,1.0,4.938271604938271,18.31503846705455,222937.24615297455,26.745543337764754,0.4938271604478359,-0.10207315519850292,,67294.0,5.405375790424573,1.9919486132078266,0.00015607869363058703,False,33783,halfplane,301.0,1141.4074074074074,4309.638656840933,0.034806303679943085,0.03460450047328149,0.0038929415639495876,24188,33783.0,33087.432098765436,3944.888819845875,4025.0,4066.3456790123455,517.7950202301643,8000,4.359204333540538,3.993320107169371,0.46543554574964974,0.018,0.08,2.5,0.01,0.03,0.1,False,0.035,0.0,0,True,26
0.2454463243484497,0.2352829435725271,0.02736771787621607,256,0.308319091796875,0.30268257046923225,0.038947661179431284,67.77867889404297,68.17613559299045,5.036306731786084,14.962536811828613,15.239730693675854,1.1541575674646982,40,30.0,29.246913580246915,18.854564148753088,35925.98891071428,5.733857367674425,0.5034293552162126,0.015971236204622576,,-11.0,0.2908796296296297,-0.0005443927546273652,5.8558767668574986e-05,False,20206,halfplane,1090.0,1514.8765432098764,3911.143627966835,0.029575146734714508,0.027010707115685498,0.004456943741180727,4952,20206.0,19432.024691358023,3023.9640649414146,2920.0,2814.740740740741,591.9182413049751,8000,4.529892111254083,4.504666620317165,0.41864312922174274,0.008,0.06,5.0,0.01,0.01,0.15,True,0.035,0.0,0,True,80
0.36333194375038147,0.34240671140314255,0.05673757298811496,256,0.1220855712890625,0.12286301601080248,0.04962402638843661,52.62004852294922,54.01537040427879,5.291559599190086,14.183640480041504,14.831433107823502,1.2210392975986775,63,46.0,38.22222222222222,18.647476908732944,25258.000579710148,3.304080721327326,27889.568765620003,4.015651766801532,,-3.0,-0.00013392050587172541,-0.0002499218652332047,-1.9512930203955275e-06,False,8001,halfplane,1217.0,1228.4567901234568,3536.6010572661944,0.08563270419836044,0.08824417082431876,0.014354489484752658,9,7999.0,7645.456790123457,1915.6306252974114,771.0,716.6543209876543,168.30154892400117,8000,3.7099112610923632,3.663466014365456,0.39739180475093244,0.013,0.05,2.5,0.01,0.03,0.03,False,0.04,0.0008,0,True,81
0.0,0.0029541667964723376,0.018566725602249045,256,0.0,0.0063840136115933645,0.055220252426263154,0.0,1.4253257468894676,10.329089514600994,0.0,0.574530354252568,3.6211036010324524,74,0.0,2.8395061728395063,17.962551435615218,-3626.0,-0.08293926596350748,-15144.0,-0.2743178757109447,,0.0,0.288607046070461,0.0,0.00025936882908811126,True,0,halfplane,0.0,408.2716049382716,3618.081283379953,0.0,7.206700558279768e-05,0.0006445868936719695,0,0.0,13.851851851851851,123.78297526601325,0.0,1.0617283950617284,9.385233580381975,8000,0.0,0.06419532824528364,0.4753776551497778,0.005,0.05,3.5,0.003,0.03,0.06,False,0.035,0.0,0,True,2
0.20800597965717316,0.20557516831674694,0.023105026626119688,256,0.5117950439453125,0.5020169858579282,0.021106853069512516,85.07352447509766,83.28768365177108,6.633708854620971,19.903121948242188,19.888687510549286,0.6890037511818217,22,11.0,19.604938271604937,11.509179387835381,43119.59853679652,5.774999867978766,22927.336472843308,2.185519339271469,,25.0,-0.00024345076784101094,0.000745689912306835,6.930694907343e-09,False,33541,halfplane,6061.0,4578.876543209876,3566.2957695096766,0.021299954503774643,0.019741118345179675,0.0026304354694748145,21651,33526.0,32484.51851851852,3885.996715371655,2497.0,2540.2345679012346,313.7136097279125,8000,4.274380608807132,4.198685102974051,0.36232334425554913,0.01,0.08,5.0,0.003,0.03,0.03,True,0.03,0.0,0,True,81
0.0,0.0030926118754310374,0.023528758102525228,256,0.0,0.006615532769097222,0.05530396588487619,0.0,0.9723929416986159,6.515849470769282,0.0,0.5083366205662857,3.2692135632010904,75,0.0,2.8395061728395063,17.962551435615218,-2233.0,-0.04689787541034377,-903.0,-0.024026362641488566,,0.0,0.288607046070461,0.0,0.0001228115089661535,True,0,halfplane,0.0,411.7283950617284,3618.111856716461,0.0,0.0005113668739795685,0.004573804366639534,0,0.0,29.02469135802469,259.49295170183217,0.0,2.7160493827160495,24.18153288236234,8000,0.0,0.05338061465721041,0.38195461825300336,0.008,0.05,2.5,0.01,0.03,0.06,True,0.04,0.0008,0,True,2
0.2265034168958664,0.2234425209922555,0.025108438993818514,256,0.5014190673828125,0.5001810332875193,0.012796196705370902,85.56197357177734,84.08510015040268,6.675700212202353,19.918333053588867,20.003741370307075,0.6403244103062522,7,11.0,22.320987654320987,15.337219443533657,34093.323334754794,4.792223331200216,39749.58666387666,3.4909213783783932,,-114.0,0.2879695121951219,-0.0034691579684122953,1.0024706950281468e-05,False,32861,halfplane,2831.0,6774.148148148148,4835.509857604511,0.01990179717540741,0.01927076206531054,0.002634586184035317,28772,32861.0,32375.222222222223,3715.4300683221845,2189.0,2205.0246913580245,266.9805548617491,8000,4.295639207571285,4.214017512533777,0.3626706321749676,0.01,0.05,5.0,0.003,0.03,0.1,False,0.03,0.0,0,True,81
0.0,0.0032572293148180583,0.01938347904160965,256,0.0,0.0074590989101080245,0.05625649402626146,0.0,1.2845961017373166,9.122349765628542,0.0,0.5345799481427228,3.4007585969601037,77,0.0,2.2839506172839505,14.431818899165206,-5147.0,-0.09640573743928775,-12134.25,-0.2169338909735255,,0.0,0.288607046070461,0.0,4.3936703734853514e-05,True,0,halfplane,0.0,483.7654320987654,3678.3708225165215,0.0,7.222948112973461e-05,0.0006460401191424999,0,0.0,84.30864197530865,753.9676228758559,0.0,3.037037037037037,27.052506989754704,8000,0.0,0.06567366038172522,0.4882483084414892,0.005,0.08,2.5,0.01,0.03,0.06,True,0.03,0.0,0,True,2
0.35200896859169006,0.3403334465728682,0.06620714671294299,256,0.1345062255859375,0.13185515227141203,0.05220007483268307,50.05207061767578,46.07925205466188,7.969784970639684,14.250936508178711,14.276989783769773,1.6096895662202098,65,27.0,35.839506172839506,16.022712883628554,20377.83263109048,2.760240082269317,42191.20814695535,3.492096149178911,,-7.0,0.2884356368563675,-0.0007941009642655761,7.796677694571874e-05,False,8815,halfplane,803.0,1799.5185185185185,3505.7020575519155,0.08940982818603516,0.07986659942953675,0.013563427443150164,1,8815.0,8236.691358024691,2296.8037944439725,594.0,607.074074074074,177.79574754859826,8000,3.5121951219512195,3.2603668290077787,0.6445494447934397,0.013,0.05,2.5,0.01,0.003,0.15,True,0.04,0.0008,0,True,81
0.0,0.0022233899705755857,0.018674542539478183,256,0.0,0.0061739697868441355,0.05521142955618739,0.0,0.5843621477668668,3.678630309844304,0.0,0.5154320987654321,3.3036515709407883,81,0.0,1.271604938271605,11.262318189627749,-2313.0,-0.2102891598915985,-12613.0,-0.22662835930442668,,0.0,0.0,0.0,0.0,True,0,halfplane,0.0,404.55555555555554,3618.3430898754455,0.0,0.00015501584857702255,0.001386503900032146,0,0.0,0.08641975308641975,0.6703146647159619,0.0,0.08641975308641975,0.6703146647159619,8000,0.0,0.028806584362139915,0.18293095284685487,0.008,0.06,3.5,0.003,0.03,0.06,True,0.03,0.0008,0,True,2
0.23314130306243896,0.22813867455647316,0.025803731363576162,256,0.433258056640625,0.4279493167076582,0.015124471784381052,68.34133911132812,67.67300749413761,4.9096279829089555,14.98258113861084,15.23348225487603,1.1882305428309812,39,21.0,23.839506172839506,14.848582914573011,41386.539636761474,5.452359151512905,0.48834019200876355,0.0011868570457708864,,-25.0,0.0024216350496838322,-0.018476808801768607,-3.001732107345699e-08,False,28394,halfplane,1517.0,2145.753086419753,3479.699797363908,0.02457583323121071,0.023353382784091395,0.0029853828467074285,25245,27553.0,26846.185185185186,3108.5722105057603,3117.0,3046.1604938271603,374.251003669869,8000,4.561386208353878,4.474748658852583,0.4194854613179399,0.01,0.06,5.0,0.01,0.01,0.01,False,0.03,0.0,0,True,81
0.3143773078918457,0.31430740341728114,0.03727273278010129,256,0.2326812744140625,0.23799340518904322,0.03688546461840283,53.38750076293945,51.53370129620588,3.3697141479233284,14.435527801513672,14.251593990090452,1.2553286061132576,54,38.0,32.81481481481482,11.511787958555503,20703.38808695649,2.495131652513551,23163.22722054436,2.0807361835085145,,15.0,0.0002581300813008128,0.0009836710603974286,1.0417617629528723e-08,False,15249,halfplane,3363.0,3322.074074074074,3562.0552320246966,0.08313770592212677,0.0792564633819792,0.010051495904016756,11502,15249.0,15192.592592592593,2245.6206751665013,1413.0,1270.469135802469,194.3500143034391,8000,3.6983408748114632,3.641148002027621,0.30481909381258315,0.018,0.05,5.0,0.01,0.03,0.15,True,0.035,0.0008,0,True,81
0.17485803365707397,0.1733861893047521,0.020272150791368095,256,0.5987396240234375,0.598187858675733,0.01439991666211775,40.24394226074219,35.81572396078227,2.9961937165420065,19.980667114257812,20.650322290114413,0.6768368669651073,55,1.0,3.2839506172839505,13.360374955835793,239237.8604640884,28.36176067698262,15584.33756959578,1.066312534785907,,273760.0,34.28119738030714,7.153398454107558,0.0008515653140883892,False,39239,halfplane,35512.0,35384.48148148148,2929.2669799423406,0.030196188017725945,0.029689704838358325,0.0033305695824033745,32768,37385.0,36031.92592592593,4392.6761290539,620.0,720.8765432098766,405.8860565864027,8000,2.0141440913376996,1.7402309327332897,0.19075746228955134,0.018,0.08,2.5,0.01,0.003,0.01,True,0.03,0.0,0,True,5
0.2539340853691101,0.24953847682034527,0.041451212571733,256,0.2796173095703125,0.2645310766902971,0.07240059703463975,55.75345230102539,53.930977056055895,5.494196584113575,16.39228630065918,16.530412038167317,0.9993443990567851,52,24.0,19.271604938271604,19.494863106665555,110199.32543661975,13.771150035200467,28775.137031692662,4.580228135584662,,0.0,-9.033423667570017e-06,0.0,-1.7544127368723854e-09,False,18325,halfplane,197.0,661.6666666666666,3611.7969126560265,0.01649566739797592,0.01121160095948496,0.06343622887810028,1,18325.0,16931.728395061727,4808.452326693341,3800.0,3368.938271604938,1069.035567964098,8000,3.4012005457025922,3.2769021365888644,0.36857973040519737,0.005,0.05,5.0,0.003,0.01,0.1,True,0.03,0.0008,0,True,81
0.3250153064727783,0.32177915709254185,0.044621035398693415,256,0.383941650390625,0.3120834915726273,0.10539682669751838,11.937882423400879,15.80116515689426,4.254593510571348,9.068105697631836,10.516035515585063,2.196997789031262,66,43.0,51.925925925925924,17.96002266886426,51790.18864814815,7.059288280229512,167670.91909359506,22.686151290142277,,14469.0,1.9332253839205065,0.575033781098482,7.067596944724677e-05,False,25162,halfplane,1168.0,2483.8518518518517,3623.3599205508963,0.05057559162378311,0.054181518424072386,0.014733322866729575,379,25162.0,20048.0987654321,7130.061893667497,6259.0,4440.592592592592,1450.4646150290268,8000,1.316469279071616,1.4909755958341195,0.19872905890694748,0.018,0.08,3.5,0.01,0.01,0.1,False,0.04,0.0008,0,True,77
0.0,0.0030018950318112785,0.018866714089414566,256,0.0,0.006182823652102623,0.05521051094773698,0.0,0.5660377314061295,3.5724094481396493,0.0,0.5217978395061729,3.335272944631103,87,0.0,1.4197530864197532,11.336452944864744,-2445.0,-0.09856603573848241,-1343.0,-0.026987822944896062,,0.0,0.0,0.0,0.0,True,0,halfplane,0.0,404.61728395061726,3618.3362473942966,0.0,0.00012265196369018084,0.0010970325135403216,0,0.0,0.6666666666666666,5.852086258783863,0.0,0.5679012345679012,4.968886582202153,8000,0.0,0.02725366876310272,0.1720610861944083,0.005,0.06,3.5,0.01,0.003,0.06,True,0.035,0.0008,0,True,2
0.26523151993751526,0.2624274440753607,0.0401937629090138,256,0.3798675537109375,0.3437718520929784,0.0636303180175912,84.86483001708984,81.15639439335575,6.847057031409226,19.798612594604492,19.34153902972186,0.8904058896137905,48,28.0,41.95061728395062,17.23110970292596,18469.17873684212,3.304805254360473,28787.765289656003,5.6951209041888236,,-753.0,-0.010434959349593464,-0.030425039926296638,1.3398764731303312e-06,False,24895,halfplane,2167.0,5191.234567901234,6183.602761967929,0.03115180879831314,0.02996291373109008,0.006613134600633031,3115,24886.0,22118.11111111111,4709.99107755177,2000.0,1809.5555555555557,662.9862855405192,8000,4.286402892147017,4.2086803457001265,0.3715991579627511,0.01,0.05,3.5,0.003,0.03,0.03,False,0.03,0.0,0,True,80
0.0,0.0030022316876752875,0.026852776551383448,256,0.0,0.006173404646508488,0.0552114920467375,0.0,0.4362139878449617,2.973888166779707,0.0,0.4362139878449617,2.973888166779707,89,0.0,1.271604938271605,11.262318189627749,-2204.0,-0.179622064137308,-579.0,-0.010447380307136394,,0.0,0.0,0.0,0.0,True,0,halfplane,0.0,404.55555555555554,3618.3430898754455,0.0,-0.0007931738172048404,0.007094362292972061,0,0.0,0.04938271604938271,0.34787661243470064,0.0,0.04938271604938271,0.34787661243470064,8000,0.0,0.024691358024691357,0.15518277888859916,0.01,0.06,5.0,0.01,0.003,0.15,False,0.04,0.0008,0,True,2
0.0,0.0029114570799136366,0.018299099536354793,256,0.0,0.00630602424527392,0.05520951551551164,0.0,0.9055826163586275,5.979912871570596,0.0,0.5495306886272666,3.4805577934465313,90,0.0,2.740740740740741,17.28324513551394,-2470.0,-0.0647080846915276,-949.0,-0.08574647718180044,,0.0,0.288607046070461,0.0,0.0004082136436640172,True,0,halfplane,0.0,407.0617283950617,3618.13300312307,0.0,0.00021551583928090554,0.0019276322674400977,0,0.0,8.74074074074074,78.06783656297992,0.0,2.567901234567901,22.85647017648431,8000,0.0,0.04293921455637627,0.29379418076166874,0.005,0.08,2.5,0.003,0.03,0.06,True,0.03,0.0008,0,True,2
0.0,0.002836121913091636,0.01782804826047781,256,0.0,0.006262508439429012,0.055207354791344566,0.0,0.7225593755274643,4.590369710826136,0.0,0.5540027382933064,3.5050655591137394,92,0.0,2.8395061728395063,17.962551435615218,-2503.0,-0.07832106142728099,-10951.0,-0.19854328648743666,,0.0,0.288607046070461,0.0,0.0006063173236774403,True,0,halfplane,0.0,405.3333333333333,3618.2630305195753,0.0,0.0001082649615443783,0.0009683512543785223,0,0.0,5.888888888888889,52.56013604657589,0.0,2.2222222222222223,19.764664816501234,8000,0.0,0.03317252827056749,0.2153593091382035,0.005,0.05,2.5,0.003,0.01,0.03,False,0.03,0.0008,0,True,2
0.0,0.0027134263956988297,0.0242696234908993,256,0.0,0.006174911687403549,0.05521132643351295,0.0,0.5735129132682895,3.615220330333418,0.0,0.48002904727135176,3.140840221947599,93,0.0,1.2962962962962963,11.263887937464753,-2296.0,-0.2827268518518524,-2406.0,-0.043041327913278984,,0.0,0.0,0.0,0.0,True,0,halfplane,0.0,404.5679012345679,3618.3417146405527,0.0,0.000123679177996553,0.0011062201976063553,0,0.0,0.14814814814814814,1.2182877187702614,0.0,0.13580246913580246,1.1083642314796764,8000,0.0,0.031425364758698095,0.20210124325365508,0.01,0.06,3.5,0.01,0.01,0.03,True,0.035,0.0008,0,True,2
0.0,0.0028902206707883764,0.018164831748986532,256,0.0,0.00618188175154321,0.05521060327359831,0.0,0.5506687164306641,3.486767236901612,0.0,0.5457294134446132,3.4599531079321824,95,0.0,1.4814814814814814,11.41269718622517,-2247.0,-0.08241294037940387,-14780.0,-0.2742971318879851,,0.0,0.0,0.0,0.0,True,0,halfplane,0.0,404.641975308642,3618.333533987207,0.0,-4.464787155113838e-05,0.0003993427033560976,0,0.0,0.6049382716049383,5.300079226861086,0.0,0.48148148148148145,4.1961508261536435,8000,0.0,0.02494855967078189,0.15680780929167004,0.005,0.08,3.5,0.003,0.003,0.15,True,0.035,0.0008,0,True,2
0.3305513262748718,0.3387617424682335,0.040085040738150744,256,0.1871795654296875,0.19001167203173225,0.04472896373948979,56.64432907104492,53.204862382676865,3.95350726072631,14.52913761138916,14.287496790473844,1.2617390231321577,72,23.0,31.358024691358025,12.924575731007607,21648.321839643642,2.3225921141823713,18632.57535763271,2.6238536159789843,,-4.0,-0.002775067750677507,-0.01370413443168017,-1.3933373554204297e-07,False,12267,halfplane,1514.0,3582.5925925925926,3546.4891551852184,0.08841996639966965,0.08964023996650437,0.011851069394128383,3494,11811.0,11598.37037037037,2211.345835918856,844.0,777.6172839506173,156.4478036177581,8000,3.8986712317600065,3.749284549047854,0.3313335131946042,0.018,0.06,3.5,0.01,0.03,0.01,True,0.04,0.0008,0,True,81
0.0,0.0030356420227039007,0.019078811704746092,256,0.0,0.006190547236689815,0.055209802360251706,0.0,1.0889151773335022,7.472967347241468,0.0,0.5231030311113523,3.3418392693986996,98,0.0,1.5679012345679013,11.562965862865845,-3043.0,-0.09374555103884372,-13243.0,-0.2405702534946305,,0.0,0.288607046070461,0.0,0.0030702877241538373,True,0,halfplane,0.0,404.65432098765433,3618.3321823376837,0.0,9.809280343261766e-05,0.0008773687063154311,0,0.0,1.1728395061728396,10.378979377802953,0.0,0.7777777777777778,6.845743022555274,8000,0.0,0.057262936695560804,0.41531794826801555,0.005,0.05,3.5,0.01,0.01,0.03,False,0.04,0.0,0,True,2
0.27044445276260376,0.2721080110396868,0.03133206461915082,256,0.349945068359375,0.33991232036072533,0.03005477042720913,47.20990753173828,46.864870754289036,2.939572925151732,16.008398056030273,16.25421024840555,1.3695070336365258,62,16.0,20.02469135802469,11.99791680337839,47667.32372727274,7.198347579238324,65092.634159906534,7.966915550532248,,12.0,0.0008281391147244808,0.0005232406034707537,3.544160466131065e-08,False,22934,halfplane,653.0,1095.8271604938273,3620.221863435565,0.05502789467573166,0.05566942365265187,0.007952428110167787,11448,22934.0,21871.9012345679,2912.533175161827,3089.0,2980.4444444444443,494.5822030315643,8000,2.9490712479288392,2.9002318454540448,0.22893262052199004,0.018,0.08,5.0,0.003,0.01,0.1,True,0.04,0.0008,0,True,81
0.1744532734155655,0.1748272728772811,0.02157726158536762,256,0.6007232666015625,0.5995651056737076,0.011508675048843314,50.56397247314453,44.222751805811754,4.751631426668468,17.980300903320312,18.552364985148113,0.8562353168140482,56,1.0,3.1728395061728394,12.162267214177483,170907.227735369,20.455128688367726,1416.5112226593774,0.050960897875835465,,161414.0,20.714836269196034,4.098735350160326,0.0005230031960542001,False,39369,halfplane,36186.0,35415.06172839506,3026.757843893746,0.030184278264641762,0.0298367482782514,0.0035166709808531617,32768,38436.0,37764.18518518518,4295.876780284259,643.0,737.0,333.3469997198448,8000,2.8121872539307575,2.3964018681155994,0.3205068230970414,0.018,0.08,3.5,0.01,0.003,0.01,False,0.03,0.0,0,True,31
0.0,0.003086326758802673,0.019397441271846803,256,0.0,0.006174534927179784,0.055211367528346,0.0,0.4924554236141252,3.1953583718392586,0.0,0.4924554236141252,3.1953583718392586,100,0.0,1.3209876543209877,11.269786068816238,-2159.0,-0.10634267728093942,-1632.0,-0.029719850948509492,,0.0,0.0,0.0,0.0,True,0,halfplane,0.0,404.55555555555554,3618.3430898754455,0.0,0.00011154232017787886,0.000997664841143134,0,0.0,0.12345679012345678,0.9985510001921576,0.0,0.12345679012345678,0.9985510001921576,8000,0.0,0.024691358024691357,0.15518277888859916,0.005,0.08,5.0,0.01,0.003,0.15,False,0.035,0.0008,0,True,2
0.2600764036178589,0.27020852396517625,0.034263133134116164,256,0.43572998046875,0.40323497630931715,0.08253379123455325,7.972440242767334,9.34443234808651,2.7541553571119355,7.830129146575928,9.013411003866313,2.4325177557454114,76,1.0,10.283950617283951,19.369209731612465,249472.01114826492,32.06471471117473,779185.9185782777,104.28027661245139,,34896.0,4.306734191508583,1.2220198907410005,0.00021443503159763685,False,28556,halfplane,71.0,757.074074074074,3617.9689165238533,0.04147310554981232,0.045517500030037794,0.014019262089341,3606,28556.0,26021.666666666668,6100.533206811304,7439.0,6764.037037037037,1358.6375387097253,8000,1.018174814399776,1.032124148072367,0.031236553220661534,0.018,0.08,3.5,0.01,0.003,0.15,True,0.035,0.0008,0,True,47
0.2664661407470703,0.268068778845999,0.04215572268643103,256,0.4743804931640625,0.4260996123890818,0.09154531468448829,83.23281860351562,82.21296239782262,7.001349686426326,19.323036193847656,19.719745494701243,1.0221809271599989,51,28.0,41.54320987654321,21.58591755312414,14638.81940495869,2.666522630448324,39755.615826474736,2.8648795973292285,,-2111.0,-0.1921854110207769,-0.06786844153554661,-6.011866970134685e-06,False,31089,halfplane,9637.0,7207.432098765432,8954.96458615089,0.02863694354891777,0.03074183993409445,0.008031062023953784,3607,31088.0,27509.320987654322,6745.241799520901,2184.0,2116.925925925926,625.9147730761807,8000,4.307439930522049,4.183139205498929,0.37987176373038006,0.013,0.05,3.5,0.003,0.03,0.1,True,0.03,0.0,0,True,78
0.2668452560901642,0.2796866037411454,0.0602526573299287,256,0.2813262939453125,0.24025170597029322,0.08745886452765597,6.977924823760986,11.710436149879738,6.238847911518732,6.528238773345947,8.787384474719012,2.826301159915733,91,54.0,70.22222222222223,23.371397523944136,132530.23194968555,16.814623957257535,419976.7555867315,53.39680861955946,,37380.0,6.043066395663958,2.0274079548617703,0.00032810395834345966,False,18437,halfplane,603.0,3474.8271604938273,4855.784812259087,0.03773669898509979,0.04149914343185999,0.015410004888982955,50,18434.0,15335.333333333334,5669.960474093075,9126.0,4947.3456790123455,2933.0692227922623,8000,1.068883223951836,1.2771471094074265,0.30255905019370494,0.01,0.08,3.5,0.01,0.003,0.03,False,0.03,0.0008,0,True,75
0.22312727570533752,0.22161908309768746,0.03407679054319448,256,0.224853515625,0.1966390727478781,0.049717065171445016,81.7056884765625,81.63217106571904,6.6161933164730735,19.216890335083008,19.446855309568804,0.7498152642173218,79,23.0,37.39506172839506,20.1590460118355,24639.544561797753,5.205863396959882,53058.78843740048,7.354623944703876,,-9.0,0.0009175700090334247,-0.004381479226731377,2.526713345488997e-07,False,14736,halfplane,1136.0,1292.2592592592594,3571.035022275125,0.02313126251101494,0.02627316601344465,0.006325878435931198,452,14192.0,12018.098765432098,2657.632951298135,1993.0,1699.4074074074074,452.3351149771888,8000,4.251764386536373,4.209534423362777,0.36490897580169596,0.005,0.05,3.5,0.003,0.03,0.01,False,0.035,0.0,0,True,81
0.2879796028137207,0.2824420719235032,0.03172121661968271,256,0.3863372802734375,0.38855244200906636,0.016744444766671192,53.57719421386719,54.360234248785325,3.827238691984146,16.020702362060547,16.824634210563,1.231748482452964,60,16.0,24.85185185185185,14.64232922770896,62929.60212962958,7.0983203256355365,88840.0471054992,9.904059809034043,,88.0,0.0039900632339656735,-0.008146195622527497,-3.410940056980029e-08,False,25319,halfplane,909.0,1459.530864197531,3521.5653298645743,0.04939120262861252,0.047758291808911314,0.0060201024161419935,23545,24439.0,24184.333333333332,2793.6451828046115,2745.0,2864.6296296296296,341.21726341215515,8000,3.344247403135985,3.2467530221641687,0.2568857533853198,0.018,0.05,5.0,0.003,0.03,0.01,False,0.03,0.0008,0,True,81
0.0,0.0034607637811590124,0.03095401227496302,256,0.0,0.0061892285759066355,0.055209917220113154,0.0,0.566766008918668,3.5765479206556625,0.0,0.5475440084198375,3.4697627637862025,105,0.0,1.4567901234567902,11.379046568487352,-2587.0,-0.07909847620406033,-10349.0,-0.19140871359164013,,0.0,0.0,0.0,0.0,True,0,halfplane,0.0,404.641975308642,3618.333533987207,0.0,-0.0001874172393186593,0.0016763107490874736,0,0.0,1.0864197530864197,9.606064867757269,0.0,0.7283950617283951,6.404112000159969,8000,0.0,0.025684688519937566,0.16154949376000297,0.013,0.05,3.5,0.003,0.003,0.15,False,0.04,0.0008,0,True,2
0.22247685492038727,0.2204883990832317,0.025438636490847332,256,0.3720550537109375,0.38095507209683643,0.029141376739119,84.96764373779297,83.96755632942106,6.668100756654966,19.826459884643555,19.90575580832399,0.6252676431770684,59,11.0,17.25925925925926,17.14410799538652,88330.68492156861,9.622007578784288,10900.800948994467,2.5665076148840194,,0.0,-4.539295392953931e-05,4.103405536781679e-05,2.504559488856057e-09,False,24383,halfplane,500.0,942.8518518518518,3566.6381761102,0.0056836046278476715,0.01171481386286977,0.0027714638542872174,11259,24376.0,24555.925925925927,3228.476427650626,3478.0,3216.567901234568,424.03499559374546,8000,4.285567813640651,4.228752667773729,0.36236809929312586,0.005,0.08,5.0,0.003,0.03,0.03,False,0.04,0.0,0,True,81
0.0,0.00257035347138658,0.021003249799331054,256,0.0,0.006178302529417438,0.05521096583429669,0.0,0.6002554245937017,3.77410300814382,0.0,0.5649083455403646,3.5660056922705596,106,0.0,1.3703703703703705,11.294535381876289,-2273.0,-0.08603081042715176,-2399.0,-0.05451321138211384,,0.0,0.0,0.0,0.0,True,0,halfplane,0.0,404.58024691358025,3618.3403427749886,0.0,0.00020807850416059846,0.0018611107198382843,0,0.0,0.37037037037037035,3.2027937050560684,0.0,0.3333333333333333,2.8717439962933518,8000,0.0,0.026394210302256284,0.16623863696071783,0.008,0.08,3.5,0.003,0.003,0.1,False,0.04,0.0008,0,True,2
0.21682986617088318,0.22727190693955363,0.031447211264001455,256,0.5106964111328125,0.49292821059992287,0.03492573570808592,6.45854377746582,8.70563609511764,4.393586207184309,6.319388389587402,8.006871988743912,3.009619569122918,83,1.0,7.135802469135802,18.68369136764669,207330.75253521127,28.209526394864334,1196178.603942922,156.66706486260716,,71566.0,8.597346205962062,2.138277211748185,0.0002561556271472898,False,33469,halfplane,419.0,986.4691358024692,3710.1452272211786,0.035268813371658325,0.03639832704707428,0.005233271883186943,20862,33469.0,31900.0,4237.423028908717,4779.0,4841.222222222223,823.682322197845,8000,1.022020377065344,1.059312006160068,0.11117603181080338,0.018,0.08,5.0,0.01,0.003,0.15,False,0.03,0.0008,0,True,41
0.29965585470199585,0.31176470863966294,0.041476737543759856,256,0.49420166015625,0.46542113504292054,0.07383507842227982,8.091793060302734,10.645451110086324,4.787673258581286,8.003573417663574,9.996950090667347,3.4330964020326062,88,1.0,14.679012345679013,24.18387747836844,180539.86567955808,22.244519653791848,1276561.5554715712,160.6051771881549,,33601.0,4.907663504968384,1.037452142768927,0.00025344890876575994,False,32388,halfplane,259.0,2311.4814814814813,6201.565093400355,0.03644134849309921,0.03801757299605711,0.007046369936508932,2684,32388.0,30097.16049382716,5888.303892236554,4937.0,4543.123456790124,1042.1280031176007,8000,1.0110226009633196,1.0436065625478872,0.0823081646906962,0.018,0.06,2.5,0.003,0.003,0.06,False,0.03,0.0008,0,True,50
0.2862456440925598,0.28951734046877164,0.03432350866270904,256,0.54132080078125,0.5063591474368249,0.03505663874766264,66.1594009399414,66.72391792579934,5.651861705075654,14.379888534545898,15.01392795421459,1.4849674201578664,57,45.0,48.888888888888886,21.06486161980962,15095.81053497945,3.238247572684947,0.4787379971239716,-0.008203289376775847,,1275.0,-0.6455923667570012,0.035939790280753,-2.4935720742635503e-05,False,35476,halfplane,14012.0,8615.666666666666,5592.355759272797,0.03353767842054367,0.03540516973553616,0.004741304778834162,28341,35476.0,32741.012345679013,4370.725658014394,3039.0,3387.938271604938,553.8548712540384,8000,4.600828729281768,4.498521428508579,0.5577537350343268,0.018,0.06,3.5,0.01,0.01,0.1,True,0.035,0.0,0,True,69
0.26859360933303833,0.2668748770231082,0.030995662376755048,256,0.274200439453125,0.27548839427806715,0.03188536307877119,63.75843048095703,63.28310121135947,4.38724415194417,18.11130142211914,18.34484406459479,0.8157251531341679,80,12.0,18.246913580246915,18.72710510951052,89977.11410554091,12.868486262946325,53259.65360956255,6.6087094856828275,,1.0,3.071364046973803e-05,5.564830272675181e-05,2.5270240639119957e-09,False,17970,halfplane,254.0,642.7283950617284,3605.3927202139157,0.026707297191023827,0.0373512147753327,0.009901663422822893,11024,17970.0,17649.83950617284,2356.679755093783,3565.0,3473.432098765432,583.8514299914,8000,3.5203672787979965,3.4612291907565704,0.2783917759391455,0.01,0.06,5.0,0.003,0.03,0.06,False,0.035,0.0008,0,True,81
0.3110940158367157,0.30873848663436043,0.03682518056631184,256,0.2095947265625,0.23806404773099923,0.0423625711141836,48.856143951416016,48.39063272358459,3.173941527603211,13.44434642791748,14.064502822028267,1.2967715048006527,94,25.0,38.22222222222222,15.253414918196734,27789.300908277422,2.7592244817418488,21437.618108173367,1.9424091576612603,,-1.0,-3.8617886178861805e-05,-7.280139778687023e-05,-2.697391838289222e-09,False,13736,halfplane,997.0,2968.641975308642,3599.112954187949,0.08455319702625275,0.08128065799857363,0.01119789624292775,10167,13736.0,15197.222222222223,2628.8328067653765,1197.0,1130.7407407407406,181.47079333606058,8000,3.633954571927781,3.468099174758576,0.3242044030550753,0.018,0.05,5.0,0.01,0.01,0.06,False,0.04,0.0008,0,True,81
0.0,0.0032717991206381056,0.022185115825037845,256,0.0,0.007244722342785494,0.05591956106150846,0.0,1.2326780719521604,8.680887828647464,0.0,0.5180729760064019,3.3166879024958615,118,0.0,2.308641975308642,14.570935026225499,-5280.5,-0.10550422468305104,-10096.6,-0.18049256467588937,,0.0,0.288607046070461,0.0,5.181926394169965e-05,True,0,halfplane,0.0,466.7654320987654,3654.01175868828,0.0,0.00011871456180089785,0.0010618153204236295,0,0.0,70.25925925925925,628.3061253128319,0.0,3.4691358024691357,30.917287672610293,8000,0.0,0.06681637700969863,0.4982096576156155,0.008,0.06,3.5,0.01,0.03,0.15,True,0.03,0.0,0,True,2
0.3040175437927246,0.31666613471360855,0.051589986937611035,256,0.147216796875,0.19408275462962962,0.08717394726527475,49.50031280517578,32.88704788537673,12.951943106578202,12.96359920501709,13.141676820354697,2.0067467671506902,104,42.0,48.2962962962963,19.61949423873647,26699.094892938505,2.0294664179162516,30852.99709341227,0.4729750401997775,,57.0,-0.12459598012646796,0.003332667512375931,-1.3026446611584063e-05,False,9648,halfplane,2015.0,4472.135802469136,5024.878952545079,0.08217870444059372,0.06736138003107942,0.01710363555039946,3249,9265.0,11745.851851851852,5133.261851621382,502.0,1082.4567901234568,601.4343564928292,8000,3.818407960199005,2.4628245930258226,0.8784344471943982,0.013,0.08,3.5,0.01,0.003,0.01,False,0.035,0.0008,0,True,81
0.2256823182106018,0.22544816338721616,0.03028017767950895,256,0.2020263671875,0.20583202220775462,0.05046591318562791,70.97454833984375,69.97645248601467,5.2054221253855735,16.09273338317871,16.28683713041706,1.070292036198333,96,18.0,31.604938271604937,20.83958662438394,69889.94533333334,7.77582973222391,1586.8320644246414,0.03539839734518671,,-5.0,0.0007953929539295395,-0.0003776435045317328,1.0286726344292972e-07,False,13240,halfplane,269.0,1207.716049382716,3788.865334676111,0.018433697521686554,0.02401499518043833,0.0072788836358598915,170,13240.0,13084.864197530864,2903.876220677197,2662.0,2322.6913580246915,774.3198312302401,8000,4.410347432024169,4.320646370184046,0.38351632830661864,0.005,0.05,5.0,0.01,0.03,0.1,True,0.04,0.0,0,True,81
0.19382362067699432,0.2175600129513093,0.039546640937690614,256,0.33282470703125,0.3307385856722608,0.0668906999526497,63.567806243896484,62.3628512252996,4.461340452455202,14.02430534362793,14.452159893365554,1.4150283666392867,84,1.0,44.93827160493827,36.094986375632494,259981.0850434783,29.84971986468043,0.49657064478378743,0.0011503636341088825,,34841.0,3.838295167118338,1.563110387968564,0.00015395035149440953,False,21812,halfplane,60.0,3062.0246913580245,5336.516841479125,0.030710849910974503,0.030360811677427938,0.005944350815315905,8275,21394.0,20767.765432098764,4703.146580725793,9699.0,7021.098765432099,2598.4567148381298,8000,4.5326884283880435,4.3586045544303476,0.45212769678412834,0.01,0.08,3.5,0.01,0.01,0.01,False,0.03,0.0,0,True,77
0.2219364047050476,0.22856303442407538,0.036820737119680966,256,0.3730010986328125,0.37171220190731097,0.07280555780167278,70.50664520263672,67.51810087981048,5.561923780724725,15.915038108825684,16.30557761957616,1.2051142589706776,82,1.0,17.85185185185185,33.43248627526756,239746.0349836066,34.6007986678532,0.5116598079912364,-0.042282528473572764,,29996.0,3.542532746160795,1.2270812026999387,0.00014448778263153776,False,24445,halfplane,68.0,2560.259259259259,7191.214924703507,0.03496253117918968,0.03506967151698507,0.008177028155670093,7259,24445.0,23955.456790123455,5391.389598581099,9176.0,8013.037037037037,2428.1363144583174,8000,4.430190222949478,4.17476760689968,0.4707549907616759,0.013,0.08,2.5,0.01,0.01,0.15,True,0.035,0.0,0,True,43
0.2241467386484146,0.23520776978981348,0.037477181094556916,256,0.5000457763671875,0.4951326346691744,0.026612283239727103,7.719416618347168,9.460811073397412,3.412595029328786,7.65031623840332,9.12032170943272,2.761661054029729,102,1.0,8.876543209876543,24.139707934474128,234932.89788235293,33.88344386973975,1115160.7268700073,149.82189369757955,,54954.0,6.2492238030713665,1.677899197122839,0.00018736090624725462,False,32771,halfplane,214.0,2246.5308641975307,7300.664524271814,0.036116279661655426,0.03773200378557782,0.009796286051401582,29418,32759.0,32034.20987654321,3982.771417722636,5144.0,5272.086419753086,1074.7300803541539,8000,1.0090323761862623,1.0270540477044523,0.050024450112641075,0.018,0.08,3.5,0.01,0.003,0.03,False,0.03,0.0008,0,True,58
0.0,0.0034878014782328665,0.031195844789411783,256,0.0,0.0065706983024691355,0.05528170853247361,0.0,1.395178618254485,10.069510315773421,0.0,0.5724384402051385,3.6090217762067507,121,0.0,2.8395061728395063,17.962551435615218,-4135.0,-0.09155905309321903,-12299.5,-0.222932462611663,,0.0,0.288607046070461,0.0,0.00014180552061537313,True,0,halfplane,0.0,410.85185185185185,3618.079099897327,0.0,0.0001926520080478103,0.001723131943986962,0,0.0,25.296296296296298,226.14517594582136,0.0,2.0617283950617282,18.32918854090945,8000,0.0,0.06319561354283577,0.4666850936375147,0.013,0.06,2.5,0.003,0.03,0.01,False,0.04,0.0,0,True,2
0.0,0.003033201175707358,0.02251746748793414,256,0.0,0.006458235375675155,0.05523865009128523,0.0,1.1797009691779996,8.23301891415859,0.0,0.517613375628436,3.314410734107565,122,0.0,2.8395061728395063,17.962551435615218,-3558.0,-0.07755820301037397,-7470.25,-0.13410910336771237,,0.0,0.288607046070461,0.0,0.00019249277326106615,True,0,halfplane,0.0,409.7654320987654,3618.062076843276,0.0,0.00012969692456133572,0.0011600445591672351,0,0.0,18.71604938271605,167.28966779898224,0.0,1.308641975308642,11.593572053969552,8000,0.0,0.0638063806380638,0.4719946329768192,0.008,0.06,3.5,0.01,0.01,0.1,False,0.04,0.0,0,True,2
0.0,0.0023499722305087394,0.019778417875442572,256,0.0,0.0061737814067322535,0.05521145033495876,0.0,0.560493822450991,3.541140161493243,0.0,0.4660493827160494,3.0831464123571046,123,0.0,1.271604938271605,11.262318189627749,-1962.0,-0.2741688346883477,-2547.0,-0.04592547425474254,,0.0,0.0,0.0,0.0,True,0,halfplane,0.0,404.55555555555554,3618.3430898754455,0.0,-8.565588727777387e-05,0.0007661295465046474,0,0.0,0.07407407407407407,0.561694477337152,0.0,0.07407407407407407,0.561694477337152,8000,0.0,0.03209876543209877,0.20717211815706693,0.008,0.06,3.5,0.01,0.03,0.03,True,0.04,0.0008,0,True,2
0.0,0.002776834883807618,0.02483676624994625,256,0.0,0.006176795488522377,0.05521112404409905,0.0,0.5972957140133704,3.7560999271934903,0.0,0.5251322852240669,3.35210349825312,124,0.0,1.3333333333333333,11.274356350191841,-2625.0,-0.21192012947907263,-1441.0,-0.04132786014134657,,0.0,0.0,0.0,0.0,True,0,halfplane,0.0,404.55555555555554,3618.3430898754455,0.0,0.00012255334697755765,0.0010961504588477495,0,0.0,0.2716049382716049,2.3201338066937582,0.0,0.2716049382716049,2.3201338066937582,8000,0.0,0.028806584362139915,0.18293095284685487,0.01,0.08,3.5,0.003,0.01,0.06,False,0.035,0.0008,0,True,2
0.23306572437286377,0.24977043878149102,0.037850472666473574,256,0.4839019775390625,0.4418487548828125,0.08458813531238203,9.086021423339844,11.866603757128303,3.8281003631653308,9.044950485229492,11.557785363844884,3.178721037516028,110,1.0,9.975308641975309,22.570042041260056,275696.5412380952,37.71293134602522,1291673.2528835565,178.92735717802327,,42896.0,5.098695573622404,1.352631412985211,0.00015469568172912988,False,31713,halfplane,139.0,763.1975308641976,3633.7141404916156,0.037302251905202866,0.04033452162036189,0.00813545505468931,5056,31713.0,28552.283950617282,6382.98672927014,6260.0,6216.827160493827,1085.0391218994969,8000,1.0045407246239713,1.0192027300124222,0.047720149919310874,0.018,0.08,2.5,0.003,0.003,0.1,True,0.03,0.0008,0,True,48
0.2286624014377594,0.24061963771596367,0.03849265955093141,256,0.4916534423828125,0.47160961009837965,0.04654090165412109,8.249836921691895,11.218927948563188,6.452411063665267,7.488463878631592,9.068882229887409,2.8708251967981044,108,1.0,8.777777777777779,22.79159472532488,235828.89316666662,32.93301153391544,346359.4948803978,48.05856896082963,,78306.0,8.894849141824755,2.4356324472289463,0.0002639510248058698,False,32221,halfplane,144.0,1192.7283950617284,5003.326384904854,0.03730572387576103,0.03874130639029138,0.008381007231160963,14747,32141.0,30442.913580246914,4554.594159252237,5498.0,5409.641975308642,945.8938852686863,8000,1.1016728220725613,1.187455233857625,0.22262394839075852,0.018,0.08,3.5,0.01,0.03,0.03,True,0.03,0.0008,0,True,59
0.0,0.0032133615495246134,0.027044395281185584,256,0.0,0.007100046416859568,0.05572832151642559,0.0,0.8822244243857301,5.795383709881878,0.0,0.5201948189441069,3.3272465779875904,126,0.0,2.8395061728395063,17.962551435615218,-5041.0,-0.09934542776054894,-8875.0,-0.15913083841869582,,0.0,0.288607046070461,0.0,5.951058327212195e-05,True,0,halfplane,0.0,459.4567901234568,3645.4392004506517,0.0,0.00014431403236992566,0.001290783945945035,0,0.0,60.77777777777778,543.5011783466504,0.0,3.45679012345679,30.80686526930942,8000,0.0,0.0458184718647945,0.31780655030552707,0.01,0.06,3.5,0.01,0.003,0.15,True,0.035,0.0,0,True,2
0.17273150384426117,0.17431070811954547,0.021720274158618307,256,0.599945068359375,0.5995219666280864,0.011785913727170446,69.82158660888672,62.90801846539533,6.80810563725231,17.4848575592041,18.018495041647075,0.9033619584193827,73,1.0,3.1728395061728394,12.117521365195525,149273.06447524752,20.948828733946957,0.5034293553326279,-0.010322934181607048,,181917.0,14.350277326106589,4.580865837316667,0.0003512597054508243,False,39318,halfplane,36589.0,35394.48148148148,3345.2405147476193,0.03023827075958252,0.02978188963032063,0.00357408077191226,32768,38210.0,37556.82716049383,4283.512752518744,581.0,733.8271604938271,351.81405688279744,8000,3.993260084439697,3.512634496936662,0.4656918939577172,0.018,0.08,3.5,0.01,0.01,0.01,True,0.03,0.0,0,True,42
0.378822922706604,0.36172746269055356,0.047245370996968454,256,0.208465576171875,0.19162778501157407,0.050818729025508026,52.590030670166016,50.90284780808437,5.084353862579635,14.82329273223877,14.513757022810571,1.253908799139061,113,25.0,36.03703703703704,14.744276516203927,26494.83553424658,3.321814694701019,13466.997682631365,3.456366000930514,,213.0,-0.007176829268292677,0.00432245425269584,-1.1061354287429848e-06,False,13662,halfplane,1168.0,2410.8024691358023,3506.4505123485574,0.0849275141954422,0.07977066924910486,0.012030963211590497,81,13100.0,11641.62962962963,2688.7758903917065,1343.0,1155.2345679012346,236.01910738746088,8000,3.547796808666374,3.5291133779729957,0.3924421173811424,0.018,0.05,2.5,0.01,0.03,0.01,True,0.035,0.0008,0,True,80
0.22392061352729797,0.22165327215636219,0.025511080661537375,256,0.4219207763671875,0.42275228618103783,0.023765610167631603,80.80029296875,79.7031908388491,6.312890635546337,18.071884155273438,18.138941517582648,0.9812075048997227,86,10.0,18.271604938271604,15.367925830695352,61602.860520547954,6.275766974849933,4509.844465984264,0.4645591672850283,,-6.0,0.28841734417344134,3.6343099037550175e-05,1.802916425758161e-05,False,27651,halfplane,1832.0,1799.3827160493827,3492.6758731326604,0.008558668196201324,0.010936755336315176,0.002325909138127024,16012,27634.0,27289.41975308642,3378.2902859147716,2705.0,2563.0123456790125,319.3357880454312,8000,4.4710498716140465,4.414304480176214,0.4074534371698394,0.005,0.05,5.0,0.003,0.01,0.03,True,0.03,0.0,0,True,81
0.0,0.0030549141013546397,0.027220750347106807,256,0.0,0.006486492392457562,0.055247749260110696,0.0,0.879612957989728,5.77485647743914,0.0,0.5409652097725574,3.4344296370060614,131,0.0,2.8395061728395063,17.962551435615218,-3843.5,-0.08333391562102649,-5881.5,-0.1064054861644258,,0.0,0.288607046070461,0.0,0.0001749934302373329,True,0,halfplane,0.0,417.7283950617284,3618.792155812696,0.0,0.0001435849102742878,0.0012842624796660625,0,0.0,20.567901234567902,183.8531310162655,0.0,1.8518518518518519,16.452033617486073,8000,0.0,0.04268713157602047,0.291706001048537,0.01,0.05,3.5,0.01,0.003,0.03,False,0.04,0.0,0,True,2
0.27371421456336975,0.2644895753006876,0.029932835371316996,256,0.5410919189453125,0.5303470941237461,0.018899964174868198,66.87448120117188,64.16305494897159,7.079891795239234,14.221163749694824,14.760737737019857,1.4393695696650362,78,28.0,32.60493827160494,15.46376011350543,10147.89202036662,2.075558533221409,0.4993141288869083,0.005599796204912196,,-1831.0,0.5024209575429093,-0.05163418967316202,1.3767957111097146e-05,False,35461,halfplane,8082.0,13094.827160493827,5551.176202336381,0.03625423088669777,0.03410281601971314,0.004083094767195575,28179,35461.0,34352.07407407407,4029.395720335276,1916.0,2009.2469135802469,337.5244126832024,8000,4.702461859507628,4.405114128705763,0.6435592204600303,0.018,0.05,5.0,0.01,0.003,0.06,False,0.035,0.0,0,True,79
0.2602289319038391,0.2594889135640345,0.029527573813321124,256,0.3669586181640625,0.36817348150559415,0.02666315278824492,69.70684814453125,67.42767159732772,4.960820141047095,15.244946479797363,15.0725847762308,1.201703297536613,99,18.0,35.333333333333336,18.59045287968007,25924.924547008588,3.2284244514986926,0.4979423868935555,0.0672367085751277,,-118.0,0.28474683830171577,-0.005199703547828838,1.538260832012317e-05,False,24049,halfplane,1831.0,2769.395061728395,3590.479584456005,0.03745691850781441,0.03597840751854726,0.004900420620641501,18587,24047.0,23717.11111111111,3024.947868135627,2181.0,2085.0123456790125,264.6108483833422,8000,4.572456235186494,4.506718562625208,0.4249464669144821,0.013,0.05,5.0,0.01,0.01,0.03,True,0.04,0.0,0,True,81
0.20839373767375946,0.2136570781837275,0.028641041878999476,256,0.2707977294921875,0.2736358642578125,0.04731276716829339,71.13394165039062,68.35838680502809,5.056882191684772,15.18474292755127,15.321577649057648,1.119182759146825,107,22.0,25.82716049382716,16.44353610363433,87456.04684210528,8.552778120579092,0.4979423867771402,0.0007929990882864135,,11.0,0.2917739385727186,0.000619823068687575,0.00010128319648853107,False,17747,halfplane,301.0,1109.4938271604938,4150.060892379258,0.017015326768159866,0.018063718918710947,0.0035083997777382698,2866,17747.0,17528.46913580247,3271.6146317117054,3350.0,3161.222222222222,713.3671677680314,8000,4.684566405589677,4.490685697578158,0.40880420912863485,0.005,0.06,5.0,0.01,0.01,0.15,False,0.03,0.0,0,True,81
0.0,0.003014995161742892,0.018747919066045057,256,0.0,0.006793928735050155,0.05542118894139587,0.0,1.3071104449990354,9.314483010319275,0.0,0.5720823311511382,3.6069707092102696,136,0.0,2.8395061728395063,17.962551435615218,-4581.0,-0.09543779974242882,-928366.5,-16.56485210862377,,0.0,0.288607046070461,0.0,8.871948099278373e-05,True,0,halfplane,0.0,417.679012345679,3618.7833090291083,0.0,7.591533969029969e-05,0.0006790074403299916,0,0.0,40.71604938271605,364.0636301245353,0.0,2.9012345679012346,25.837863372597727,8000,0.0,0.05913718794115114,0.4315014970418429,0.005,0.05,3.5,0.003,0.01,0.06,False,0.03,0.0,0,True,2
0.23390451073646545,0.23346022249739848,0.026296691017849694,256,0.616729736328125,0.5975882447796104,0.020727917839714824,83.00408172607422,83.66245542926553,6.681209598721356,19.842548370361328,19.941974216037327,0.7009288319777408,71,15.0,23.864197530864196,13.080711543318277,10066.264747967478,2.3476257136674823,30142.731031258823,3.7295609831975236,,-808.0,0.2665596205962059,-0.019991093077341926,6.726518728652467e-06,False,40418,halfplane,28777.0,29607.765432098764,5735.880737416599,0.03015115298330784,0.030395031113315513,0.0036181835999053525,30639,40418.0,38758.71604938272,4484.665924038963,1408.0,1516.2592592592594,305.1217032141287,8000,4.183136226433767,4.206582543975992,0.3664329475927157,0.018,0.05,5.0,0.003,0.03,0.06,True,0.035,0.0,0,True,80
0.0,0.0660739614409797,0.12407304078333833,256,0.0,0.022444736810378087,0.06838573835297651,0.0,7.637053360173732,13.412204856322703,0.0,3.86121400197347,6.207837215992112,134,0.0,12.864197530864198,22.670889087337624,-23784.0,-11.426236028184915,-43673.0,-8.492693216396042,,0.0,-0.0005194218608852757,0.0,-1.8198768130244748e-05,True,0,halfplane,0.0,974.9629629629629,3894.119379188188,0.0,0.019455947418823654,0.029839697683281634,0,0.0,1018.358024691358,2677.222576415747,0.0,40.46913580246913,100.17627505771188,8000,0.0,0.6419969489416085,0.9726507612288264,0.01,0.05,3.5,0.01,0.003,0.01,False,0.035,0.0008,0,True,26
0.2609877586364746,0.25953976313273114,0.02997351937973631,256,0.3349609375,0.3387688530815972,0.04016115371180789,39.40834426879883,38.397466306333186,1.890355291975958,16.589487075805664,17.47752540494189,1.1298463648158519,111,8.0,19.77777777777778,17.808307119688155,84695.43183084577,8.900834806406897,59382.25083465234,8.908168212693154,,-1.0,-4.5167118337850157e-07,-4.555393586014311e-05,-3.1145390853682693e-10,False,21952,halfplane,331.0,844.5185185185185,3579.277149973683,0.0326479934155941,0.02964661247384401,0.00884553606129235,9285,21952.0,21797.0,3386.757307769247,3327.0,3095.2098765432097,576.6525306777226,8000,2.3755010932944605,2.2067156861108943,0.1674397904550237,0.01,0.05,5.0,0.003,0.003,0.1,False,0.03,0.0008,0,True,81
0.18496356904506683,0.18566940191351336,0.02257461724021134,256,0.4346160888671875,0.4335449595510224,0.018193300068876726,42.680511474609375,39.241627304642286,2.6331395981765535,20.06220054626465,20.474751908102153,0.5658955079742759,115,1.0,5.814814814814815,21.182400749417337,326781.3026206896,43.65639699049358,7360.993072702317,0.3175000514750223,,68619.0,6.343648825654924,2.408964470195004,0.00022076254343343974,False,28483,halfplane,63.0,976.0,4485.672246851394,0.030191462486982346,0.029554397971541795,0.0034576651341287836,19961,28483.0,27958.777777777777,3341.858479763234,8066.0,7907.222222222223,1160.2408860147304,8000,2.127409331882175,1.920549271590747,0.16095045390856033,0.013,0.08,2.5,0.01,0.003,0.1,False,0.03,0.0,0,True,20
0.2390177696943283,0.24920207262039185,0.035140041468455716,256,0.37176513671875,0.37130982198832946,0.05314666864225247,72.14012145996094,75.83237711588542,7.127377473851605,17.052371978759766,18.377145461094234,1.4795073404009698,109,22.0,35.93827160493827,21.574073190978275,65986.65117647056,9.490755692767705,10872.994109689957,-0.8557969820367127,,11651.0,1.3018940831074979,0.4782055491709081,4.643030793298648e-05,False,24364,halfplane,535.0,3627.074074074074,6264.031045004857,0.03379647806286812,0.03441432352971147,0.005588099424652319,7462,24364.0,23922.493827160495,4316.355985168813,6556.0,4589.901234567901,1865.3393270555907,8000,4.230504022328025,4.145213739241317,0.366007056458884,0.013,0.08,3.5,0.003,0.03,0.15,False,0.035,0.0,0,True,73
0.0,0.00330101361095454,0.020738606435968858,256,0.0,0.00645239559220679,0.055236913601616255,0.0,0.6778726224546079,4.277776411242259,0.0,0.5817916540451992,3.663473537573875,142,0.0,2.8395061728395063,17.962551435615218,-2590.0,-0.05557496838301709,-9680.0,-0.17485094223627395,,0.0,0.288607046070461,0.0,0.00019502856515051718,True,0,halfplane,0.0,409.1975308641975,3618.063565083062,0.0,0.00018404640349341028,0.0016461610769024802,0,0.0,18.333333333333332,163.86655215015733,0.0,2.54320987654321,22.63562655851816,8000,0.0,0.02903397557485608,0.1845566197390014,0.005,0.06,2.5,0.003,0.003,0.1,True,0.04,0.0008,0,True,2
0.2092437595129013,0.20619021006572394,0.02314695726595402,256,0.4835052490234375,0.4691650013864776,0.023565248412586396,84.17278289794922,83.81260153688031,6.641535538886856,19.809736251831055,19.972925421632368,0.6547876792312789,97,34.0,19.34567901234568,15.41857184930808,57774.362483221455,6.592889706104624,23133.454540926265,2.1853801284540757,,25.0,0.2890338753387535,0.0005994454378386305,1.5737085225831836e-05,False,31687,halfplane,2390.0,2815.5555555555557,3568.274632347103,0.01780695468187332,0.016427421240986867,0.0024839716597238716,18375,31677.0,30335.48148148148,3719.58817284696,2634.0,2713.283950617284,318.6826369223003,8000,4.249061129169691,4.207052174082281,0.3623670370284299,0.008,0.08,5.0,0.003,0.03,0.03,False,0.03,0.0,0,True,81
0.0,0.002782459244316007,0.01748769136119993,256,0.0,0.006173404646508488,0.0552114920467375,0.0,0.5720164687545212,3.6065915446328836,0.0,0.5061728395061729,3.258885126300527,145,0.0,1.271604938271605,11.262318189627749,-1966.0,-0.22975835591689295,-9098.0,-0.16339792231255587,,0.0,0.0,0.0,0.0,True,0,halfplane,0.0,404.55555555555554,3618.3430898754455,0.0,3.0056536082684257e-05,0.000268833831396229,0,0.0,0.04938271604938271,0.34787661243470064,0.0,0.04938271604938271,0.34787661243470064,8000,0.0,0.028806584362139915,0.18293095284685487,0.005,0.05,3.5,0.003,0.01,0.06,False,0.04,0.0008,0,True,2
0.2378596067428589,0.2332359223086157,0.026415943189782635,256,0.3485565185546875,0.3545519039954668,0.022157965111273742,67.90264129638672,66.85191232186777,6.547282107881083,14.528305053710938,14.8049216211578,1.284500765305502,112,14.0,25.679012345679013,16.34264825880306,53117.87932110095,5.417828802461226,0.49931412911973894,0.03578583472859414,,-97.0,0.2880280036133696,-0.004423448982128209,1.586758707086872e-05,False,22843,halfplane,587.0,1476.3456790123457,3602.8215148908416,0.024999013170599937,0.022488410481148295,0.0030643353025369066,18143,22839.0,22825.604938271605,2735.7793512527733,2789.0,2889.0123456790125,352.0210253901321,8000,4.673816924221862,4.561922418301662,0.5753024104859441,0.008,0.05,5.0,0.01,0.003,0.03,False,0.03,0.0,0,True,81
0.2761523127555847,0.2761494051895024,0.031981932206021926,256,0.6000823974609375,0.5974750283323689,0.017550419201031103,90.71167755126953,89.78200135407624,8.894980765109418,20.414525985717773,21.343086996196227,0.8611351109164705,85,9.0,18.604938271604937,22.27475956963573,49706.13749460038,6.307563882283322,9938.494460999966,-4.663116828455076,,18735.0,0.8435291327913277,0.47639026622930825,1.8622037496263322e-05,False,39327,halfplane,12314.0,24001.14814814815,6035.757620392506,0.02957816608250141,0.029808249600507594,0.0035001829543925824,32768,39327.0,38625.92592592593,4471.693721092018,1680.0,1658.962962962963,354.14342649482063,8000,4.443486663106771,4.223763486252559,0.4929868038287016,0.018,0.05,2.5,0.003,0.03,0.15,False,0.03,0.0,0,True,35
0.22628511488437653,0.2255243318684307,0.025439289741628023,256,0.4682769775390625,0.4662445445119599,0.016953320021219107,85.6234130859375,83.62574297116126,6.6129897443614425,19.938817977905273,19.92629470354245,0.651396442620875,101,24.0,20.395061728395063,13.891714390236121,45246.562958424445,5.681632466153145,29915.027483007405,2.7477910835543478,,-21.0,0.2890715898825646,-0.0006842842712371233,1.0664078565035889e-05,False,30689,halfplane,1021.0,2983.7654320987654,3881.7916166191153,0.023216886445879936,0.027715177401716327,0.0037580450482195635,23022,30689.0,30151.185185185186,3540.650230130929,2650.0,2593.5925925925926,357.56207361567334,8000,4.294307406562612,4.207557142322609,0.3621090089070101,0.013,0.08,5.0,0.003,0.03,0.1,True,0.04,0.0,0,True,81
0.2696065902709961,0.2664742686866242,0.03050437618691168,256,0.254364013671875,0.2547437879774306,0.04433023184771449,68.17186737060547,67.25037384033203,4.832771102044357,18.614965438842773,18.819617754147377,0.7536997321543729,120,18.0,17.91358024691358,16.434078963524634,130065.3098258258,15.106062166169966,44789.46313822991,5.834674353112061,,-1.0,-2.935862691960252e-06,-5.998800239948032e-05,1.2745452513217823e-08,False,16670,halfplane,103.0,632.2592592592592,3614.9845064906367,0.035134878009557724,0.0322252454949014,0.010932278725628748,1484,16670.0,16290.197530864198,2920.207545557286,3626.0,3433.1604938271603,702.2126310313729,8000,3.6622075584883023,3.5843760749956304,0.29273022685835065,0.008,0.05,5.0,0.003,0.03,0.06,True,0.04,0.0008,0,True,81
0.3222683370113373,0.3276226215156508,0.047048926919673,256,0.15533447265625,0.2105528278115355,0.09271555045545166,50.621612548828125,35.402016745673286,16.18644227112556,12.559173583984375,12.68089227323179,2.2972068894954085,135,34.0,50.888888888888886,21.92692690407824,27495.891156462574,2.7874945823607984,27324.778186642798,0.13150313618233206,,44.0,0.09527777777777778,0.003832623976209648,0.00042325264751013513,False,10180,halfplane,3624.0,5705.83950617284,6059.0029197590875,0.07933559268712997,0.06214098372485167,0.01775216707373515,665,10174.0,13387.407407407407,5884.815693596483,431.0,1174.679012345679,849.3181553844773,8000,4.0306483300589395,2.7304817501563594,1.1369423086417099,0.013,0.06,3.5,0.01,0.003,0.03,True,0.03,0.0008,0,True,81
0.2303486466407776,0.25443305332719546,0.05124985489454908,256,0.0677337646484375,0.07854169680748457,0.056754243133160874,55.20500183105469,52.93332917013286,4.122358808080659,14.615315437316895,14.563199514224205,1.3230986689564033,140,90.0,54.50617283950617,18.26291084447757,32176.544303724935,3.848578578706322,21065.251384047122,2.2302051170032127,,4.0,0.0004568654019873533,0.0009011038522188652,-7.098874789442403e-08,False,4439,halfplane,572.0,1250.5432098765432,3650.7934130034255,0.05621860548853874,0.06702362689086133,0.017857261995205896,320,4439.0,4742.765432098766,2139.8758719717916,823.0,660.7654320987655,275.4078130634972,8000,3.77720207253886,3.6602284834047074,0.3318504207102402,0.005,0.08,5.0,0.01,0.03,0.06,False,0.035,0.0008,0,True,81
0.31266719102859497,0.31994856470896876,0.08206201648224976,256,0.170440673828125,0.21168875988618827,0.14554815253650727,60.005104064941406,62.758210452986354,6.610069220753371,14.206981658935547,14.233615474936403,1.434211327406442,129,85.0,65.8641975308642,21.320455074949898,12943.095261146518,2.6621513777288883,17478.598421525094,5.833107127955023,,-545.0,0.28588008130081305,-0.048813255709807324,4.668745989787443e-05,False,11170,halfplane,9152.0,10360.864197530864,8524.961332598432,0.023603660985827446,0.0439959786326429,0.02427940751392648,56,11165.0,13464.901234567902,9420.134407844207,522.0,372.4567901234568,225.69612748132624,8000,4.223634735899731,4.444820193044142,0.49526819594704197,0.01,0.06,2.5,0.01,0.01,0.03,False,0.035,0.0,0,True,81
0.0,0.0026970591718032035,0.021529587537016722,256,0.0,0.006195256739486883,0.05520941271321919,0.0,0.5479821570125627,3.4721386013716735,0.0,0.5037206131734966,3.2472795687510407,148,0.0,1.9382716049382716,12.72922726021812,-2810.0,-0.09531616982836492,-1930.0,-0.036585429469318184,,0.0,0.0,0.0,0.0,True,0,halfplane,0.0,404.641975308642,3618.333533987207,0.0,9.49431049786968e-05,0.0008491969469090593,0,0.0,1.4814814814814814,13.139433731819151,0.0,1.0864197530864197,9.606064867757269,8000,0.0,0.027492478472870632,0.17370466569856577,0.008,0.08,3.5,0.01,0.003,0.1,False,0.035,0.0008,0,True,2
0.0,0.002415072402836364,0.015179042627354896,256,0.0,0.006175100067515432,0.05521130596321496,0.0,0.6368312835693359,4.004355289627874,0.0,0.5547839506172839,3.5093759820756714,152,0.0,1.3333333333333333,11.274356350191841,-2342.0,-0.3594039916440835,-6219.0,-0.11605945121951249,,0.0,0.0,0.0,0.0,True,0,halfplane,0.0,404.5679012345679,3618.3417146405527,0.0,6.3781890972161e-05,0.0005704825757889286,0,0.0,0.16049382716049382,1.3282940895123716,0.0,0.14814814814814814,1.2182877187702614,8000,0.0,0.028806584362139915,0.18293095284685487,0.005,0.06,2.5,0.003,0.03,0.01,False,0.03,0.0008,0,True,2
0.3158242702484131,0.3267809155362624,0.052774656151291816,256,0.077667236328125,0.09420757529176312,0.05149739839054345,53.84047317504883,52.64620477181894,4.207040754406841,14.297907829284668,14.712967978583443,1.3028814298585376,144,71.0,53.54320987654321,18.333029884839576,32869.92116483516,3.2813197602706867,46102.221035274415,4.743516219355369,,25.0,0.2878498193315265,0.004911591355599265,0.00010262987547682729,False,5090,halfplane,481.0,1360.4567901234568,3531.0584152748766,0.08667437732219696,0.07497782517730454,0.011820729080456508,211,5090.0,5769.456790123457,1722.0906333197086,437.0,565.283950617284,155.99123389171356,8000,3.7656188605108056,3.603123301935623,0.337862236370356,0.008,0.06,2.5,0.01,0.03,0.15,False,0.03,0.0008,0,True,81
0.22363810241222382,0.22185084481298187,0.025287689829472347,256,0.4465789794921875,0.4464263916015625,0.022522915558102128,76.27122497558594,72.91619237263997,6.4065219911845,16.233455657958984,16.574846809293017,1.337207509893165,114,20.0,22.123456790123456,13.324425465157137,60625.23795475118,6.25032957330595,1384.3885233423207,0.3001771626953308,,-11.0,-0.00018315266485998134,-0.0091889078275178,-1.9935442036939005e-07,False,29267,halfplane,1788.0,2680.222222222222,3500.9115532534815,0.009340019896626472,0.009687870907608741,0.00228071602827528,17868,28201.0,27805.654320987655,3399.2296736662533,2368.0,2309.4074074074074,297.7554211250029,8000,4.698397512556805,4.4402658379051765,0.5211383451544156,0.005,0.05,5.0,0.003,0.003,0.01,False,0.03,0.0,0,True,81
0.23714540898799896,0.2322177666204947,0.026233871604036483,256,0.5632476806640625,0.5673095326364777,0.015606943786259899,71.49676513671875,71.86109133119936,6.59357498349127,16.228500366210938,16.592932077101718,1.514892866183353,103,24.0,25.691358024691358,15.11245253466687,18251.123525773175,2.9804684195329116,6371.0316237572115,0.3547419506507065,,-193.0,0.2855230352303517,-0.00726400559365592,7.1069548068857225e-06,False,36913,halfplane,15775.0,19030.777777777777,6681.9109061723275,0.031479328870773315,0.03129750669554428,0.0038442093143709645,32768,35274.0,35127.08641975309,4017.287965464997,1744.0,1747.2469135802469,213.32144242695338,8000,4.405629453038225,4.380491158569612,0.5621249237530455,0.018,0.06,5.0,0.003,0.003,0.01,True,0.04,0.0,0,True,81
0.2527320683002472,0.2525506602761186,0.028297306687097203,256,0.339385986328125,0.35126128020109953,0.026939621565054948,36.76814270019531,37.54137858638057,1.6039884202398227,17.733476638793945,17.782029964305735,1.0191339730270876,127,13.0,19.62962962962963,17.49387507943636,79477.70575609757,9.2623791963056,76373.07540213014,8.95008567147778,,0.0,0.28866802168021666,-0.00017997747477904724,2.0265721633149856e-05,False,22242,halfplane,286.0,865.604938271605,3570.1240172082557,0.024072550237178802,0.028176021428755773,0.004279818544986174,14247,22236.0,22607.88888888889,2883.787542901279,3330.0,3180.2345679012346,437.9565983233233,8000,2.073374696520097,2.119420129880501,0.15006485624006208,0.01,0.06,5.0,0.003,0.003,0.03,False,0.03,0.0008,0,True,81
0.251470148563385,0.25626787340935364,0.031448963113732416,256,0.433197021484375,0.44166282371238424,0.041779431770864996,68.54444885253906,70.1639237580476,8.367051415175334,15.595263481140137,16.509011044914338,1.878783814719544,116,38.0,33.81481481481482,21.50860356775498,44717.51076923078,4.923491555841736,3335.5700050755404,-0.3389812248925285,,350.0,-0.06493541102077688,0.01232828460725588,-7.479104310019853e-06,False,28390,halfplane,1477.0,3948.6666666666665,6070.404939001745,0.0286210086196661,0.02945752260217696,0.00437679369028791,15469,28390.0,28519.037037037036,4240.2006778868035,3831.0,3297.901234567901,715.0038004723008,8000,4.395209580838324,4.332911224991541,0.7396277978523522,0.013,0.06,3.5,0.003,0.003,0.15,True,0.03,0.0,0,True,70
0.0,0.0029782223271602698,0.018689484168941336,256,0.0,0.0063842019917052465,0.055220289026218,0.0,1.0637419900776428,7.264210967331378,0.0,0.5662346357180749,3.5735276680712618,154,0.0,2.8395061728395063,17.962551435615218,-2286.5,-0.05491031451981189,-16549.5,-0.36653930030880455,,0.0,0.0,0.0,0.0,True,0,halfplane,0.0,407.44444444444446,3618.113143069103,0.0,0.0002718164505046091,0.002431200242924052,0,0.0,13.864197530864198,123.89339833212252,0.0,2.7777777777777777,24.73364280529161,8000,0.0,0.048535463568143304,0.34069888287220734,0.005,0.06,2.5,0.003,0.03,0.06,True,0.03,0.0008,0,True,2
0.23697282373905182,0.2339921452013063,0.032445670673114706,256,0.3893280029296875,0.359805448555652,0.05491442630229232,81.67423248291016,80.06485267921731,6.325231261826163,18.12039566040039,18.151126013861763,0.986496784187778,119,9.0,17.246913580246915,16.02045826643563,63481.732936768094,8.261293661930393,4121.355485267937,0.5110333823259443,,0.0,2.7100271002710043e-06,0.0,3.3335463725514126e-09,False,25515,halfplane,552.0,1043.9382716049383,3636.0860599958,0.011656956747174263,0.012625234351022007,0.004956581875638196,872,25515.0,23175.64197530864,4313.926243835239,3095.0,2869.7654320987654,607.7180200483443,8000,4.507309425827945,4.430886734816462,0.4041791503391949,0.005,0.05,5.0,0.003,0.01,0.1,True,0.04,0.0,0,True,81
0.0,0.0039151134314360445,0.035017839089253835,256,0.0,0.00682275089216821,0.05544441354123242,0.0,1.1622830614631559,8.086414464359814,0.0,0.5186734847080561,3.3196685420633707,155,0.0,2.8395061728395063,17.962551435615218,-4143.0,-0.08501991869918699,-8390.333333333334,-0.15026757317992956,,0.0,0.288607046070461,0.0,8.465658565170497e-05,True,0,halfplane,0.0,443.5308641975309,3630.7678645273413,0.0,0.0001830146935434989,0.0016369331825782218,0,0.0,42.60493827160494,380.9583652119956,0.0,2.049382716049383,18.218767446599713,8000,0.0,0.06252281266774021,0.4608404289990602,0.013,0.05,3.5,0.01,0.01,0.15,False,0.04,0.0,0,True,2
0.23441319167613983,0.233469757400913,0.02677112612975031,256,0.303863525390625,0.3050736792293596,0.030256377232541584,67.65536499023438,67.15310852615922,6.432152660257006,14.616801261901855,14.755521409305526,1.2614974287419816,125,14.0,28.80246913580247,17.943271205599313,43759.74220045563,5.9871484408593885,0.4993141288869083,0.05463380464661527,,-27.0,0.2895031616982827,-0.0013558300692979586,2.855796804007199e-05,False,19914,halfplane,855.0,1268.7654320987654,3720.2132265705877,0.02519066445529461,0.026440874293998436,0.004223042376484281,10133,19914.0,19588.74074074074,2586.088188358978,2917.0,2898.1481481481483,478.7323309729487,8000,4.628602992869338,4.594556993902379,0.5550398186420985,0.008,0.06,5.0,0.01,0.003,0.06,False,0.035,0.0,0,True,81
0.0,0.002779827403611745,0.01745879886286938,256,0.0,0.006463133258584105,0.05524014454222593,0.0,1.1194190508053627,7.727164235969257,0.0,0.5253648640197001,3.3532841800482887,156,0.0,2.8395061728395063,17.962551435615218,-3451.0,-0.08025613777827276,-5992.333333333333,-0.10788455656716356,,0.0,0.288607046070461,0.0,0.00019213041476383544,True,0,halfplane,0.0,409.58024691358025,3618.061778588625,0.0,7.50652146468192e-05,0.0006714036907836022,0,0.0,18.51851851851852,165.5228984279155,0.0,1.0123456790123457,8.943573217970396,8000,0.0,0.05853181756274986,0.4262694174757488,0.005,0.06,2.5,0.01,0.01,0.01,True,0.035,0.0,0,True,2
0.3630429804325104,0.3512524691996751,0.0474699449980563,256,0.1439208984375,0.15890521767698687,0.052534872405896,52.33651351928711,45.76473539846915,6.048186830985182,14.632380485534668,14.131657988936812,1.3740350071869802,143,32.0,40.08641975308642,18.728203812593176,30267.51495693781,3.052872998804861,24564.00220742455,3.5388840827847203,,297.0,0.24087669376693782,0.031488549618320594,7.013070804512314e-05,False,9432,halfplane,1238.0,2230.8888888888887,3529.497967308462,0.0773703083395958,0.06939651419259148,0.011384110168342948,1709,9432.0,10009.432098765432,2619.066947882048,844.0,922.7901234567901,260.82503080145005,8000,3.576759966072943,3.2609137654653133,0.4617020559104679,0.013,0.05,2.5,0.01,0.01,0.15,True,0.03,0.0008,0,True,81
0.33257508277893066,0.3450313032041361,0.048166546227820566,256,0.210723876953125,0.18809546953366127,0.05926666934746104,59.471107482910156,51.65044454880702,10.614630013937118,15.91751480102539,15.285217473536362,2.4798088587124267,139,24.0,44.888888888888886,24.670169921397324,15199.291948164144,2.1425744862280967,102508.18024499499,14.08228616833291,,17.0,-0.05255645889792231,0.0012309920347575165,-4.383505148425347e-06,False,13810,halfplane,1597.0,4476.802469135802,3727.9587782511203,0.09245562553405762,0.08135152757627728,0.015598762145949211,97,13810.0,11922.395061728395,3411.8923198059642,918.0,975.2592592592592,351.59547384612466,8000,3.736205648081101,3.381076758954984,0.41790122387840517,0.018,0.05,3.5,0.003,0.03,0.06,True,0.035,0.0008,0,True,81
0.272342711687088,0.2704808993471993,0.03139614620421238,256,0.48248291015625,0.4689007040895062,0.028859899343915068,68.78716278076172,66.8813870747884,4.971049168082656,15.117321968078613,15.033492547494394,1.2463328633055903,117,22.0,35.19753086419753,15.651623789137716,16890.99642650102,1.75792933525452,0.4965706446673721,0.10275560015315857,,-669.0,0.27655397470641285,-0.02109951638786378,9.354488932384648e-06,False,31620,halfplane,11159.0,8544.987654320988,4788.238876983631,0.036343902349472046,0.03884602756595906,0.005217961769500121,26278,31610.0,30317.234567901236,3874.4041366529777,1673.0,1713.7654320987654,226.8883051252115,8000,4.55022137887413,4.484208661329307,0.4371439814438655,0.018,0.05,5.0,0.01,0.01,0.03,True,0.04,0.0,0,True,81
0.36483415961265564,0.33387290879532144,0.07265995073670102,256,0.512786865234375,0.3542090521918403,0.20442082647938578,59.28557586669922,48.324984185489605,7.4924667925796475,14.09117317199707,15.656319947890294,1.7609677121681564,133,72.0,72.30864197530865,16.892281804881247,5895.999138211424,1.6202629110285436,5911.274399649352,1.3874905188327993,,-1094.0,0.18999006323396564,-0.03255371064690826,1.0112353782068261e-05,False,33606,halfplane,32012.0,17442.395061728395,13973.631361395404,0.03704514354467392,0.04561167916306007,0.020078579030985897,3944,33606.0,22808.395061728395,13595.77397547026,795.0,1127.7037037037037,421.15917182340206,8000,4.2072844134975895,3.1490027995750314,0.6738807697503394,0.018,0.05,2.5,0.01,0.003,0.06,False,0.04,0.0,0,True,80
0.0,0.0025172177012319917,0.020617310086112454,256,0.0,0.00617566520785108,0.05521124486079574,0.0,0.6625514324800468,4.17402434060209,0.0,0.4695099135975779,3.097057926947058,160,0.0,1.2962962962962963,11.263887937464753,-1915.0,-0.12152506775067728,-4713.0,-0.08517242547425474,,0.0,0.0,0.0,0.0,True,0,halfplane,0.0,404.55555555555554,3618.3430898754455,0.0,-0.0007643144531750385,0.006836236293939864,0,0.0,0.19753086419753085,1.6586455361165935,0.0,0.19753086419753085,1.6586455361165935,8000,0.0,0.03950617283950617,0.26558996166962684,0.008,0.06,3.5,0.01,0.03,0.15,False,0.04,0.0008,0,True,2
0.3578893542289734,0.32658943018795533,0.07921459839331847,256,0.1927490234375,0.21727366506317516,0.14065797866838575,42.96421813964844,51.01880327860514,8.6605434212788,14.296883583068848,15.921717608416522,2.5488522484702463,146,82.0,72.53086419753086,19.02505587652805,15674.456240343337,4.173243977309606,241600.58126213856,24.321674310929367,,-161.0,0.28635027100270943,-0.012745408486383836,3.5563346959376124e-05,False,12632,halfplane,9280.0,10091.925925925925,8005.6116935001055,0.06507032364606857,0.04484846308413479,0.027087377870770108,185,12632.0,13834.617283950618,9114.544462273636,159.0,395.4938271604938,226.4283672984717,8000,3.005145661811273,3.2866392513917435,0.7168252842181357,0.01,0.06,2.5,0.003,0.003,0.15,True,0.035,0.0,0,True,81
0.0,0.0024786788372345913,0.01557978985150682,256,0.0,0.006174346547067901,0.055211388152880965,0.0,0.6929012345679012,4.381324766128934,0.0,0.5451092190212674,3.4566114429201917,164,0.0,1.2839506172839505,11.262561785529522,-31728.0,-0.8635726061427281,-5741.0,-0.10595621047877107,,0.0,0.0,0.0,0.0,True,0,halfplane,0.0,404.5679012345679,3618.3417146405527,0.0,0.00011863604325939107,0.001061113029238417,0,0.0,0.1111111111111111,0.8888888888888891,0.0,0.08641975308641975,0.6703146647159619,8000,0.0,0.032407407407407406,0.2095131203515696,0.005,0.06,2.5,0.003,0.03,0.01,True,0.035,0.0008,0,True,2
0.2576662003993988,0.28845926576558456,0.06341866673856024,256,0.2076568603515625,0.17190363377700618,0.07000619690098653,7.752810478210449,16.305909521785782,7.943250985666278,7.383861541748047,11.013527817196316,2.847847949762933,153,43.0,63.65432098765432,20.47350621260823,176134.0861694915,15.96317860417876,347268.68525155983,33.82570894379478,,26465.0,3.972475609756098,2.181641476049889,0.0003162859956425733,False,13609,halfplane,93.0,2171.4814814814813,3711.249834769524,0.03679019212722778,0.04378724808770197,0.010908632166117023,1,11868.0,10027.851851851852,3767.2078703657903,8009.0,3687.9753086419755,2566.368438543714,8000,1.0499669336468513,1.4163699086105055,0.38691599825304646,0.008,0.08,2.5,0.01,0.003,0.01,True,0.03,0.0008,0,True,80
0.0,0.003558090071619293,0.031824525080831334,256,0.0,0.006202980324074074,0.05520884326053912,0.0,0.5592592498402537,3.534233857000705,0.0,0.5052045539573387,3.254289841840129,166,0.0,1.7530864197530864,12.046751382388313,-2767.0,-0.09215424903023521,-1397.0,-0.031642564557829454,,0.0,0.288607046070461,0.0,0.0018037940379403796,True,0,halfplane,0.0,404.7037037037037,3618.3268094331693,0.0,0.00018084461996216832,0.0016175234544020952,0,0.0,1.9876543209876543,17.666662353011706,0.0,1.2469135802469136,11.04148279561513,8000,0.0,0.028086419753086418,0.17783778136898679,0.013,0.06,3.5,0.01,0.003,0.1,True,0.04,0.0008,0,True,2
0.0,0.00245620549460988,0.015437324136471624,256,0.0,0.0061739697868441355,0.05521142955618739,0.0,0.6234567901234568,3.9185620821090463,0.0,0.5447530864197531,3.454695132360048,168,0.0,1.271604938271605,11.262318189627749,-2273.0,-0.5617614611562795,-6579.0,-0.12062711720867166,,0.0,0.0,0.0,0.0,True,0,halfplane,0.0,404.55555555555554,3618.3430898754455,0.0,0.00015628760979499346,0.0013978788781702691,0,0.0,0.08641975308641975,0.6703146647159619,0.0,0.08641975308641975,0.6703146647159619,8000,0.0,0.028806584362139915,0.18293095284685487,0.005,0.06,2.5,0.003,0.01,0.01,True,0.03,0.0008,0,True,2
0.0,0.01885556861942197,0.07207789751576829,256,0.0,0.009312570830922068,0.05708777520184126,0.0,3.1338730800298995,12.443542458370628,0.0,1.0812484128975575,4.241656267914239,175,0.0,4.1234567901234565,17.722401751824474,-49110.0,-2.5675228378447645,-8476.5,-0.4833689743225168,,0.0,-2.258355916892507e-07,0.0,-3.677357674483701e-06,True,0,halfplane,0.0,510.8641975308642,3649.97045059267,0.0,0.0056031102567543215,0.022605372313224376,0,0.0,195.76543209876544,995.6690445185424,0.0,10.061728395061728,51.646793233787896,8000,0.0,0.2214633771559269,0.841725715262124,0.01,0.05,3.5,0.01,0.03,0.01,True,0.04,0.0008,0,True,6
0.0,0.016124415820763436,0.06647692458097682,256,0.0,0.015918119454089507,0.07494386790543893,0.0,4.490447621286651,18.506313315024244,0.0,1.3305900479540413,5.211358090985175,174,0.0,5.2592592592592595,21.805978214037,-14884.0,-0.6664605151703201,-84575.16666666667,-4.135919340570751,,0.0,0.0015801716350496845,0.0,1.2791623004915275e-06,True,0,halfplane,0.0,847.1111111111111,4305.22782121836,0.0,0.001856829706625438,0.009140561133194268,0,0.0,638.641975308642,3398.0349234453315,0.0,22.209876543209877,114.95739587089146,8000,0.0,0.2149198812634245,0.8946594725892882,0.01,0.08,3.5,0.003,0.03,0.1,False,0.035,0.0,0,True,4
0.0,0.003310239425411931,0.022801794970211297,256,0.0,0.007171630859375,0.055819277865707145,0.0,1.21082192880136,8.495774348855065,0.0,0.5185856995759187,3.319232443051822,176,0.0,2.8395061728395063,17.962551435615218,-4656.0,-0.08912796944714196,-17383.285714285714,-0.3106688049326849,,0.0,0.288607046070461,0.0,5.589810047077696e-05,True,0,halfplane,0.0,467.44444444444446,3654.8665341864476,0.0,0.00011256986792072838,0.0010068555075556864,0,0.0,65.46913580246914,585.4619593428121,0.0,1.6666666666666667,14.795728445970937,8000,0.0,0.06539810274250109,0.485847815601951,0.008,0.05,2.5,0.01,0.03,0.03,False,0.035,0.0,0,True,2
0.23796793818473816,0.23302669105706392,0.026279684174576715,256,0.40850830078125,0.41251891336323304,0.01644268319798775,68.77681732177734,66.43544882315176,7.149753029386701,14.2615385055542,14.601506598201798,1.3904856992511474,128,16.0,24.82716049382716,18.351028580488233,52567.01492134831,6.394945089155657,0.5185185186564922,0.0015182332010466365,,1996.0,0.6697242547425475,0.07455550575227865,2.5044732942709193e-05,False,26772,halfplane,1045.0,1562.9135802469136,3873.342593211125,0.03251082822680473,0.03139213999204429,0.003829506551923211,23276,26772.0,26630.20987654321,3100.6706590992135,4152.0,3991.7901234567903,554.6739608683797,8000,4.822538473031526,4.607624876786474,0.6518933954251144,0.013,0.08,5.0,0.01,0.003,0.1,False,0.035,0.0,0,True,78
0.0,0.0032646517329676834,0.020476967201616965,256,0.0,0.006529443057966821,0.05526379085788909,0.0,0.9007519380545911,5.941618144531902,0.0,0.5161709962067781,3.307287217811754,178,0.0,2.8395061728395063,17.962551435615218,-2252.0,-0.04903146015256433,-1326.0,-0.033189413518189305,,0.0,0.288607046070461,0.0,0.00015246014055491855,True,0,halfplane,0.0,411.74074074074076,3618.1124394002263,0.0,0.00030711691044730903,0.0027469371551995937,0,0.0,23.382716049382715,209.02959610290608,0.0,2.3950617283950617,21.310565983264123,8000,0.0,0.047569668629714415,0.33253855513087405,0.005,0.05,2.5,0.01,0.01,0.1,False,0.04,0.0008,0,True,2
0.0,0.021878307064374287,0.08212034597104095,256,0.0,0.020284958827642748,0.08919529714766218,0.0,4.3026009076907314,15.801314505734,0.0,1.3403644561767578,4.825269384089547,177,0.0,6.518518518518518,23.690447682250735,-19145.0,-1.0607949012961253,-77170.0,-3.9404455091985846,,0.0,0.00803432700993677,0.0,4.008577984156525e-06,True,0,halfplane,0.0,1094.4444444444443,4861.854843423291,0.0,0.0015463220576445262,0.006930713041638035,0,0.0,924.8024691358024,4671.720780119605,0.0,19.271604938271604,86.6367487314564,8000,0.0,0.25388437995311536,0.9559751361214511,0.01,0.05,3.5,0.01,0.01,0.15,True,0.03,0.0,0,True,5
0.0,0.002896052359798808,0.019738360099967225,256,0.0,0.007007740162037037,0.05562169647202386,0.0,0.886331723060137,5.827711941804036,0.0,0.5852540098590615,3.6839080820465457,179,0.0,2.3333333333333335,14.712050993809278,-5152.0,-0.10472839097050372,-70434.0,-1.2588208768873397,,0.0,0.288607046070461,0.0,6.868865509057366e-05,True,0,halfplane,0.0,440.358024691358,3628.50595825641,0.0,0.00012387668736922887,0.0011079867751403413,0,0.0,52.65432098765432,470.84277369739607,0.0,3.8271604938271606,34.11953935813434,8000,0.0,0.03812898337567411,0.2544384820233325,0.008,0.06,2.5,0.003,0.003,0.01,False,0.03,0.0,0,True,2
0.0,0.0021924536997153434,0.018513458566545432,256,0.0,0.006173404646508488,0.0552114920467375,0.0,0.5473251107298298,3.4685768516459663,0.0,0.5473251107298298,3.4685768516459663,180,0.0,1.271604938271605,11.262318189627749,-2191.0,-0.06065356820234866,-2274.0,-0.04069376693766929,,0.0,0.0,0.0,0.0,True,0,halfplane,0.0,404.55555555555554,3618.3430898754455,0.0,0.000318092742451915,0.0028451079810872604,0,0.0,0.04938271604938271,0.34787661243470064,0.0,0.04938271604938271,0.34787661243470064,8000,0.0,0.024691358024691357,0.15518277888859916,0.008,0.08,3.5,0.003,0.03,0.06,False,0.03,0.0008,0,True,2
0.2759608030319214,0.27566655035372134,0.030988331003004584,256,0.386138916015625,0.39628845968364196,0.018258096817295018,44.79072189331055,43.50682595335407,2.502591009417476,16.121320724487305,16.074779404534233,1.4525631499698293,138,22.0,22.88888888888889,14.679287499108447,49258.24530941708,5.7107791958798115,82425.70527921151,10.989155346930632,,57.0,0.002205510388437218,0.0024915206966897863,8.742654343916168e-08,False,25306,halfplane,1880.0,1581.9135802469136,3511.404612196709,0.04630831629037857,0.04686157488160663,0.006002992057146748,21429,25287.0,25553.395061728395,3002.5851276632447,2625.0,2678.395061728395,327.4749893008454,8000,2.778352959772386,2.724666669195124,0.22115830228610756,0.018,0.05,5.0,0.003,0.01,0.03,True,0.03,0.0008,0,True,81
0.35485824942588806,0.34399141944128514,0.06187977798831589,256,0.1409454345703125,0.12807304476514275,0.0491188936559722,49.5424919128418,50.54413077272015,6.578465357882607,13.915042877197266,14.202572657738203,1.719384633866613,162,39.0,36.49382716049383,15.354352305960633,20175.86544186047,3.291917021306974,27362.730693147983,3.1096308702491315,,-4.0,0.28835478771454376,-0.00043304103063768196,8.272989317152379e-05,False,9237,halfplane,2238.0,1493.8148148148148,3526.996498302739,0.08510711044073105,0.08370029466387666,0.011466330798575638,1,9237.0,7988.83950617284,1932.2337770837823,716.0,682.1481481481482,169.408419566524,8000,3.5603550936451227,3.5636605690764376,0.4641075366775229,0.013,0.05,2.5,0.01,0.01,0.15,True,0.04,0.0008,0,True,81
0.2435847669839859,0.2379330512550142,0.02705103619558671,256,0.2979583740234375,0.3106397463951582,0.025869085761715534,70.50166320800781,69.83868474136165,5.162517853994749,15.937739372253418,16.25835438716559,1.0111349399233205,141,48.0,28.962962962962962,16.327999465013846,47812.16662068968,6.126760621658949,1190.9940721143503,0.14818283000701393,,-5.0,0.00010794941282746154,-0.02966194526441268,-2.3138394995833562e-07,False,19527,halfplane,1201.0,1229.8271604938273,3542.123771077555,0.027309255674481392,0.025588687187359658,0.0037076257714543795,17712,18959.0,19360.283950617282,2364.8174843287293,2563.0,2565.0123456790125,324.5482898432478,8000,4.4235673682593335,4.317982517332892,0.3737988885020297,0.008,0.05,5.0,0.01,0.03,0.01,True,0.04,0.0,0,True,81
0.34178704023361206,0.35267568775165226,0.043162322548244106,256,0.186126708984375,0.22014344768759644,0.05211652485279386,51.780948638916016,45.53283646665973,9.775589270657104,15.404335975646973,15.13499195193067,1.6154828432439037,159,26.0,34.098765432098766,21.57364930082193,27486.672396396403,2.402272099475335,112651.4311317997,14.420007397645074,,-20.0,0.5069896115627829,-0.001639613051319877,8.59893748786512e-05,False,12198,halfplane,2677.0,3778.4814814814813,3984.326134176798,0.07836412638425827,0.07388171565109565,0.01347382531160222,2160,12198.0,14022.74074074074,3149.350059453882,896.0,963.4938271604939,397.9351061760299,8000,3.3614526971634695,3.050189413414854,0.7242844798607025,0.018,0.05,2.5,0.003,0.003,0.15,False,0.035,0.0008,0,True,77
0.0,0.002955542627239117,0.018366412962568517,256,0.0,0.006797696337287809,0.05542415726380618,0.0,1.4357425077461903,10.41890096229291,0.0,0.5775474265769676,3.63862746543775,183,0.0,2.8395061728395063,17.962551435615218,-4754.0,-0.09742657671412402,-580652.25,-10.362373113711714,,0.0,0.288607046070461,0.0,8.817801330286742e-05,True,0,halfplane,0.0,414.55555555555554,3618.333263387755,0.0,7.156649443470402e-05,0.0006401101858694346,0,0.0,40.96296296296296,366.27209222357936,0.0,3.765432098765432,33.56742674667718,8000,0.0,0.06409182773367277,0.4744772841103869,0.005,0.08,3.5,0.003,0.03,0.1,False,0.03,0.0,0,True,2
0.0,0.0027289427356955447,0.02440840585487792,256,0.0,0.006173593026620371,0.055211471165142155,0.0,0.654320987654321,4.119092833805782,0.0,0.53909464235659,3.424501324427977,185,0.0,1.2839506172839505,11.262561785529522,-1863.0,-0.15364986449864473,-32024.0,-0.5765634598012647,,0.0,0.0,0.0,0.0,True,0,halfplane,0.0,404.5679012345679,3618.3417146405527,0.0,4.3303849474515444e-05,0.00038732140444974023,0,0.0,0.06172839506172839,0.4539450940950676,0.0,0.04938271604938271,0.34787661243470064,8000,0.0,0.030864197530864196,0.19791629064051108,0.01,0.06,3.5,0.003,0.03,0.1,True,0.04,0.0008,0,True,2
0.23174194991588593,0.23231837153434753,0.026078305556163528,256,0.4640045166015625,0.4571821424696181,0.013543437301317246,78.96083068847656,79.48114154956959,6.259292329896527,17.931251525878906,18.13006959138093,0.9325086552631034,132,13.0,22.19753086419753,14.18173033817982,42225.48120261438,5.541297248450834,3360.608281774912,0.6547852834021874,,-7.0,-0.00016260162601626003,-0.010168564008484982,-1.0696859845741776e-07,False,30409,halfplane,1712.0,3279.456790123457,3562.0442668844,0.02087492309510708,0.02124461034933726,0.0031784467538258717,26363,29163.0,28322.864197530864,3265.0376654590573,2362.0,2361.679012345679,301.435283767941,8000,4.403531849123615,4.4033584298877075,0.4032925839777402,0.01,0.06,5.0,0.003,0.01,0.01,True,0.04,0.0,0,True,81
0.27624455094337463,0.2744384496300309,0.032115306775736735,256,0.211029052734375,0.20387625988618827,0.03817829669689764,41.22581481933594,40.24020359839922,2.767993601668737,14.289907455444336,14.502280529634453,1.2974397076006012,165,58.0,44.03703703703704,19.751820947118354,32232.53,4.084667032353571,20782.3388802032,2.6639810214242243,,0.0,7.429990966576333e-05,0.0,7.843880859430363e-09,False,13830,halfplane,834.0,1776.2469135802469,3606.674294956211,0.05559731647372246,0.05483859878631286,0.008500504620265149,8448,13830.0,12956.67901234568,1910.643126338926,1724.0,1627.6543209876543,324.9251826700739,8000,2.8849602313810556,2.7983296546715373,0.30068285717223114,0.01,0.05,5.0,0.01,0.003,0.06,False,0.03,0.0008,0,True,81
0.31498026847839355,0.29739349087079364,0.03638706753285802,256,0.204925537109375,0.18072490927613813,0.04455649457195407,49.06924819946289,49.71265896455741,3.4548795838247135,13.36280345916748,14.13527429839711,1.2807584999193045,163,32.0,40.49382716049383,15.69392699779446,13445.167806451616,3.08315109673112,14060.371847631119,2.0362860097063344,,-1.0,4.155374887082206e-05,-7.446016381229548e-05,4.677269633563299e-09,False,13430,halfplane,1755.0,2304.8888888888887,3681.0012325553594,0.0809684470295906,0.07841845914537524,0.01184928762961263,3443,13430.0,11439.444444444445,2165.535385573932,1096.0,1050.283950617284,344.02369407948686,8000,3.6720774385703647,3.544904999436594,0.3429526031500582,0.013,0.05,5.0,0.01,0.01,0.1,True,0.04,0.0008,0,True,81
0.2756790816783905,0.2731082292250645,0.033473784565656896,256,0.328094482421875,0.3325483534071181,0.03484336149262775,39.69072723388672,39.677863980516975,1.808108553227472,17.130268096923828,17.39979953530394,1.0160398256256613,151,14.0,18.876543209876544,13.589559096808982,72205.11681553395,8.62697072567423,65979.17595749092,8.489579692815106,,0.0,0.28858988256549195,0.0,2.6511319087760565e-05,False,21502,halfplane,372.0,999.679012345679,3654.9512361921106,0.04299340769648552,0.04103294833574766,0.009334858333785962,10886,21502.0,21389.320987654322,3070.3769778083947,3210.0,3004.567901234568,599.0658559043487,8000,2.3169937680215793,2.2903575102561127,0.17510209397174287,0.013,0.05,5.0,0.003,0.003,0.1,True,0.04,0.0008,0,True,81
0.0,0.003284982037673026,0.02008012484162754,256,0.0,0.007088555230034722,0.05571439218082097,0.0,1.474916246202257,10.757161387663006,0.0,0.5748543680450062,3.622979977865688,190,0.0,2.8395061728395063,17.962551435615218,-4142.0,-0.07947434465367287,-691873.6666666666,-12.346752974577399,,0.0,0.288607046070461,0.0,6.0818616064311937e-05,True,0,halfplane,0.0,462.3703703703704,3648.7186739444887,0.0,6.725532175214203e-05,0.0006015498851456392,0,0.0,60.02469135802469,536.765368777394,0.0,1.691358024691358,15.016568606831267,8000,0.0,0.06643199463606787,0.49485771860069006,0.005,0.05,2.5,0.003,0.03,0.06,False,0.035,0.0,0,True,2
0.26323214173316956,0.25983489369168694,0.029492117918772334,256,0.30078125,0.3000780270423418,0.04262498386251971,51.577720642089844,52.452774000756534,3.2745237843658708,16.03071403503418,16.64346538355321,1.0914334476844973,150,25.0,16.790123456790123,13.137183163305592,95941.2010026247,12.009557327902359,51111.99371080741,4.9990936209607195,,1.0,1.0840108401084005e-05,5.07305194805685e-05,1.3496829017699441e-09,False,19712,halfplane,262.0,731.7654320987655,3615.9559645507984,0.026319213211536407,0.02652744348678324,0.009308147807229824,3118,19712.0,19261.320987654322,3208.522539210415,3544.0,3387.4444444444443,605.6616013159841,8000,3.2174310064935066,3.1669037782727947,0.25194347152073737,0.008,0.05,5.0,0.003,0.01,0.06,False,0.03,0.0008,0,True,81
0.0,0.02023217856975985,0.0733448648734053,256,0.0,0.011148711781442902,0.061267488878211644,0.0,5.059257413134163,17.14928135757251,0.0,1.4442834618650837,4.834562847378079,191,0.0,4.185185185185185,15.457717007668476,-9467.0,-0.8520300094628506,-36826.75,-2.245857633422922,,0.0,0.2895225835591685,0.0,0.0042444009473894175,True,0,halfplane,0.0,708.1111111111111,3994.0699469013744,0.0,0.0029911829998003846,0.013414006061233557,0,0.0,314.60493827160496,1749.987031197183,0.0,6.888888888888889,30.242640161709048,8000,0.0,0.3302351423343593,1.1532392777933258,0.005,0.08,3.5,0.01,0.01,0.01,False,0.04,0.0,0,True,7
0.2337460070848465,0.22760351406939236,0.029532669475286027,256,0.2525787353515625,0.27608480571228783,0.04233474789988529,68.28345489501953,71.37972193588445,6.150332157009871,15.662227630615234,16.281991558310427,1.428530126426938,158,42.0,34.19753086419753,21.046344952952687,48361.03808450705,6.068581532278918,12147.893541301019,1.431446910594837,,76.0,0.3021632791327922,0.010772693911700104,9.955153355455503e-05,False,16553,halfplane,653.0,1780.2716049382716,4260.211957899602,0.03381545469164848,0.030174056068062782,0.004475341551819208,2988,15753.0,16881.69135802469,2853.948781159338,2676.0,2612.4938271604938,573.5155637066425,8000,4.359753518999577,4.428047863693024,0.5209280787592926,0.008,0.08,3.5,0.003,0.003,0.01,False,0.035,0.0,0,True,81
0.26060473918914795,0.25669537355870375,0.02900882011094071,256,0.5323333740234375,0.5326006854021991,0.01676269790703237,69.03433990478516,65.31575775146484,8.141293483326745,14.210112571716309,14.6878471021299,1.4861042865051624,130,40.0,28.901234567901234,14.150517975313457,30207.400008438854,2.706713501280065,0.480109739350155,-0.007889300206080184,,-1145.0,0.2581838301716351,-0.03285182740530157,7.742739596315147e-06,False,34887,halfplane,14265.0,10515.0,5572.676994846273,0.03363557904958725,0.03400291005770365,0.004036745000196536,28880,34887.0,34499.456790123455,4003.6965174309184,2362.0,2351.5185185185187,366.4139233671551,8000,4.858113337346289,4.515152008388887,0.7338112236026311,0.018,0.06,5.0,0.01,0.003,0.06,False,0.035,0.0,0,True,79
0.2261563539505005,0.24145964339927392,0.04218365942791465,256,0.493194580078125,0.48184486671730326,0.03111244146106541,8.17467975616455,10.80955950419108,4.194428856620901,8.124907493591309,10.406897485992054,3.329384319950899,172,1.0,13.25925925925926,29.504039387718485,251911.9795365854,34.75140489004637,1331705.098851166,195.6377361880118,,49086.0,5.974526196928637,1.5186560237609052,0.00018080949921593807,False,32322,halfplane,329.0,2424.8271604938273,7016.088827777361,0.03659076616168022,0.03924347501662043,0.012142005347095598,22559,32322.0,31173.14814814815,4036.5426170226146,5354.0,5271.864197530864,1254.8379439227626,8000,1.0061258585483572,1.0252829675455555,0.05357161272128837,0.018,0.08,3.5,0.003,0.003,0.06,False,0.03,0.0008,0,True,39
0.0,0.0024047272026906778,0.020070384590045686,256,0.0,0.0061739697868441355,0.05521142955618739,0.0,0.5679012345679012,3.583012980012317,0.0,0.5679012345679012,3.583012980012317,193,0.0,1.271604938271605,11.262318189627749,-2004.0,-0.08244857723577236,-4416.0,-0.12192018970189689,,0.0,0.0,0.0,0.0,True,0,halfplane,0.0,404.55555555555554,3618.3430898754455,0.0,0.0006062971129093641,0.005422886236108814,0,0.0,0.08641975308641975,0.6703146647159619,0.0,0.08641975308641975,0.6703146647159619,8000,0.0,0.024691358024691357,0.15518277888859916,0.008,0.05,3.5,0.003,0.01,0.1,True,0.04,0.0008,0,True,2
0.0,0.002467042686026773,0.022065900597398137,256,0.0,0.006175100067515432,0.05521130596321496,0.0,0.6399177033224224,4.024398956533322,0.0,0.46765432240050514,3.0895675856334464,194,0.0,1.2962962962962963,11.263887937464753,-25122.0,-1.0242688008130088,-479.0,-0.00846877822944897,,0.0,0.0,0.0,0.0,True,0,halfplane,0.0,404.5679012345679,3618.3417146405527,0.0,0.00022806470960746577,0.0020398727758041703,0,0.0,0.16049382716049382,1.3282940895123716,0.0,0.13580246913580246,1.1083642314796764,8000,0.0,0.03806584362139918,0.25392980689670597,0.01,0.06,2.5,0.01,0.03,0.01,False,0.035,0.0008,0,True,2
0.0,0.003526094335096854,0.02390965112237767,256,0.0,0.0074506218050733024,0.056241967636972284,0.0,1.2760696411132812,9.04969143272003,0.0,0.5728151533338759,3.6111933055226,197,0.0,2.2839506172839505,14.431818899165206,-5301.0,-0.10038786317514346,-131841.33333333334,-2.354233981875323,,0.0,0.288607046070461,0.0,4.4181294794389904e-05,True,0,halfplane,0.0,484.17283950617286,3679.0297190740685,0.0,0.00011122146230420948,0.000994795001076571,0,0.0,83.75308641975309,748.9985829794933,0.0,2.6419753086419755,23.519001323581946,8000,0.0,0.05755674589523919,0.41785187097599985,0.008,0.06,2.5,0.003,0.01,0.15,True,0.035,0.0,0,True,2
0.0,0.002873075873027613,0.018057414067532432,256,0.0,0.006176795488522377,0.05521112404409905,0.0,0.5308641975308642,3.3814542117994097,0.0,0.4641975355737003,3.0758039842231217,202,0.0,1.3333333333333333,11.274356350191841,-2000.0,-0.09961434808792534,-800.0,-0.01529595754290875,,0.0,0.0,0.0,0.0,True,0,halfplane,0.0,404.60493827160496,3618.337609151857,0.0,-0.00011883310421749397,0.0010628755960305335,0,0.0,0.2716049382716049,2.3201338066937582,0.0,0.20987654320987653,1.7688389815873895,8000,0.0,0.02998236331569665,0.19142100248628058,0.005,0.05,3.5,0.01,0.03,0.15,True,0.04,0.0008,0,True,2
0.27018439769744873,0.27588438159889644,0.03805608562086268,256,0.120513916015625,0.12791744279272763,0.04814379552187234,51.549251556396484,52.71293060867875,3.927011676719141,13.96932601928711,14.473174401271491,1.3732832093542677,182,50.0,50.45679012345679,17.44271002185638,35776.773255813954,3.5366759931376763,20983.247641938855,2.650662653264591,,2.0,0.000214769647696477,0.00025322866548482814,2.6845634253507717e-08,False,7898,halfplane,620.0,1745.7530864197531,3585.1461582578077,0.0674988329410553,0.06653123935914518,0.013178370987608722,88,7898.0,7978.6543209876545,1821.4567644343226,1167.0,944.358024691358,308.0691484283717,8000,3.6901747277791848,3.668530214096413,0.32061904317955225,0.008,0.05,5.0,0.01,0.03,0.15,True,0.03,0.0008,0,True,81
0.23469407856464386,0.24063335800612415,0.02902163745258325,256,0.2983245849609375,0.30129289038387347,0.0406954910870793,70.62201690673828,68.5307386421863,5.076181383818581,15.496071815490723,15.257780451833465,1.1516612689937242,161,22.0,30.19753086419753,18.46880570114985,43909.022974828375,5.405332206806229,0.4842249657958746,0.027070864756561203,,-42.0,0.2912057362240301,-0.002148227712137407,8.245963566889489e-05,False,19551,halfplane,667.0,1663.0864197530864,4033.5000338906434,0.024034054949879646,0.026933686899734133,0.0042486848415121525,3513,19551.0,19340.962962962964,3109.424552551641,2677.0,2512.864197530864,572.7439854906502,8000,4.557413943020817,4.52262429888448,0.4213935798384044,0.008,0.05,5.0,0.01,0.01,0.15,False,0.035,0.0,0,True,81
0.35395392775535583,0.32124362812366014,0.05535380781700824,256,0.463043212890625,0.4863130545910494,0.12141535350610323,73.45805358886719,71.55789853319709,5.5513501022579215,16.80848503112793,16.70906020976879,1.254277254971805,147,97.0,70.11111111111111,19.656306122218652,12179.216508196725,1.5755720419698092,0.49519890267401934,0.06287491657090388,,-2092.0,-0.1648288166214995,-0.06902190152839416,-3.977200835280945e-06,False,30346,halfplane,12876.0,19325.69135802469,11811.740837860842,0.040341492742300034,0.03662537654608856,0.009317777682380693,15521,30346.0,31456.037037037036,8713.476466625174,2956.0,2801.320987654321,885.4990338460198,8000,4.370295920384894,4.309572661229462,0.39941183006376574,0.018,0.05,2.5,0.01,0.03,0.1,True,0.035,0.0,0,True,74
0.0,0.002863746182418164,0.01799873575875232,256,0.0,0.006172839506172839,0.05521155499999482,0.0,0.30864197530864196,2.7605777499997406,0.0,0.30864197530864196,2.7605777499997406,204,0.0,1.2592592592592593,11.26315721999894,-1911.0,-0.017262872628726326,-2757.0,-0.02490514905149048,,0.0,0.0,0.0,0.0,True,0,halfplane,0.0,404.5432098765432,3618.3444684796605,0.0,0.0,0.0,0,0.0,0.012345679012345678,0.11042310999998964,0.0,0.012345679012345678,0.11042310999998964,8000,0.0,0.012345679012345678,0.11042310999998964,0.005,0.08,5.0,0.003,0.03,0.15,True,0.03,0.0008,0,True,1
0.0,0.002872467224980578,0.018068387874870223,256,0.0,0.006380057629243827,0.05521949569786746,0.0,0.9319304007071035,6.189920877607819,0.0,0.5047006724793234,3.2519050794192066,207,0.0,2.8395061728395063,17.962551435615218,-1998.0,-0.05062801504778205,-1268.0,-0.03446732129252906,,0.0,0.0,0.0,0.0,True,0,halfplane,0.0,406.30864197530866,3618.1815384915217,0.0,0.0002924213530840697,0.00261549609427379,0,0.0,13.592592592592593,121.46409089615366,0.0,2.802469135802469,24.954486844182043,8000,0.0,0.05159371492704827,0.36668357171882776,0.005,0.08,2.5,0.01,0.03,0.03,False,0.04,0.0008,0,True,2
0.2289344221353531,0.22454712990625406,0.02539119606925501,256,0.6537933349609375,0.6502272994429977,0.019240172805970783,74.22965240478516,72.19261353104203,8.839510320435132,16.291133880615234,17.23560313236566,1.9482640354049348,137,13.0,16.82716049382716,10.369459101643706,25210.660705394228,2.491974596140186,2198.8127421275713,-0.18081005199776817,,-3081.0,-0.37488504968383013,-0.07193313380795008,-8.843865165393745e-06,False,42847,halfplane,39955.0,39318.16049382716,2442.5529422054087,0.028689904138445854,0.02759761986449177,0.003236521776889118,32768,42847.0,42205.135802469136,4759.845483935419,1099.0,1096.3950617283951,223.60407464497533,8000,4.55644502532266,4.271376945408828,0.748862050799717,0.018,0.05,5.0,0.003,0.003,0.1,True,0.03,0.0,0,True,78
0.3450372517108917,0.349491947962914,0.042022329310419895,256,0.4243011474609375,0.4025072639371142,0.06138074266635492,8.55029296875,10.508442760985574,3.6999806530628074,8.254339218139648,9.582099219899119,2.7012518181781546,189,11.0,25.19753086419753,23.282706851820578,125932.96928981727,17.794922480591616,500654.90336612257,69.99842395159936,,15450.0,2.4013545618789522,0.5556125065119739,0.00021240960031786158,False,27807,halfplane,153.0,1618.641975308642,4507.6735213990405,0.041612379252910614,0.04312711234353943,0.007077242719296054,2122,27776.0,25950.753086419754,4903.575459265687,6473.0,5551.37037037037,1497.658093177597,8000,1.0358542812960765,1.0822945697342692,0.07807889305769797,0.018,0.06,2.5,0.01,0.003,0.03,True,0.035,0.0008,0,True,74
0.0,0.0028751375682560015,0.018070075524712646,256,0.0,0.006182070131655093,0.05521058470559705,0.0,0.6029226515028212,3.7904121261290866,0.0,0.5616201000449098,3.5474589081683487,209,0.0,1.4567901234567902,11.379046568487352,-2654.0,-0.12696743861378024,-1322.0,-0.03641105643512573,,0.0,0.0,0.0,0.0,True,0,halfplane,0.0,404.58024691358025,3618.3403427749886,0.0,1.114803038675476e-05,9.971101504006764e-05,0,0.0,0.6172839506172839,5.410478861613327,0.0,0.5555555555555556,4.85849135757232,8000,0.0,0.02670697908793147,0.16834018655414731,0.005,0.06,3.5,0.003,0.003,0.1,False,0.03,0.0008,0,True,2
0.25351575016975403,0.24856145624761228,0.028034118865415823,256,0.4925384521484375,0.4783905406057099,0.012219534797488123,67.65872192382812,65.74573017638407,6.961858704378223,14.324592590332031,14.614681679525493,1.3883572079331632,149,20.0,23.876543209876544,12.217557408838166,38328.48853448278,4.080239947391526,0.5048010973259807,-0.0013756158949712537,,662.0,0.044610885275519443,0.020448681729746676,1.450735520397225e-06,False,32279,halfplane,2843.0,3182.246913580247,3467.9063543070997,0.038750771433115005,0.03788651254625968,0.00455852540116119,28174,32271.0,30937.345679012345,3546.6648188539243,3005.0,3066.567901234568,370.5346133769557,8000,4.723256606462406,4.554993356190883,0.6353886392767902,0.018,0.08,5.0,0.01,0.003,0.03,True,0.04,0.0,0,True,80
0.27659115195274353,0.27008658003659897,0.031072564757983742,256,0.1878204345703125,0.20707344714506173,0.03493864287915348,50.294986724853516,49.611936498571325,2.983951132120076,14.471610069274902,14.59957985819122,1.2297397044087761,187,32.0,33.50617283950617,15.292315068937643,57171.997979643784,6.678980437845639,13094.24282160378,1.1734584782884183,,1.0,-3.13911472448058e-05,-0.026817744125139376,-6.174994470423614e-08,False,12309,halfplane,408.0,946.7283950617284,3562.1951929810675,0.05885691195726395,0.050487954537441704,0.00751904923878207,11540,11746.0,12555.037037037036,1604.907854317649,1912.0,1982.8641975308642,244.51558323873402,8000,3.4754244861483468,3.4221442924346395,0.2955783018519607,0.01,0.05,5.0,0.01,0.01,0.01,True,0.035,0.0008,0,True,81
0.2545941174030304,0.24701625715803216,0.02789563828813386,256,0.429412841796875,0.42215700502748843,0.021019994988855647,67.42310333251953,66.84733652185511,6.717137875775991,14.30137825012207,14.677961608509959,1.3625164496161413,157,24.0,26.938271604938272,15.40670503305666,29758.723931623914,3.645777383562582,0.5034293553326279,0.013831813477017904,,-301.0,0.28191011743450756,-0.010808634620594448,1.2952561576123757e-05,False,28142,halfplane,3013.0,2610.098765432099,3474.3494127818,0.03422505408525467,0.031124559288591515,0.0038249631175030115,21863,28131.0,27255.012345679013,3294.9144071530704,2649.0,2691.222222222222,325.7853568922829,8000,4.714448155781394,4.60705523399898,0.6064428284251033,0.013,0.06,5.0,0.01,0.003,0.03,False,0.035,0.0,0,True,81
0.2527456283569336,0.2947085672690545,0.08843575464909699,256,0.0264434814453125,0.24943730860580632,0.17852092186356056,54.95153045654297,61.81382558375229,5.874896526238191,14.597026824951172,14.441124362710081,1.616719800483889,181,34.0,73.54320987654322,19.39202418630844,158794.85084057972,5.978070734836511,186795.47168179858,8.84379635892105,,-139.0,0.03869060523938573,-0.08020773225620315,3.3814876763505813e-06,False,1733,halfplane,452.0,12240.753086419752,10901.068055647047,0.06441323459148407,0.04542243079408819,0.027029851021238886,937,1733.0,15942.432098765432,11691.279664605014,358.0,583.1975308641976,329.38691346095624,8000,3.7645701096364688,4.321781003066656,0.4661641167752498,0.01,0.08,2.5,0.01,0.01,0.1,True,0.035,0.0,0,True,81
0.0,0.0028209859206352705,0.01772976548938824,256,0.0,0.006177925769193673,0.05521100507826811,0.0,0.5441243677963445,3.451316645281421,0.0,0.5357142789864245,3.4066945728824063,210,0.0,1.382716049382716,11.303411373229698,-2447.0,-0.18879646567298983,-3917.0,-0.0830925527392529,,0.0,0.0,0.0,0.0,True,0,halfplane,0.0,404.58024691358025,3618.3403427749886,0.0,-3.595589832575233e-05,0.00032159933139381223,0,0.0,0.345679012345679,2.9820884794781093,0.0,0.32098765432098764,2.7614057991359946,8000,0.0,0.025148605395518976,0.15808331822433222,0.005,0.05,3.5,0.003,0.003,0.03,True,0.03,0.0008,0,True,2
0.2905046343803406,0.30456342115814306,0.04210293552458799,256,0.507659912109375,0.46322688349971064,0.0913978135114061,7.237631320953369,11.934107374261927,7.834350855052373,5.656870365142822,7.881018938841643,3.4049322274102733,184,1.0,14.11111111111111,20.380940018786738,127366.30664974626,17.19780713984497,255306.65055849502,35.12108652587679,,74443.0,9.130401084010842,2.2375413285241956,0.00026993272110997183,False,33270,halfplane,820.0,1859.1728395061727,4663.803877962903,0.03556535765528679,0.04143963441436673,0.01646183899147749,1013,33270.0,29953.46913580247,6857.105558769613,3987.0,4176.37037037037,962.3762186809163,8000,1.2794409377817855,1.4292608446097563,0.3022325504260522,0.018,0.06,3.5,0.01,0.03,0.15,True,0.03,0.0008,0,True,53
0.3199900984764099,0.31496853648144524,0.042254130902861495,256,0.0827484130859375,0.11246443383487655,0.04973532565538534,54.057716369628906,54.92446922961577,3.9783855021075736,13.823501586914062,14.410714643972891,1.2943254274452114,199,47.0,44.0,11.508451001088046,28672.65800000001,2.9322363653783197,35304.40019596316,3.810357687406766,,0.0,8.310749774164411e-05,-0.007721928638728448,1.5712712184051446e-08,False,5423,halfplane,1806.0,2946.358024691358,3530.387557183642,0.08454269915819168,0.09053055206198751,0.012473444943254659,300,5253.0,6736.407407407408,1720.3926969009337,410.0,385.22222222222223,87.57162853034532,8000,3.9105661073206712,3.8383598991399657,0.3315832337438942,0.01,0.05,3.5,0.01,0.03,0.01,False,0.04,0.0008,0,True,81
0.3566296100616455,0.34540764798904644,0.05382649350086764,256,0.221282958984375,0.1853453082802855,0.053036882811490764,53.50572204589844,53.284071886980975,5.760517856586298,16.0063533782959,15.701118775355964,1.404980232671727,196,23.0,29.901234567901234,14.061246049022495,24546.66264852608,2.645384199972742,92850.48452602059,12.998252678223311,,-3.0,-0.0014317976513098475,0.0003453082834403709,6.24738870879679e-06,False,14502,halfplane,2746.0,2503.1728395061727,3518.04527231071,0.08722829818725586,0.08983892344950158,0.02060547695867921,181,14491.0,11733.925925925925,2916.294362599195,961.0,786.6913580246913,186.97280729041054,8000,3.342780306164667,3.428786493975544,0.4639849087640654,0.018,0.05,2.5,0.003,0.01,0.03,True,0.04,0.0008,0,True,81
0.0,0.0038975782600449926,0.034860999748343835,256,0.0,0.006742124204282407,0.0553824376925401,0.0,1.2555825504255884,8.875357712160715,0.0,0.5248116622736425,3.350477297404637,214,0.0,2.8395061728395063,17.962551435615218,-4164.0,-0.08573129968068466,-26256.25,-0.46914251833842185,,0.0,0.288607046070461,0.0,9.693665118469348e-05,True,0,halfplane,0.0,438.41975308641975,3627.232727011891,0.0,0.00018772214973046455,0.0016790379507188502,0,0.0,37.32098765432099,333.6972763981868,0.0,1.962962962962963,17.445820500889187,8000,0.0,0.0664264529254602,0.49480940172397836,0.013,0.05,3.5,0.01,0.03,0.1,False,0.04,0.0,0,True,2
0.2602839469909668,0.33981422141746237,0.06500386341518351,256,0.283203125,0.25946836118344907,0.1261906124448963,58.35361099243164,60.10224528371552,6.421810850146959,13.279583930969238,14.101624382866753,1.639605612425675,188,63.0,72.38271604938272,19.10501705243136,7095.03185215604,2.4961793232890317,17737.458739542868,8.497723019720262,,-199.0,0.0006257904245709072,-0.010721982758620685,4.7070716600728e-08,False,18560,halfplane,10809.0,11833.938271604939,7928.513007012251,0.019319839775562286,0.045508772893636314,0.018383832582860537,3237,18560.0,16599.567901234568,8291.052760356735,905.0,463.5432098765432,220.24918824601835,8000,4.394234913793103,4.294555505055282,0.3988974657316486,0.013,0.08,3.5,0.01,0.03,0.1,True,0.04,0.0,0,True,80
0.0,0.0023482008664696304,0.019741082661527385,256,0.0,0.0061737814067322535,0.05521145033495876,0.0,0.5358024644262996,3.4071568814688895,0.0,0.5358024644262996,3.4071568814688895,218,0.0,1.271604938271605,11.262318189627749,-1855.0,-0.14893467705510374,-1624.0,-0.028987014453477792,,0.0,0.0,0.0,0.0,True,0,halfplane,0.0,404.55555555555554,3618.3430898754455,0.0,0.00012070094637664748,0.0010795820841869627,0,0.0,0.07407407407407407,0.561694477337152,0.0,0.07407407407407407,0.561694477337152,8000,0.0,0.024691358024691357,0.15518277888859916,0.008,0.08,3.5,0.003,0.03,0.1,True,0.04,0.0008,0,True,2
0.0,0.0027372992057123303,0.02037164512662033,256,0.0,0.0063433235074266976,0.05521355131066931,0.0,1.1254484388563368,7.777558222511003,0.0,0.5230299867229697,3.3414710518270248,220,0.0,2.8395061728395063,17.962551435615218,-26507.5,-0.49764659586856963,-6600.5,-0.1192153530563082,,0.0,0.288607046070461,0.0,0.00032570078669619094,True,0,halfplane,0.0,409.962962962963,3618.0632307683804,0.0,0.000128698017862108,0.0011511100660366225,0,0.0,10.901234567901234,97.39186532033673,0.0,2.2962962962962963,20.427193473312943,8000,0.0,0.05938203396766933,0.4336189187989234,0.008,0.08,2.5,0.01,0.01,0.01,True,0.04,0.0,0,True,2
0.24746479094028473,0.2419343215447885,0.02748083759964993,256,0.388427734375,0.3999426570939429,0.02075435626018092,69.69248962402344,68.86215520788122,5.0354328965455855,16.107608795166016,16.073654351411044,1.0575510787163813,173,22.0,28.160493827160494,16.587558025146926,39765.7094385965,4.30647156412981,0.4979423868935555,0.027514247071848606,,-235.0,0.5662743902439029,-0.009552586492782345,2.5951289813164426e-05,False,25456,halfplane,1440.0,2225.5185185185187,3563.44843423954,0.02675861492753029,0.02496874109370473,0.0032106380217114924,19115,25454.0,25801.037037037036,3103.628523353582,2915.0,2741.7901234567903,329.2327300250354,8000,4.326681332495286,4.3079110394995626,0.37449595130859253,0.01,0.05,5.0,0.01,0.03,0.03,False,0.03,0.0,0,True,81
0.0,0.0029400926569108795,0.018476216620185726,256,0.0,0.006458046995563272,0.05523859330542254,0.0,1.4192474741994598,10.276711365859354,0.0,0.5755398832721474,3.6269542567804876,222,0.0,2.8395061728395063,17.962551435615218,-3831.0,-0.08668152961806438,-378653.0,-6.759357462790875,,0.0,0.288607046070461,0.0,0.00019248690153568203,True,0,halfplane,0.0,413.8024691358025,3618.2570199221796,0.0,7.587409704739665e-05,0.0006786385549175801,0,0.0,18.703703703703702,167.17924471304988,0.0,1.4814814814814814,13.139433731819151,8000,0.0,0.06371805535169692,0.4712265840818516,0.005,0.06,3.5,0.003,0.03,0.15,False,0.035,0.0,0,True,2
0.23374903202056885,0.23174268963896197,0.026130105411019476,256,0.4542236328125,0.45912792064525465,0.013504011350718626,73.58468627929688,73.02418569870937,6.65857899186646,16.158906936645508,16.629756327028627,1.4217802601264262,169,15.0,21.641975308641975,16.262741361528903,42194.34982570802,4.674670981362452,0.48559670778922737,0.36870782466494906,,-34.0,0.2885982384823848,-0.0011421660843859982,1.0989922195177199e-05,False,29768,halfplane,2179.0,3353.320987654321,4044.97592914189,0.021349193528294563,0.021297657425388878,0.003242460768863806,26024,29768.0,29684.79012345679,3421.6310012972253,2524.0,2362.7654320987654,317.6047419960753,8000,4.553816178446654,4.436849304734874,0.54741921295653,0.01,0.05,5.0,0.003,0.003,0.06,True,0.035,0.0,0,True,81
0.3438829481601715,0.35166346842859997,0.04225860927882367,256,0.4966888427734375,0.4577527458285108,0.07951571586574684,7.545083045959473,10.837005780066972,7.209299490334153,6.871852397918701,8.480288199436517,2.8876633115447587,201,1.0,17.54320987654321,24.083727092880512,108183.73419164622,15.230985783951414,449492.9393749627,57.05094036050048,,38168.0,4.9355733965673,1.1725599827962276,0.00024391363988604357,False,32551,halfplane,722.0,1358.0740740740741,3755.9195444182055,0.03614034503698349,0.038419694904191996,0.008081679934730246,2743,32551.0,29594.679012345678,6164.998903261366,4230.0,4268.876543209876,931.5909448154404,8000,1.097969340419649,1.2124204368474152,0.29194446339867314,0.018,0.05,2.5,0.01,0.01,0.15,False,0.03,0.0008,0,True,51
0.0,0.002987148677125389,0.018773977469870532,256,0.0,0.006399649160879629,0.055223465083974924,0.0,1.2760654025607638,9.049655328596725,0.0,0.5191186269124349,3.3218818950116966,224,0.0,2.8395061728395063,17.962551435615218,-4021.0,-0.09364816961540974,-8474.666666666666,-0.15239396842959183,,0.0,0.288607046070461,0.0,0.00024199826449228517,True,0,halfplane,0.0,407.91358024691357,3618.0932165155486,0.0,8.1156075782614e-05,0.0007258820089481973,0,0.0,14.876543209876543,132.94809000118877,0.0,1.7901234567901234,15.899930933449436,8000,0.0,0.06909068536975514,0.5180654511489651,0.005,0.08,3.5,0.01,0.03,0.03,False,0.035,0.0,0,True,2
0.0,0.003396900863685634,0.0212032422938482,256,0.0,0.006745138286072531,0.05538458684471363,0.0,0.6991644965277778,4.424969310112613,0.0,0.5169297912974417,3.311030342812542,226,0.0,2.8395061728395063,17.962551435615218,-2625.0,-0.0533115880758806,-1142.0,-0.0341171003053395,,0.0,0.288607046070461,0.0,9.520444973578979e-05,True,0,halfplane,0.0,415.41975308641975,3618.436204294348,0.0,0.00019176574538887282,0.0017152049697817463,0,0.0,37.51851851851852,335.4640460619803,0.0,2.6790123456790123,23.850267053656065,8000,0.0,0.03549281122245792,0.23342002368609743,0.005,0.05,2.5,0.01,0.003,0.06,False,0.035,0.0008,0,True,2
0.2357219010591507,0.2310806476039651,0.02814148591073008,256,0.3363494873046875,0.3453075267650463,0.028111887504483415,68.9050064086914,67.3771765438127,4.908382481220955,15.028079986572266,15.130304207036525,1.19917711445257,186,22.0,25.82716049382716,19.485854396634352,54085.56197235023,7.460101887469779,0.4979423868935555,0.00021113221508362108,,466.0,0.32672289972899765,0.021140498117315998,2.1664664291836977e-05,False,22043,halfplane,511.0,1250.9012345679012,3634.183558709375,0.0318775437772274,0.02992555632451434,0.0057056927672064165,14535,22043.0,22225.506172839505,2878.1230343019006,3727.0,3741.641975308642,710.704333458083,8000,4.585083700040829,4.486653526088156,0.42727647425076676,0.01,0.08,5.0,0.01,0.01,0.15,True,0.035,0.0,0,True,81
0.2607897222042084,0.276930425638034,0.03898479065974832,256,0.43316650390625,0.4005518783757716,0.08258699763587239,8.165633201599121,11.038311593326522,3.735623093722539,7.993310451507568,10.221990544118999,2.9993894879433762,208,1.0,20.382716049382715,24.43614399539781,220638.3409876543,29.98041960632925,1045282.7182280319,138.07181251315842,,30872.0,4.26092231255646,1.089726026761206,0.00014636565919528484,False,28388,halfplane,82.0,2105.41975308642,4863.659717589081,0.04124321788549423,0.048040664536349566,0.02121375663140949,2367,28325.0,25812.666666666668,6089.092168139579,7935.0,6240.728395061728,2032.3092746821662,8000,1.0215584049598423,1.0682274324529994,0.06251855089650425,0.018,0.08,3.5,0.003,0.003,0.03,True,0.035,0.0008,0,True,77
0.34738045930862427,0.3319173530663973,0.045659244207911065,256,0.1207733154296875,0.10565449279031636,0.049514120913783016,50.10082244873047,48.71675359466929,4.403599675418177,14.672833442687988,14.356132236527808,1.377941347306613,219,33.0,48.04938271604938,19.096830087007817,22640.527408312963,3.3822415772881964,32303.887576217036,3.852407480022855,,27.0,0.28860591689250226,0.0034112444725205027,9.364425342818944e-05,False,7915,halfplane,542.0,1362.8024691358025,3533.057576310464,0.08176462352275848,0.08200989539424579,0.011690355784921603,1350,7915.0,6519.641975308642,1646.849977115998,809.0,641.1604938271605,153.52447480837782,8000,3.41452937460518,3.4224738382204194,0.38751146964505806,0.01,0.08,2.5,0.01,0.01,0.1,False,0.04,0.0008,0,True,81
0.0,0.003262499784245903,0.02245785023307484,256,0.0,0.0071573139708719135,0.055800510728056835,0.0,0.9776733775197723,6.558662099721026,0.0,0.5817096145064743,3.6629911396084562,232,0.0,2.2962962962962963,14.501123365973116,-5555.0,-0.11197226924552373,-72703.0,-1.2991466347563885,,0.0,0.288607046070461,0.0,5.6309263715326336e-05,True,0,halfplane,0.0,457.04938271604937,3642.8678971491504,0.0,0.00011688400703815767,0.0010454423408795372,0,0.0,64.53086419753086,577.0698031342279,0.0,4.654320987654321,41.51785589204091,8000,0.0,0.04259330129976896,0.29092937403119923,0.008,0.05,3.5,0.003,0.003,0.06,True,0.03,0.0,0,True,2
0.24565982818603516,0.24262015355957878,0.027202807148125077,256,0.346466064453125,0.35438575273678624,0.025829408353720554,36.45701599121094,36.14577646608706,1.4762383838937945,17.690908432006836,17.889902821293585,1.082048312092298,205,13.0,18.950617283950617,16.42483908977903,74629.45942168671,9.205045917516339,72993.87513227516,9.300892614277293,,3.0,0.00026016260162601646,4.400234720614016e-05,1.1993137035529827e-08,False,22706,halfplane,293.0,827.4691358024692,3574.290491923165,0.028608711436390877,0.02732137981572269,0.004147833805424053,14658,22690.0,22803.666666666668,2867.752873455081,3584.0,3386.185185185185,444.4543918639886,8000,2.0607768871663876,2.029005250372182,0.1472510316510301,0.01,0.08,5.0,0.003,0.003,0.03,True,0.03,0.0008,0,True,81
0.2631072700023651,0.2575034883655148,0.02925737164987486,256,0.327239990234375,0.323238985038098,0.023482881269450716,55.488670349121094,54.55346868067612,3.4789136160656824,16.484643936157227,16.812109888335804,1.193151557078162,198,14.0,18.666666666666668,14.368174708168203,91703.35318367346,12.94354265360807,40062.12367012794,4.237947028511114,,0.0,-4.516711833785004e-06,-0.019706978262405972,-2.6181994039671444e-07,False,21446,halfplane,290.0,798.4938271604939,3576.426608641499,0.007145280949771404,0.010832220284314251,0.0037570400312791955,15840,20252.0,19614.83950617284,2335.2721281498084,3417.0,3340.41975308642,407.2705553914104,8000,3.3660822531008114,3.262692428104539,0.27167506700387833,0.005,0.05,5.0,0.003,0.01,0.01,True,0.03,0.0008,0,True,81
0.28007423877716064,0.2752384055911759,0.03129266264793223,256,0.5997467041015625,0.5953412468050733,0.026714662376564453,89.80274963378906,88.76863879921996,8.255377730326959,20.17327117919922,20.869639149418585,0.7945467129148259,167,14.0,15.703703703703704,15.087763371902724,57073.61259388644,6.144167592086544,2326.8634852801915,-2.8549927071576593,,14397.0,0.8155968834688345,0.3287498340291708,1.5248843922757078e-05,False,39305,halfplane,26197.0,24853.728395061727,5778.189974639193,0.030456556007266045,0.029705795585925197,0.003410836420408974,27084,38110.0,37300.69135802469,4690.841459279791,1710.0,1738.6049382716049,416.1983643578287,8000,4.451571046940593,4.2694984983751905,0.4641288475221852,0.018,0.05,2.5,0.003,0.03,0.01,True,0.03,0.0,0,True,68
0.2562201917171478,0.25197657059740136,0.029259345697415274,256,0.303009033203125,0.30318931297019674,0.034618591687171976,43.674285888671875,43.510013344847124,2.371359490312751,16.8663387298584,17.21739093168282,1.1977068213950872,206,10.0,17.901234567901234,19.98122880727513,100149.62984126981,13.559054929806594,46572.61274379364,5.487149129604494,,1.0,6.775067750677414e-07,-0.0003025005551589022,6.296846796289304e-09,False,19858,halfplane,392.0,643.641975308642,3592.9805822479634,0.013132712803781033,0.01397825598164841,0.0041875377572470505,5805,19851.0,19459.074074074073,2792.605844354058,3630.0,3500.3086419753085,514.8162957020475,8000,2.589434988417766,2.542215876281943,0.2243522520303118,0.005,0.05,5.0,0.003,0.003,0.03,False,0.035,0.0008,0,True,81
0.2636187672615051,0.2616224539132766,0.03258600620368352,256,0.3148345947265625,0.31706652229214893,0.03791704076762662,48.47763442993164,48.634616098286195,3.276290809944941,15.76992416381836,16.155980428059895,1.2277082596381017,200,11.0,18.246913580246915,12.721645658160382,75852.61271604942,10.091851436818684,50307.09945740888,6.881717650596855,,17.0,0.289880307136405,0.0007754544434450672,3.85036700973404e-05,False,20633,halfplane,336.0,842.0987654320987,3607.9434948250405,0.04500839114189148,0.043826607044464276,0.011974147049379756,7507,20633.0,20374.666666666668,3093.023188475063,3477.0,3331.8271604938273,673.9859834810916,8000,3.0740561236853585,3.0256312055052685,0.23774604030633315,0.013,0.08,5.0,0.003,0.01,0.1,True,0.035,0.0008,0,True,81
0.21504414081573486,0.21298000198087574,0.02406664692769319,256,0.5864105224609375,0.5863658763744213,0.015456779024726993,79.82425689697266,79.38789122781635,6.403512694344612,17.87687873840332,18.217003221865053,1.0563684622254004,171,16.0,24.037037037037038,12.810532360873946,31965.383263157913,3.364627115414391,8259.701541081304,0.14448004767363667,,-461.0,0.2803834688346888,-0.020716462791607215,8.778472730389915e-06,False,38431,halfplane,25868.0,25779.46913580247,5752.791060849346,0.02242870070040226,0.021860069813735693,0.003005770206641078,32768,36910.0,36495.456790123455,4151.692568869294,1752.0,1700.5555555555557,208.65743678557428,8000,4.465223387369571,4.379764596127359,0.41711326258939974,0.013,0.06,5.0,0.003,0.01,0.01,True,0.03,0.0,0,True,81
0.0,0.0030926948235036784,0.01922234364916762,256,0.0,0.006817664629147377,0.05544022868520331,0.0,1.2685356611086998,8.985540250333084,0.0,0.5188874374201269,3.3207319541661056,235,0.0,2.8395061728395063,17.962551435615218,-4135.0,-0.08458583654903573,-8269.0,-0.1481587698081034,,0.0,0.288607046070461,0.0,8.549874921826126e-05,True,0,halfplane,0.0,442.9382716049383,3630.3286670434536,0.0,7.157581915825973e-05,0.0006401935887324023,0,0.0,42.27160493827161,377.97694136820843,0.0,1.9382716049382716,17.2249787607691,8000,0.0,0.06871093510493648,0.5147474099540487,0.005,0.05,3.5,0.01,0.03,0.03,False,0.03,0.0,0,True,2
0.0,0.0030057011544057685,0.018873858350382577,256,0.0,0.006542818045910494,0.05526933054428745,0.0,1.1775163250204959,8.214612478357651,0.0,0.5266653696695963,3.3599022620738968,236,0.0,2.8395061728395063,17.962551435615218,-3801.0,-0.08171294574988423,-8053.0,-0.14459753888299737,,0.0,0.288607046070461,0.0,0.0001483085644929384,True,0,halfplane,0.0,419.61728395061726,3619.1709935686813,0.0,7.885181126587184e-05,0.0007052720405578927,0,0.0,24.25925925925926,216.86963585867892,0.0,1.9753086419753085,17.55624141321431,8000,0.0,0.06154610143069071,0.4523637510551209,0.005,0.08,3.5,0.01,0.01,0.15,False,0.035,0.0,0,True,2
0.22932758927345276,0.2329499285530161,0.026348226577889794,256,0.6086578369140625,0.592294763635706,0.02493784269410651,77.47865295410156,78.65464556658709,6.55534634896779,17.428808212280273,18.14286220220872,1.1401221026372652,170,21.0,24.790123456790123,14.429664275230714,11311.147967413417,2.273325147055598,13564.223315062234,0.47281342415798605,,-825.0,0.26811788617886184,-0.0207080238315156,6.384973523113079e-06,False,39889,halfplane,29993.0,28696.543209876545,5443.121127272256,0.027504751458764076,0.02978281035191483,0.003635980006450486,27534,39889.0,38411.79012345679,4545.095117004538,1483.0,1550.7283950617284,361.98233407360476,8000,4.4454360851362535,4.360276444378432,0.43820214556025694,0.018,0.05,5.0,0.003,0.01,0.06,True,0.035,0.0,0,True,80
0.27627652883529663,0.28960407589688714,0.09345203479224826,256,0.061920166015625,0.29842536832079475,0.22363501561716584,27.893789291381836,31.90223538434064,4.360252536988077,14.21308422088623,15.144652708077137,1.8929283092761704,216,37.0,69.66666666666667,20.24723727534082,90719.55181233241,5.5794543157196275,199079.04093340115,14.413769019527912,,-216.0,-0.014917570009033428,-0.05322819122720568,-8.890749701673316e-07,False,4058,halfplane,849.0,14300.592592592593,13898.483271701713,0.05055113136768341,0.04777319115345125,0.030934069361275792,684,4058.0,19151.802469135804,14738.889729379505,743.0,732.0123456790124,449.4426313334438,8000,1.9625431246919665,2.120467075861657,0.2682342075406421,0.013,0.06,3.5,0.01,0.003,0.15,True,0.035,0.0,0,True,80
0.23509646952152252,0.23165630963113573,0.026549365902571214,256,0.3969268798828125,0.40056770230516975,0.03412532668904716,80.08879852294922,79.4173504864728,6.205609241627807,17.99590492248535,18.041026339118865,0.9223161102013334,192,12.0,17.28395061728395,14.284788220904076,50964.90060674155,6.9675281495162755,2948.982312640175,0.6639056581641024,,0.0,2.8455284552845528e-05,0.0,1.313041675651969e-09,False,26013,halfplane,772.0,1538.0987654320988,3660.861376088522,0.019106514751911163,0.01925256114775016,0.0054854658826837405,9758,26013.0,25846.925925925927,3580.6578979521837,2891.0,2765.7283950617284,453.51513272819636,8000,4.450390189520625,4.4209557346323525,0.39701942323793377,0.008,0.06,5.0,0.003,0.01,0.06,False,0.04,0.0,0,True,81
0.2561894357204437,0.26197268933425716,0.030371217128454742,256,0.1478424072265625,0.1597889087818287,0.04164698626192323,44.82082748413086,42.48426479763455,2.9698350234559148,13.977116584777832,14.541615921774028,1.2866092639896716,225,27.0,39.54320987654321,18.401589694288358,48304.708249999996,5.830790835720272,13101.153623291291,1.8255195755167355,,0.0,2.258355916892499e-06,-0.00041369282253311823,-1.9249244449247072e-08,False,9689,halfplane,498.0,1036.0987654320988,3584.7287260862718,0.05839585140347481,0.05294595369034343,0.008329312360294596,7799,9681.0,10059.444444444445,1581.4314425252228,1487.0,1593.9259259259259,251.35080879307466,8000,3.2067292806275156,2.9455523859993593,0.30799709484173643,0.008,0.05,5.0,0.01,0.003,0.03,True,0.035,0.0008,0,True,81
0.0,0.0033583347843729973,0.021012258742242673,256,0.0,0.006579740547839506,0.05528596397354394,0.0,0.708510504828559,4.490606235264645,0.0,0.522221600567853,3.3374017955606514,238,0.0,2.8395061728395063,17.962551435615218,-2808.0,-0.057023853038257834,-15404.0,-0.2894868159328006,,0.0,0.288607046070461,0.0,0.00013381245657611887,True,0,halfplane,0.0,412.51851851851853,3618.155942257959,0.0,0.00019526833461390602,0.0017465330801994753,0,0.0,26.679012345679013,238.51256286816036,0.0,2.740740740740741,24.402376820978553,8000,0.0,0.035459533607681754,0.23315782788333062,0.005,0.05,2.5,0.01,0.003,0.06,True,0.035,0.0008,0,True,2
0.21929135918617249,0.23259448379646114,0.03343253910370717,256,0.5091552734375,0.47218266239872686,0.06316156208866591,6.736723899841309,14.31602453891142,14.316714579367787,4.981738567352295,7.7865708080338845,4.566548685676524,213,1.0,8.45679012345679,16.946575008287294,180451.3390410958,26.62812933183842,809719.9406035665,100.34860032579326,,98075.0,13.121943541102079,2.939193239031407,0.0003844372700842801,False,33368,halfplane,234.0,779.0,3588.0852798266433,0.035321515053510666,0.039158781737457085,0.008746436945024687,11670,33368.0,30540.40740740741,5362.022208770916,5024.0,4861.518518518518,877.4748438040353,8000,1.3522836250299688,1.585591069753259,0.5138736111705089,0.018,0.08,5.0,0.003,0.03,0.1,True,0.03,0.0008,0,True,48
0.0,0.002714240459299842,0.024243698357913526,256,0.0,0.006342004846643518,0.055213374263101425,0.0,1.3392724873107156,9.58960572814601,0.0,0.5739820503894194,3.6179314227194097,241,0.0,2.8395061728395063,17.962551435615218,-3576.0,-0.09064434199220034,-424626.0,-7.578709299407814,,0.0,0.288607046070461,0.0,0.0003263761896267506,True,0,halfplane,0.0,407.2098765432099,3618.124931187456,0.0,0.0001488420652386583,0.0013312839031403934,0,0.0,10.802469135802468,96.50848101324365,0.0,1.3209876543209877,11.703990203296476,8000,0.0,0.06029860595562155,0.4415516917969556,0.01,0.05,2.5,0.003,0.01,0.01,False,0.04,0.0,0,True,2
0.25914785265922546,0.2564356439275506,0.03251562044776084,256,0.3203277587890625,0.3178298385054977,0.04866987684042791,40.704280853271484,39.8759632581546,2.1305361212591882,17.10481071472168,17.41409315886321,1.0202833312939792,212,11.0,17.51851851851852,17.42079863168467,86596.0859240506,10.904915133264378,55676.06041354558,7.3017250156693665,,0.0,-4.516711833784963e-07,0.0,-5.411695505472378e-10,False,20993,halfplane,263.0,832.4320987654321,3690.4599162621416,0.019955864176154137,0.025310739782857306,0.010338624814631077,575,20993.0,20424.703703703704,3688.6446855060744,3477.0,3221.2098765432097,712.6653105355455,8000,2.3796979945696184,2.3002462199697113,0.1855452282786147,0.008,0.05,5.0,0.003,0.003,0.15,False,0.03,0.0008,0,True,81
0.22639894485473633,0.24101555991319962,0.03729673572687192,256,0.3682098388671875,0.32743741259162806,0.09218079637475828,6.776179790496826,11.861765090330147,9.299163748616051,5.179638385772705,6.95319558956005,3.1360893484590076,230,1.0,15.975308641975309,23.255943251342835,365611.8175,51.8942061129042,411953.39143914013,60.93570333102316,,68255.0,10.092191508581752,2.9721001422717412,0.0005882283359064651,False,24131,halfplane,43.0,969.7283950617284,3791.168704826123,0.035399336367845535,0.04141965057746864,0.018321522584953447,2149,21386.0,19088.35802469136,5658.9666886216455,9899.0,7896.827160493827,2988.43294246466,8000,1.3082342215407567,1.5718641805873939,0.45801523032308683,0.013,0.08,3.5,0.01,0.03,0.01,True,0.03,0.0008,0,True,73
0.22248472273349762,0.24266259795353737,0.05730097137721021,256,0.263641357421875,0.2681099220558449,0.0853693344504194,72.2756118774414,71.92319300145279,8.434036521875782,16.779687881469727,17.03666285526605,1.8169299566408101,217,29.0,36.55555555555556,22.30484639802539,78693.43703896104,5.466691489159742,936.6357044875622,-6.117763289186216,,7163.0,1.1451386630532974,0.41456785218902525,7.081352620086327e-05,False,17278,halfplane,225.0,3150.5555555555557,5590.089632444675,0.03182857856154442,0.031995255672545346,0.01434091975490048,1,17267.0,17155.493827160495,5664.946495172904,5661.0,3578.9753086419755,2058.1014742725106,8000,4.307327236948721,4.2571234027795235,0.5056208488169908,0.008,0.08,3.5,0.003,0.01,0.03,True,0.03,0.0,0,True,79
0.3622342646121979,0.33818087404892766,0.0533431701614269,256,0.1608428955078125,0.12161951889226466,0.05216316974505746,49.99250411987305,47.64503252947772,3.7803042031739666,13.942875862121582,14.097726362722891,1.3621663412446703,234,54.0,51.51851851851852,18.261550453499463,22231.92231353921,3.539611636010494,30637.679866769293,4.522521933589078,,160.0,0.3209162149954831,0.015178825538374019,9.700132758551691e-05,False,10541,halfplane,2660.0,1481.0123456790122,3537.3219921843124,0.07620146125555038,0.07062035040171058,0.011908020349108676,374,10541.0,7565.83950617284,2171.7106669985556,788.0,902.8765432098766,219.86058336237912,8000,3.585523195142776,3.402603297519219,0.29870700866299144,0.01,0.06,2.5,0.01,0.03,0.15,True,0.03,0.0008,0,True,81
0.2243359237909317,0.22078764898541534,0.0324893532899332,256,0.3713531494140625,0.36602820879147374,0.05688567836051797,84.74327087402344,83.80382632031854,6.654826533472097,19.938291549682617,19.878367059024765,0.6138522091713711,203,24.0,16.80246913580247,16.38157633703437,73791.84000956937,10.040603274909484,16561.042839678237,2.1581247745910828,,-1.0,5.103884372177057e-05,-4.108969881255753e-05,4.5898824884805064e-09,False,24337,halfplane,605.0,966.0,3653.969983726646,0.010468798689544201,0.01270602885451359,0.005389942634733017,475,24337.0,23583.432098765432,4459.411099741818,3521.0,3213.0246913580245,683.4179527608043,8000,4.250277355466984,4.226318813657376,0.3625351755915253,0.005,0.08,5.0,0.003,0.03,0.1,False,0.04,0.0,0,True,81
0.3418101966381073,0.3366453081921295,0.05668607723291886,256,0.1868438720703125,0.18152929235387733,0.05998801275228319,44.25251007080078,39.62420062076898,13.263338410145652,12.18538761138916,14.78812449655415,1.9358238779788635,233,39.0,46.160493827160494,21.825037604155497,15286.278242950124,2.275568471522738,141387.5447330447,13.861595898834906,,-7.0,0.2223640469738025,-0.0005718487051713517,0.00026508881608792724,False,12245,halfplane,7046.0,3706.2716049382716,3800.4187553944917,0.06801240146160126,0.06520895841588945,0.015416369419190947,50,12241.0,11487.135802469136,3413.549113380225,520.0,805.0,467.4803752400392,8000,3.6316047366271946,2.6825981930459686,0.8889797458461987,0.013,0.05,2.5,0.003,0.003,0.03,False,0.03,0.0008,0,True,81
0.0,0.016914420473722765,0.06877537946043043,256,0.0,0.009975292064525463,0.058474632135835175,0.0,2.658171430046176,10.635316266880475,0.0,1.019415490421248,4.135946819394436,247,0.0,3.765432098765432,16.076415979291422,-5916.5,-0.3094496582539607,-49518.5,-2.3031148540594857,,0.0,-2.258355916892507e-07,0.0,-1.0213270427473421e-07,True,0,halfplane,0.0,488.8888888888889,3635.7865418335246,0.0,0.0035144148601426017,0.015985806299302935,0,0.0,249.1851851851852,1339.7441446462285,0.0,9.901234567901234,51.62677191848,8000,0.0,0.1793772452467091,0.7493255352934206,0.008,0.08,5.0,0.01,0.01,0.15,True,0.03,0.0008,0,True,5
0.25198686122894287,0.24910412618407496,0.03269357138823013,256,0.3059539794921875,0.30178738817756556,0.04850541558401974,42.17849349975586,42.263964664788894,2.4730752152834516,17.049795150756836,17.048476183855975,1.1711088318894014,215,16.0,16.91358024691358,15.463375712191693,82235.09339240508,13.107486565028033,52488.54619764362,6.3354443182636615,,0.0,3.613369467028e-06,0.0,-1.326877985437286e-08,False,20051,halfplane,335.0,705.2222222222222,3634.1665949026287,0.014711604453623295,0.015360141880120392,0.007200328743325189,702,20051.0,19373.16049382716,3562.0249008106075,3379.0,3437.6543209876545,692.9943109967943,8000,2.473841703655678,2.4931584487697918,0.2185795841755672,0.005,0.05,5.0,0.003,0.003,0.06,True,0.03,0.0008,0,True,81
0.0,0.0029159627946806544,0.02608116411506483,256,0.0,0.006177549008969907,0.05521104452789259,0.0,0.6014814730043765,3.781589891119136,0.0,0.5902184144950208,3.713462021537632,248,0.0,1.3209876543209877,11.269786068816238,-2293.0,-0.09631797651309842,-385771.5,-6.901896793134585,,0.0,0.0,0.0,0.0,True,0,halfplane,0.0,404.58024691358025,3618.3403427749886,0.0,0.0002087940588409518,0.0018675108354658364,0,0.0,0.32098765432098764,2.7614057991359946,0.0,0.24691358024691357,2.09956411818234,8000,0.0,0.025185185185185185,0.158317629717245,0.01,0.05,3.5,0.003,0.003,0.15,False,0.04,0.0008,0,True,2
0.0,0.05430533874917914,0.10782465507896696,256,0.0,0.037198667173032406,0.09537888805340894,0.0,13.444634943832586,26.501891205441446,0.0,3.2193325772697543,6.354541805300763,244,0.0,16.185185185185187,33.334115217167316,-98837.0,-12.528247513272808,-307212.5,-38.14818130883324,,0.0,0.30564092140921423,0.0,0.00012151316055417639,True,0,halfplane,0.0,1796.6913580246915,5361.1896474200885,0.0,0.007202427268005264,0.016343748824271812,0,0.0,1963.037037037037,5074.36227324279,0.0,45.50617283950617,105.75794905848235,8000,0.0,0.9068618527293888,1.8065747756771342,0.005,0.06,3.5,0.01,0.01,0.01,False,0.03,0.0,0,True,17
0.2207774668931961,0.2969900928897622,0.09113148014412106,256,0.309844970703125,0.29909995750144674,0.21008762064064115,37.3992919921875,33.00191092785494,4.761170803025998,14.76570987701416,14.907976633236732,1.9085427546355809,227,90.0,71.66666666666667,20.305080553799737,10641.226484472048,2.8411558089111253,22102.561968895316,11.369747103930472,,-161.0,0.24606436314363145,-0.007928691027282664,1.3711538203434669e-05,False,20306,halfplane,16980.0,14310.617283950618,12954.161186225592,0.018346700817346573,0.04570870887902048,0.02924537828905861,427,20306.0,19195.876543209877,13857.732007962613,1560.0,729.9506172839506,435.78417756178254,8000,2.532847434255885,2.238170512175306,0.3614012827684885,0.013,0.06,3.5,0.01,0.003,0.15,False,0.035,0.0,0,True,80
0.0,0.002923146810060666,0.026145419902029263,256,0.0,0.006346902729552469,0.05521404456560319,0.0,1.4757629206151137,10.764480877574748,0.0,0.5725078347288532,3.609421656590295,250,0.0,2.8395061728395063,17.962551435615218,-3631.0,-0.0896970148470501,-110878.5,-1.9822040591492793,,0.0,0.288607046070461,0.0,0.0003144443263604744,True,0,halfplane,0.0,406.12345679012344,3618.195394210262,0.0,0.00015736434516715414,0.001407509492113989,0,0.0,11.419753086419753,102.02963309533494,0.0,1.6666666666666667,14.795728445970937,8000,0.0,0.06695259473037252,0.49939780121092503,0.01,0.06,3.5,0.003,0.03,0.03,True,0.04,0.0,0,True,2
0.26829472184181213,0.26420373809926306,0.031469136460625075,256,0.510101318359375,0.5246096010561343,0.019354713411907244,77.94041442871094,76.31474125238113,6.860271553037205,17.94800567626953,17.790772755940754,1.220075835617233,195,18.0,31.59259259259259,19.46365893670534,18998.155581780593,2.7826558964365535,3830.8422421095893,0.46103841619436575,,-1839.0,-0.33351219512195124,-0.05698478341612678,-9.979052377492033e-06,False,33430,halfplane,5377.0,8490.888888888889,5620.07889097126,0.03548726439476013,0.03525007621925554,0.005411078657864585,31825,31930.0,32423.14814814815,3826.3259336982296,2519.0,2470.3333333333335,345.5257936450968,8000,4.342566556984744,4.319633129189588,0.4745395221715539,0.018,0.06,3.5,0.003,0.01,0.01,True,0.035,0.0,0,True,79
0.37472155690193176,0.287189190402443,0.08179860496848261,256,0.319305419921875,0.39387474531008876,0.2215930442427278,65.87088012695312,68.8549693543234,5.623443504588285,15.218985557556152,16.071894221835667,1.4715881060588059,211,93.0,76.19753086419753,19.682930972828874,8916.202695296495,1.7632118171937938,14578.49811051134,0.9639914081400057,,-849.0,-0.1216411472448058,-0.04047740007819267,-2.552949524604058e-06,False,20926,halfplane,10698.0,19754.69135802469,15301.222344170015,0.05173737183213234,0.03569087151575972,0.019082831237915758,4309,20920.0,25398.283950617282,14775.686841410165,1023.0,1373.6172839506173,589.271103801416,8000,4.3282041479499185,4.317502116103091,0.4182592671754487,0.013,0.05,2.5,0.01,0.03,0.03,False,0.03,0.0,0,True,78
0.26270854473114014,0.3408820852637291,0.07877982837366983,256,0.267333984375,0.23658997335551699,0.13540775145542283,64.53829956054688,68.18022033314647,7.206617068404412,15.23479175567627,16.190137097864977,1.498028292406554,229,93.0,73.93827160493827,20.445860868211934,9229.458652806643,4.640289586867142,143777.28647586983,35.71632568804294,,-131.0,0.31158378500451683,-0.007594140001345062,6.924634683679277e-05,False,17520,halfplane,15617.0,10343.62962962963,7888.845344863307,0.02292872965335846,0.0479061227797726,0.02229554399497593,360,17516.0,15093.802469135802,8824.207637522893,839.0,478.320987654321,215.66279275016893,8000,4.236244292237443,4.232991841588631,0.38592120407072755,0.013,0.06,2.5,0.003,0.03,0.03,True,0.04,0.0,0,True,81
0.0,0.0035744651600166603,0.02406419252602098,256,0.0,0.0074979052131558645,0.0563242478853874,0.0,1.168418319137008,8.1380152548504,0.0,0.5219635433620877,3.336105041100504,254,0.0,2.2962962962962963,14.501123365973116,-5314.0,-0.09842020691315542,-10598.0,-0.1894211793576886,,0.0,0.288607046070461,0.0,4.243632664363471e-05,True,0,halfplane,0.0,484.69135802469134,3679.873362830375,0.0,0.00011851398251306863,0.0010600212847337715,0,0.0,86.85185185185185,776.7147832990798,0.0,3.1481481481481484,28.046306995339293,8000,0.0,0.062103995759573434,0.45720440685753866,0.008,0.08,2.5,0.01,0.01,0.15,False,0.035,0.0,0,True,2
0.0,0.0202611482437746,0.07416722578750819,256,0.0,0.01823142722800926,0.07463372666160464,0.0,4.397250281439887,16.126223540671063,0.0,1.3030774151837383,4.700997604449662,255,0.0,7.049382716049383,24.981919997859546,-15183.0,-0.7980057730023961,-82445.0,-4.208848317463217,,0.0,0.29793495934959435,0.0,5.472899446982409e-05,True,0,halfplane,0.0,1147.283950617284,4754.497821711142,0.0,0.001716719549379231,0.007571916046151073,0,0.0,790.283950617284,3386.8509363494377,0.0,16.753086419753085,73.91261621775423,8000,0.0,0.2676123918202143,1.0039454494320434,0.008,0.05,3.5,0.01,0.01,0.06,True,0.03,0.0,0,True,6
0.0,0.0029531303379270765,0.018560245131318383,256,0.0,0.006185084213445216,0.055210294609976146,0.0,1.1743589801552854,8.188019962077327,0.0,0.5715933905707465,3.604157261889071,257,0.0,1.5802469135802468,11.58848321174563,-3289.0,-0.10612640786868859,-467761.6666666667,-8.353021257270303,,0.0,0.0,0.0,0.0,True,0,halfplane,0.0,404.5925925925926,3618.3389742787563,0.0,9.648632660600139e-06,8.629999407610628e-05,0,0.0,0.8148148148148148,7.176971250028189,0.0,0.5555555555555556,4.85849135757232,8000,0.0,0.05299145299145299,0.3786237964700781,0.005,0.05,3.5,0.003,0.01,0.06,True,0.04,0.0,0,True,2
0.0,0.002565800959681287,0.02024407562572881,256,0.0,0.006244612328800155,0.05520726246005062,0.0,0.7679595476315345,4.920881092622525,0.0,0.5641164190975236,3.5615255936450816,263,0.0,2.5925925925925926,16.301009419458616,-2592.0,-0.08509417344173452,-1411.0,-0.030038292529817847,,0.0,0.0,0.0,0.0,True,0,halfplane,0.0,404.9012345679012,3618.3058569164677,0.0,0.00014356837642413598,0.001284114596414585,0,0.0,4.716049382716049,42.06996951520059,0.0,2.1358024691358026,18.99171559899422,8000,0.0,0.03454197854897767,0.22596296929580897,0.008,0.05,2.5,0.003,0.03,0.03,False,0.03,0.0008,0,True,2
0.28020933270454407,0.27807995640201333,0.03254806443650714,256,0.3114166259765625,0.30521552945360725,0.03393858611978808,60.339752197265625,59.30916651973018,4.153601144252429,18.053627014160156,17.811018107849875,0.9869606256734325,221,15.0,20.02469135802469,13.397047130555315,59749.573809523776,9.59396739637923,74580.94417051424,8.210789972829106,,9.0,0.0003850496838301726,0.0004409819197412901,1.8542971980138117e-08,False,20409,halfplane,362.0,786.6543209876543,3585.4102720299147,0.045179735869169235,0.04521417558009242,0.010423952732219764,7139,20409.0,19598.04938271605,2776.8116137581405,3245.0,3221.9135802469136,567.6952798845796,8000,3.342250967710324,3.3424812262875174,0.2653248094514003,0.013,0.05,5.0,0.003,0.03,0.15,True,0.03,0.0008,0,True,81
0.0,0.0027327268947789697,0.024442252402670766,256,0.0,0.006174723307291667,0.05521134695522334,0.0,0.5666666619571639,3.575982959896184,0.0,0.5071225107452015,3.2634081112440394,266,0.0,1.2962962962962963,11.263887937464753,-1924.0,-0.12395841398890182,-5734.0,-0.10262404019873521,,0.0,0.0,0.0,0.0,True,0,halfplane,0.0,404.5679012345679,3618.3417146405527,0.0,0.00023502987568025237,0.002102171115057475,0,0.0,0.13580246913580246,1.1083642314796764,0.0,0.1111111111111111,0.8888888888888891,8000,0.0,0.02839506172839506,0.18000999142450544,0.01,0.08,3.5,0.003,0.03,0.1,True,0.04,0.0008,0,True,2
0.22837135195732117,0.2302476657025608,0.03836315486428161,256,0.374176025390625,0.3714850154923804,0.07905358512758132,85.49192810058594,83.91339968457635,6.707194544941475,19.778789520263672,19.820105847017263,0.8921765929061124,223,1.0,22.71604938271605,35.21231356170639,193767.26815805474,28.577490132811768,12107.174740158487,-0.8115102773781169,,25579.0,2.8184518970189703,1.0431041513742763,0.00011808982554207,False,24522,halfplane,104.0,2843.0864197530864,7282.381411133516,0.0355663038790226,0.035205669448147583,0.009140067551364811,6950,24522.0,23940.51851851852,5756.083103474229,8572.0,7441.506172839506,2390.5898446863384,8000,4.3224043715847,4.2478249408685045,0.3804874366073359,0.013,0.08,2.5,0.003,0.03,0.15,True,0.035,0.0,0,True,50
0.0,0.003046619211450035,0.02202866381237972,256,0.0,0.006681465808256173,0.05534195990085978,0.0,1.3043438946759258,9.290852688419125,0.0,0.5670172844404056,3.5779774470705594,268,0.0,2.8395061728395063,17.962551435615218,-4183.0,-0.08813417091768948,-571978.6666666666,-10.206682876187346,,0.0,0.288607046070461,0.0,0.00010819148828192419,True,0,halfplane,0.0,430.75308641975306,3623.005278449875,0.0,0.00012763952951372405,0.001141642658435111,0,0.0,33.34567901234568,298.14103715671985,0.0,2.54320987654321,22.63562655851816,8000,0.0,0.059922267946959304,0.4382933695635239,0.008,0.06,3.5,0.003,0.01,0.1,False,0.035,0.0,0,True,2
0.28216952085494995,0.3083199025304229,0.04430851520313406,256,0.2269744873046875,0.18078820499373072,0.06282850215023751,10.088201522827148,22.943053316186976,13.072396607542757,5.901215076446533,9.338546093599296,3.405041398746032,251,11.0,41.20987654320987,24.059964209502393,193623.75983333332,25.642609248740175,245072.8270549752,29.270608369724506,,17355.0,2.9645508130081306,1.1667226890756301,0.000269829651924222,False,14875,halfplane,45.0,794.0246913580247,3593.9800179968597,0.04258429631590843,0.053615110018003134,0.013808794576328975,1201,14875.0,11443.555555555555,3622.1967960934467,7876.0,4566.938271604939,2600.4870785243907,8000,1.7095126050420169,2.3049840119943905,0.6049258647023412,0.01,0.08,2.5,0.01,0.03,0.15,True,0.035,0.0008,0,True,64
0.26392826437950134,0.2602506118056215,0.030367008929947606,256,0.324981689453125,0.3150069625289352,0.03186864294767435,50.46027755737305,50.0625523696711,3.1244186738933655,15.923176765441895,16.354269404470184,1.1771151307101575,231,17.0,19.271604938271604,19.31481382842305,93058.86956701032,10.991753895564244,48065.201052411925,5.866299389261271,,2.0,0.00016982836495031613,9.390553103583166e-05,7.973436606302625e-09,False,21298,halfplane,361.0,786.8518518518518,3648.314608723453,0.034355808049440384,0.03265481759552603,0.009306284181754703,12223,21298.0,20239.69135802469,2764.909994034255,3432.0,3359.061728395062,581.6326392610741,8000,3.1689830030988824,3.077002304386219,0.24396881395813394,0.01,0.06,5.0,0.003,0.01,0.06,False,0.03,0.0008,0,True,81
0.23408940434455872,0.29742875750418063,0.08340428712283385,256,0.0457763671875,0.24313429844232254,0.17089420558764642,58.082000732421875,62.52020174191322,6.404755469064327,13.07662296295166,14.448528607686361,1.4122717683195507,239,42.0,69.92592592592592,20.855634154695775,77895.5998028169,4.797746510194571,181837.88764946046,6.92151790144474,,16.0,0.29681120144534795,-0.019469129884337022,8.546020345431282e-05,False,3000,halfplane,1694.0,11181.432098765432,10362.482983277838,0.07763790339231491,0.04566082787228587,0.02645282741532957,557,2885.0,14946.777777777777,10746.766514562347,178.0,545.3086419753087,321.16999237069194,8000,4.441666666666666,4.363268709502591,0.4995747459153058,0.01,0.08,2.5,0.01,0.01,0.01,False,0.035,0.0,0,True,81
0.22506120800971985,0.23959537126399852,0.04465842502916323,256,0.3679962158203125,0.3517250720365548,0.06345932411084669,6.769498825073242,8.650631363009229,3.6297553673818896,6.629847526550293,8.049810939364964,2.657544061549905,253,1.0,13.345679012345679,27.040052822391228,368761.47,49.86049755133861,1009610.6906012015,122.26851119585429,,37677.0,4.750929765130987,1.5622589874362482,0.0005285870996144576,False,24117,halfplane,34.0,1446.8271604938273,4974.227791152578,0.03541741147637367,0.036634375513703736,0.007837692958737102,834,24117.0,22646.061728395063,4746.119143270165,9915.0,8542.432098765432,2649.645608440437,8000,1.0210639797653107,1.0572937228250185,0.09358634979247024,0.013,0.08,3.5,0.01,0.003,0.15,True,0.03,0.0008,0,True,37
0.0,0.0030794907476247094,0.027234309530146435,256,0.0,0.0064535258728780865,0.05523724584596252,0.0,0.8836937421633874,5.806942573537406,0.0,0.5028457759339132,3.2431651081470974,276,0.0,2.8395061728395063,17.962551435615218,-2532.0,-0.055975270041087544,-2326.6666666666665,-0.05325331216240832,,0.0,0.288607046070461,0.0,0.00019395634816563154,True,0,halfplane,0.0,408.82716049382714,3618.068377593397,0.0,0.000301473233618854,0.0026964585750737288,0,0.0,18.382716049382715,164.30824449015915,0.0,3.1481481481481484,28.046306995339293,8000,0.0,0.04890214599386859,0.34380322375074546,0.01,0.05,2.5,0.01,0.03,0.03,True,0.035,0.0008,0,True,2
0.2842436134815216,0.2674417343036628,0.06930230226152713,256,0.62286376953125,0.2887997097439236,0.2368562092491672,66.25139617919922,63.139480496630256,9.973745886520334,15.819632530212402,16.00441539434739,2.5605460456034055,245,54.0,71.58024691358025,17.840074321338616,4115.825910750544,-0.2857633024890162,70259.58913487825,11.940405282351495,,-39.0,-0.28864950316169846,-0.012368164585439656,-0.0007582734609395658,False,40820,halfplane,38625.0,13497.802469135802,14458.435706261334,0.025147512555122375,0.04522813887645801,0.04275718771170985,655,38890.0,17566.58024691358,14887.473893677141,922.0,769.7777777777778,400.47826346279123,8000,4.187922586967173,3.98976109629385,0.5189986999400025,0.01,0.06,2.5,0.003,0.01,0.01,True,0.03,0.0,0,True,80
0.2144649177789688,0.21508314690472166,0.025628743493585397,256,0.512054443359375,0.5178631441092786,0.011427041452297261,58.37666320800781,50.79156955671899,6.1636318292250785,16.12083625793457,16.87041586416739,1.176377409695891,228,1.0,5.469135802469136,17.409438634664536,148074.80934693886,19.695402356554734,0.515775034436956,-0.013449843605975443,,51867.0,1.3819485094850927,1.512972564655994,3.437132917600461e-05,False,33558,halfplane,662.0,1482.9876543209878,4651.932333122049,0.035565074533224106,0.03471251200010747,0.00409349778394267,32768,32880.0,32674.666666666668,3676.8371841859334,4034.0,3842.259259259259,479.4379110608737,8000,3.6211931581143095,3.040721574974548,0.4832934832260097,0.018,0.08,3.5,0.01,0.003,0.01,False,0.035,0.0,0,True,59
0.3827662467956543,0.3571628486668622,0.04501189537922342,256,0.194732666015625,0.18631226339457949,0.04995442575559729,50.132347106933594,46.148314511334455,8.204975083486579,13.805217742919922,13.918557814609857,1.385718543977909,260,27.0,35.49382716049383,17.763274262177465,29340.66898148149,3.1933358872248307,21821.283335423796,2.802676549323596,,1.0,-0.02188143631436315,-0.0008622780486911008,-2.2888678688305066e-06,False,12762,halfplane,2372.0,2786.7901234567903,3589.2637083805243,0.08694684505462646,0.0823583515751877,0.013265836830723165,184,12207.0,11272.0,2549.592555199921,810.0,829.3456790123457,234.66162455093638,8000,3.6314057357780913,3.3561118912312873,0.6776825038968406,0.018,0.06,2.5,0.01,0.003,0.01,False,0.04,0.0008,0,True,81
0.3027940094470978,0.2823795429718347,0.035766046734955745,256,0.1349334716796875,0.1294698832947531,0.04606086850068366,54.16985321044922,53.520183469042365,3.6116011908865784,14.711135864257812,14.487337818852177,1.2809220098759206,264,40.0,43.95061728395062,14.520229595987631,27860.766550724627,3.7632599609805015,18570.192675619037,2.63097606626101,,0.0,2.3712737127371277e-05,0.0,2.846446089687412e-09,False,8843,halfplane,763.0,1480.2222222222222,3545.0714457617855,0.08811087161302567,0.07809633113167903,0.013270136005853897,1584,8843.0,8080.407407407408,1599.16847820157,887.0,919.5679012345679,239.10403429591653,8000,3.682234535791021,3.7203125087715128,0.3157615421165892,0.01,0.05,5.0,0.01,0.03,0.1,False,0.04,0.0008,0,True,81
0.2866101861000061,0.283325289134626,0.03185261480496276,256,0.335296630859375,0.33731003749517746,0.025254801460400465,57.29848861694336,56.8301035563151,3.913940706394694,17.179851531982422,17.30156891434281,1.0960958337172866,237,16.0,21.728395061728396,13.184364426297073,58405.72287850466,6.98063339466309,73503.33143399807,9.801179286683475,,19.0,0.0019866757000903353,0.0009563339160585382,9.309050526548975e-08,False,21974,halfplane,710.0,1011.641975308642,3562.6458863216385,0.05481010302901268,0.05561339082541289,0.0074731235211061625,15050,21960.0,21689.716049382718,2682.539161218492,3156.0,3022.9135802469136,388.5875403075137,8000,3.335214344224993,3.2990426421522803,0.2626778730013369,0.018,0.06,5.0,0.003,0.03,0.03,True,0.035,0.0008,0,True,81
0.24429646134376526,0.24223371365188082,0.027300856489611898,256,0.3695220947265625,0.36750303668740353,0.02127872091575655,37.490150451660156,37.64386024004148,1.5432830582567971,17.486162185668945,17.60175245779532,1.1565830479046488,246,11.0,19.74074074074074,15.177775970211197,77820.34371084336,10.887158292269904,67304.37163135072,7.955373415684563,,1.0,5.4426377597109325e-05,-0.008076146118761285,-7.037538371189422e-08,False,24217,halfplane,510.0,952.7777777777778,3559.8311584319854,0.02115616761147976,0.020381821146993724,0.0034304548040388337,16777,23261.0,22724.074074074073,2717.5576806388954,3389.0,3315.8395061728397,410.5578396204732,8000,2.143989759260024,2.1487723504463587,0.1603115619831065,0.008,0.08,5.0,0.003,0.003,0.01,False,0.03,0.0008,0,True,81
0.23439213633537292,0.23169606592920092,0.02650551268530043,256,0.3078460693359375,0.3146919909818673,0.024421857620856698,67.73046112060547,68.16973811020085,5.0259897768674415,15.186454772949219,15.2885114999465,1.165412601006611,240,25.0,29.209876543209877,17.45591699843819,45634.93231963471,5.70157866066934,0.5116598079912364,0.007251726640955168,,-3.0,0.0008030713640469735,9.966615268997003e-05,3.7276430253373985e-08,False,20175,halfplane,1338.0,1231.7777777777778,3644.0888241129205,0.027258284389972687,0.02564590077065391,0.003553414667431123,17261,20164.0,20210.79012345679,2412.935560200527,3123.0,2936.3456790123455,389.6105735533097,8000,4.459925650557621,4.490355796713769,0.42090680524528656,0.008,0.06,5.0,0.01,0.01,0.03,True,0.035,0.0,0,True,81
0.23164789378643036,0.2372870369825834,0.02800079343674393,256,0.3438873291015625,0.31617002133969907,0.02526339954383768,67.73550415039062,67.63802361193999,4.924808318299496,15.053892135620117,15.157399460121438,1.1743167193694517,243,31.0,29.17283950617284,17.634695125919198,44473.48471526196,6.307323306770755,0.4938271604478359,0.08408662865886424,,36.0,0.2944573170731702,0.0015973732085015069,1.562057692123848e-05,False,22537,halfplane,684.0,1455.2222222222222,3725.1707558840612,0.031244775280356407,0.033039078024434454,0.00534828221583129,16448,22537.0,20315.962962962964,2466.911616688807,3266.0,3138.1111111111113,553.1335426905357,8000,4.4995340994808535,4.49407253420625,0.4160382671801566,0.01,0.08,5.0,0.01,0.01,0.06,False,0.04,0.0,0,True,81
0.2638625204563141,0.27658470269338586,0.04192396630592528,256,0.434661865234375,0.40540304301697533,0.0739716309090321,8.502984046936035,11.788579140180422,5.628853895419402,8.129417419433594,9.976222509219323,2.9668250638801643,267,1.0,16.962962962962962,24.207153541440498,209269.7020060423,30.53355494383582,641144.7762316617,84.17273033543091,,33176.0,3.9864157633243007,1.1671826625386994,3.6522701902994555e-05,False,28486,halfplane,112.0,1727.5432098765432,5573.479900273274,0.041613537818193436,0.04732517948673095,0.021035194041314664,2735,28424.0,26123.543209876545,5614.327177457714,7454.0,6410.7037037037035,1866.1689842135422,8000,1.0459523976690304,1.1429273264822557,0.17394446458491825,0.018,0.08,3.5,0.003,0.01,0.03,True,0.035,0.0008,0,True,73
0.19656558334827423,0.292485740173746,0.09925709740368364,256,0.020355224609375,0.25141982090326004,0.19918456057624712,65.5382308959961,66.97099431355794,8.872831751762563,15.297987937927246,15.97883783740762,2.0785076657219457,258,53.0,66.81481481481481,23.243271221247493,128910.34256055363,6.425918998113614,29358.879365079338,38.21644976022725,,-333.0,0.2941917344173441,-0.24885756671551684,3.5945721462719525e-05,False,1334,halfplane,785.0,12745.493827160493,12042.941322897495,0.015901338309049606,0.040086404960832475,0.03073104107145324,1,1333.0,16061.58024691358,13049.29540490781,326.0,410.1111111111111,281.3025259593506,8000,4.284107946026986,4.21966707825624,0.4149609260367513,0.01,0.05,2.5,0.003,0.03,0.03,True,0.03,0.0,0,True,81
0.35390064120292664,0.3463162402679891,0.056600229537586505,256,0.1659698486328125,0.14437922724971064,0.050174925212724396,51.58462905883789,50.91203670737184,6.382272052269145,13.99600887298584,14.333751525407957,1.368129258888126,273,40.0,43.19753086419753,14.789402072310253,21987.146946882218,2.416401197562223,27173.666642061376,3.570236169799173,,95.0,-0.010012195121951234,-0.004759812730937174,2.862881396815148e-07,False,10877,halfplane,1646.0,2469.3456790123455,3559.5306465482067,0.07420335710048676,0.07619181597306404,0.013291106805550446,35,10505.0,8731.024691358025,2164.8970321666948,907.0,792.9629629629629,183.75194259118913,8000,3.6856670037694217,3.566106864061377,0.4344538073202355,0.013,0.05,2.5,0.01,0.03,0.01,False,0.03,0.0008,0,True,81
0.29624733328819275,0.2885832072776041,0.03327401032646603,256,0.286956787109375,0.28642517843364196,0.03329787386628091,38.82463073730469,36.35191239251031,2.378719274192674,14.353260040283203,14.470299579479077,1.2963845123440016,262,34.0,40.925925925925924,19.913874918410983,25941.77521568624,2.9271447955483274,18127.415238665475,2.91492549664556,,28.0,0.0007983288166215001,-0.005305007368521464,-1.5861504439456269e-07,False,18806,halfplane,1810.0,2689.135802469136,3512.845579865053,0.06883414834737778,0.06521480203962621,0.008477663752882418,15112,17963.0,17536.987654320987,2438.4666731159086,1637.0,1732.3827160493827,233.252555748042,8000,2.704934595341912,2.5318939132573717,0.26043221361269203,0.018,0.08,5.0,0.01,0.003,0.01,True,0.04,0.0008,0,True,81
0.0,0.002749236093627082,0.02458991516618452,256,0.0,0.006174534927179784,0.055211367528346,0.0,0.6200274243766879,3.89685104987769,0.0,0.5088183320598838,3.27152407383074,285,0.0,1.271604938271605,11.262318189627749,-2026.0,-0.16984155374887075,-421.0,-0.039362507185677936,,0.0,0.0,0.0,0.0,True,0,halfplane,0.0,404.55555555555554,3618.3430898754455,0.0,0.0002643801501871627,0.002364687950880398,0,0.0,0.12345679012345678,0.9985510001921576,0.0,0.12345679012345678,0.9985510001921576,8000,0.0,0.03155006858710562,0.2030363688568273,0.01,0.06,3.5,0.003,0.03,0.06,False,0.04,0.0008,0,True,2
0.3185056447982788,0.29310382902622223,0.08559853032384598,256,0.1796722412109375,0.2864410023630401,0.19391786454204157,69.22029876708984,73.28621537008404,9.694251763733117,16.635759353637695,17.622695522543825,2.0742528606505606,256,94.0,74.82716049382717,21.178133448952696,25921.908831509878,6.569541001938248,381037.71803113923,29.078847883098955,,117.0,0.31869783197831963,0.009944751381215422,6.676609028999971e-05,False,11775,halfplane,4922.0,12605.25925925926,11438.287490291648,0.10156020522117615,0.049781005162699725,0.028088034166693546,633,11765.0,18361.46913580247,12773.59758588333,456.0,755.9876543209876,376.37496058943043,8000,4.160934182590234,4.177123363429876,0.37737256385270557,0.013,0.08,2.5,0.003,0.03,0.03,False,0.04,0.0,0,True,81
0.0,0.0032132035236299775,0.022766233667150915,256,0.0,0.006859108253761574,0.05547540477866634,0.0,0.888638107864945,5.84588815426433,0.0,0.5279161429699556,3.366292907278908,287,0.0,2.8395061728395063,17.962551435615218,-4549.0,-0.09257926018256482,-5438.0,-0.09796421602787449,,0.0,0.288607046070461,0.0,8.015027306999817e-05,True,0,halfplane,0.0,443.5679012345679,3630.7955695152605,0.0,0.000122673384109397,0.0010972241035942167,0,0.0,44.98765432098765,402.2700245942896,0.0,3.4074074074074074,30.36517570750414,8000,0.0,0.04500089805241238,0.3109598494367972,0.008,0.08,3.5,0.01,0.003,0.1,False,0.035,0.0,0,True,2
0.33903107047080994,0.3359485382651105,0.039379267356847894,256,0.278839111328125,0.2574225531684028,0.03917777079969438,39.755279541015625,41.66573705790955,4.553363514218379,13.939558982849121,13.566433282546056,1.4720061127508868,270,31.0,31.08641975308642,12.54148427908646,14958.473120507377,2.198448805374713,30502.880640465766,3.038127542916789,,3182.0,0.7601366305329726,0.17972257517547807,5.8344736310485635e-05,False,18274,halfplane,4556.0,3985.8395061728397,3586.309033033067,0.06644223630428314,0.06793831955687499,0.009461249830493719,10154,17453.0,15716.518518518518,2496.187671556843,1280.0,1235.7407407407406,242.7463126204172,8000,2.851975484294626,3.1066558659558425,0.4454807071343903,0.018,0.05,3.5,0.01,0.003,0.01,True,0.03,0.0008,0,True,81
0.3510974645614624,0.35257087500742923,0.045391724707273005,256,0.23089599609375,0.21191443926022377,0.0472497328462635,52.16844940185547,47.550343030764736,6.622687426256642,15.310273170471191,15.298582359596535,1.4895138211460626,274,38.0,38.91358024691358,20.230277718423643,18382.691739130416,3.2367900577503885,162564.11790601967,18.246077054728044,,509.0,0.18855532971996397,0.0362122424022584,0.0021005512407029745,False,15132,halfplane,3366.0,3003.5185185185187,3689.512353977269,0.0821065679192543,0.0779138856831892,0.010725788424518002,160,14376.0,12793.666666666666,2583.420877847581,1328.0,1591.9753086419753,431.2188861650178,8000,3.4074147501982552,3.120396482549836,0.3862302197476943,0.018,0.06,2.5,0.003,0.03,0.01,True,0.035,0.0008,0,True,81
0.3004446029663086,0.295840781044077,0.03668911628282166,256,0.191925048828125,0.1706836841724537,0.0419348817872518,53.12036895751953,52.842175801595054,3.5386408836565306,14.507295608520508,14.432012499114613,1.2655795697912369,275,37.0,44.7037037037037,20.19867031709947,19176.70757683739,3.1246094586608466,23119.87914712733,2.3313970149801717,,2.0,3.884372177055104e-05,0.00015900779138178223,4.4486931234846995e-09,False,12578,halfplane,1719.0,2205.0864197530864,3601.8545675616833,0.08362962305545807,0.08113364231439284,0.010708213737759776,6517,12578.0,10781.37037037037,1784.129531119712,1199.0,1027.7777777777778,201.28310631766615,8000,3.661631419939577,3.686788496588006,0.30960208119613053,0.013,0.06,5.0,0.01,0.03,0.06,True,0.04,0.0008,0,True,81
0.35493460297584534,0.3151030402262638,0.09410307498590931,256,0.1951751708984375,0.135189668631848,0.06227364452119598,47.411460876464844,44.656986895902655,10.274044616501424,14.772843360900879,14.158452104639125,2.166428818022037,280,30.0,35.839506172839506,18.677547615822586,12095.441213973798,1.11985963783922,102008.73336209566,13.842402204792311,,-5.0,0.28812353206865393,-0.00039089985145812634,0.00015203383118487287,False,12791,halfplane,3410.0,2705.679012345679,3560.718986305443,0.08007781207561493,0.07692081929632912,0.014524574634336072,1,12791.0,8455.074074074075,3225.9718749119475,627.0,474.9259259259259,177.53843456446114,8000,3.2093659604409353,3.1670749685360216,0.6812882300859281,0.013,0.05,2.5,0.003,0.003,0.1,True,0.04,0.0008,0,True,76
0.0,0.003242922402101994,0.020305690076661203,256,0.0,0.006424703715760031,0.055229351048485704,0.0,0.7056151025089217,4.4702077659858395,0.0,0.5715211703453535,3.6037419580761094,291,0.0,2.8395061728395063,17.962551435615218,-2548.0,-0.057272402443496344,-683.0,-0.014401000508604538,,0.0,0.288607046070461,0.0,0.00021636691816693258,True,0,halfplane,0.0,409.4320987654321,3618.062085942571,0.0,0.00013078300765267126,0.0011697587816529925,0,0.0,16.51851851851852,147.6343590701437,0.0,2.432098765432099,21.641830934846247,8000,0.0,0.03098885472358422,0.19884259589905676,0.005,0.05,2.5,0.003,0.003,0.06,True,0.035,0.0008,0,True,2
0.0,0.0023435377458363403,0.01925711809534917,256,0.0,0.006176418728298611,0.05521116411068014,0.0,0.6036387314031153,3.794804295253356,0.0,0.5328395042890384,3.391689628704141,292,0.0,1.3333333333333333,11.274356350191841,-2341.0,-0.11447655826558263,-972.0,-0.021879328515507383,,0.0,0.0,0.0,0.0,True,0,halfplane,0.0,404.58024691358025,3618.3403427749886,0.0,-0.00025955382964493314,0.0023215200276258826,0,0.0,0.24691358024691357,2.09956411818234,0.0,0.20987654320987653,1.7688389815873895,8000,0.0,0.028589993502274206,0.1813901576628386,0.008,0.06,3.5,0.003,0.03,0.15,False,0.03,0.0008,0,True,2
0.0,0.011654788467251225,0.0575934892909109,256,0.0,0.00805871280623071,0.05724401585335777,0.0,1.4396685612054518,6.118272464181607,0.0,0.9241771344785337,3.917410921111069,293,0.0,2.234567901234568,12.334105686465293,-4900.0,-0.477681715089299,-11386.333333333334,-0.620157769813882,,0.0,0.0,0.0,1.7954803745488998e-07,True,0,halfplane,0.0,483.60493827160496,3666.9417226092723,0.0,0.002889649770050137,0.016901975753277624,0,0.0,123.41975308641975,1039.9504482995605,0.0,4.08641975308642,33.09067136862406,8000,0.0,0.10723696102308734,0.455647698921069,0.008,0.06,5.0,0.01,0.003,0.15,True,0.03,0.0008,0,True,5
0.33903875946998596,0.32311116012940067,0.06827636250245424,256,0.155670166015625,0.14588965898678627,0.05524534504640401,57.769065856933594,53.90616819593642,8.135469521667506,15.28740406036377,14.362915339293304,1.6819827453863885,281,38.0,35.69135802469136,16.913463097728926,17153.743078651692,1.7961350200616437,20087.742601103382,2.7577453584325857,,0.0,-0.0006578590785907863,0.0,-2.8584443568973757e-07,False,10202,halfplane,8039.0,4064.283950617284,3650.4248128723016,0.08801987767219543,0.08574078855231221,0.014322916416436692,1,10202.0,9156.37037037037,2725.0835141554994,547.0,496.358024691358,154.2446596423906,8000,3.7788668888453243,3.758848349038764,0.49257553131315296,0.013,0.05,3.5,0.01,0.03,0.1,True,0.035,0.0008,0,True,81
0.0,0.0029775536430311205,0.018708226246041598,256,0.0,0.0064382670838155865,0.05523291650601761,0.0,1.0284940931532118,6.973621876747787,0.0,0.5781800069926698,3.6423163034917896,299,0.0,2.8395061728395063,17.962551435615218,-3905.5,-0.08861871171568006,-5259.666666666667,-0.09600477650458865,,0.0,0.288607046070461,0.0,0.00020651210982782216,True,0,halfplane,0.0,409.14814814814815,3618.0640315059127,0.0,8.192055939156332e-05,0.0007327197582173778,0,0.0,17.40740740740741,155.58482088025232,0.0,2.5925925925925926,23.077313844252277,8000,0.0,0.045317141129774204,0.31360570495323065,0.005,0.08,3.5,0.003,0.003,0.06,True,0.035,0.0,0,True,2
0.25984981656074524,0.25252759015118637,0.03922183099855607,256,0.064422607421875,0.09098778241946373,0.05118804007858363,54.67692947387695,53.84192907074351,3.7001836026433983,14.163200378417969,14.710738158520357,1.2419877479107195,289,53.0,50.5679012345679,19.22186144273178,57124.69876254181,4.462083761056122,24769.171435714,2.526265689241117,,1.0,1.9196025293586274e-05,-0.00023758505665871787,1.5132600639441352e-07,False,4222,halfplane,212.0,961.4197530864197,3586.1686177132756,0.0446038618683815,0.06184843801145936,0.012514806825481397,805,4219.0,5552.148148148148,1631.768964455682,955.0,926.6913580246913,249.44841085563698,8000,3.86049265750829,3.6844752286319733,0.3139235554683771,0.005,0.06,5.0,0.01,0.03,0.03,True,0.035,0.0008,0,True,81
0.23803572356700897,0.23568037777771184,0.03247513310890215,256,0.3115081787109375,0.2893929187162423,0.061497916754235264,40.98089599609375,42.572428620891806,3.4497861342035,17.414812088012695,17.208625298959237,1.1390843506783612,277,11.0,18.88888888888889,21.8778878164379,115368.636,15.823964575594943,37753.657194726344,5.2509364607763915,,0.0,-1.8970189701897026e-05,4.898599000680015e-05,-1.0572220880727459e-09,False,20415,halfplane,178.0,689.1358024691358,3638.0464970765593,0.013601668179035187,0.01668962029694223,0.010671336268514686,198,20414.0,18561.074074074073,4262.400441696818,3941.0,3712.1111111111113,941.8006525458572,8000,2.35322067107519,2.4814570828247624,0.19083772483997408,0.005,0.08,5.0,0.003,0.003,0.1,False,0.035,0.0008,0,True,81
0.2068062573671341,0.2062301356115459,0.03033358681061216,256,0.2569122314453125,0.24187855661651234,0.04852368309773809,70.59571075439453,67.94488982212397,5.879990742027748,14.418525695800781,14.80567047919756,1.2025892315406597,279,19.0,29.08641975308642,24.357014114306956,77113.77270866142,10.213042160525044,0.4773662551306188,-0.010742103222869668,,43.0,0.29268563685636884,0.002553899150680161,0.00027177377393807075,False,16837,halfplane,233.0,981.8271604938271,3747.561721842002,0.017508523538708687,0.020550056791829842,0.0054092469457189644,1063,16837.0,15447.172839506173,3085.1151639873638,3674.0,3317.2345679012346,914.5481684336299,8000,4.896181029874681,4.626940816940737,0.5012384456323906,0.005,0.08,5.0,0.01,0.003,0.15,True,0.035,0.0,0,True,81
0.25550952553749084,0.24718854861494935,0.02842221197983863,256,0.4496917724609375,0.4429421130521798,0.03877750635236987,79.8015365600586,80.1035419040256,6.538632654372972,18.95644187927246,19.30116465062271,0.8244828383773773,261,21.0,31.19753086419753,17.96252598000573,30811.045680170588,4.4243433752383226,27152.03427816159,2.778592681706402,,-645.0,-0.2638737579042458,-0.0312609622285791,-1.7108674023493865e-05,False,29471,halfplane,2504.0,3185.641975308642,3706.1128160313274,0.030123945325613022,0.02889078680747821,0.0036713862167531653,13215,28272.0,27474.135802469136,3978.8278029165062,3149.0,3105.8765432098767,510.2925179680998,8000,4.209731600556479,4.1650016392205504,0.38487955190680423,0.013,0.06,3.5,0.003,0.03,0.01,True,0.03,0.0,0,True,79
0.2573856711387634,0.25671316113001036,0.029145962019998837,256,0.4178619384765625,0.41124527542679395,0.02183453608829543,67.60346984863281,67.20437367757161,7.260313712158977,14.613807678222656,14.674256360089338,1.3145522451579992,265,21.0,34.41975308641975,18.04238096954348,35700.81189587852,3.372799543786913,0.5020576131064445,0.003729495123704133,,-426.0,0.2826991869918711,-0.015593137712211158,8.749276174051126e-06,False,27385,halfplane,3866.0,3595.2716049382716,4267.673312998275,0.03545765578746796,0.03178063667390817,0.004066660161841572,23910,27385.0,26546.728395061727,3230.0114360243438,2279.0,2265.4938271604938,317.91415579637726,8000,4.62599963483659,4.630306506445385,0.6259638648213938,0.013,0.05,5.0,0.01,0.003,0.15,False,0.035,0.0,0,True,81
0.3474416434764862,0.31417155964874927,0.03898881884413203,256,0.23724365234375,0.2224328311873071,0.03848272952914797,53.781837463378906,52.19855287339952,3.407847618281831,14.092862129211426,14.238225477713126,1.2485042328549265,283,65.0,35.5679012345679,16.314757593916926,18144.497670995683,2.507067026947496,6570.970301783294,2.0681117720636046,,4.0,-1.3550135501354242e-06,0.0002572678157961583,-3.865552375359332e-09,False,15548,halfplane,1786.0,3247.222222222222,3520.200772893711,0.08326547592878342,0.08493662046061622,0.011503603539305993,9027,15548.0,14172.79012345679,2175.9385584783463,1164.0,1097.8641975308642,213.37029500906934,8000,3.8162464625675327,3.691925108780805,0.31243811691297124,0.018,0.06,5.0,0.01,0.03,0.1,True,0.04,0.0008,0,True,81
0.2709052860736847,0.2700017613393289,0.031652465879235855,256,0.602447509765625,0.5945526876567323,0.025292324185302535,79.83937072753906,79.87560305183317,8.195798411904915,17.672948837280273,19.06563252578547,1.4693127119363543,242,11.0,19.728395061728396,16.628855142495503,24577.573700623703,4.182436482693602,0.49108367622829974,-1.553032656881614,,6250.0,-0.08623125564588979,0.1584572020665609,-5.07993036771243e-06,False,39482,halfplane,26947.0,22842.024691358023,6445.107940892899,0.03076542168855667,0.029963028858657235,0.0038083914791476863,30960,39466.0,38488.61728395062,4659.620250430263,1824.0,1942.2962962962963,500.7712186648436,8000,4.517602958310116,4.230941170751021,0.5820921176882339,0.018,0.05,3.5,0.003,0.01,0.03,True,0.03,0.0,0,True,69
0.22029578685760498,0.24665454968258185,0.036379247819333466,256,0.375274658203125,0.3359192271291474,0.05023593270197544,5.527852535247803,14.069238774570419,9.477697240508112,5.356025695800781,9.285324149661594,3.977629317409711,290,1.0,22.48148148148148,23.14906664844398,276202.45152941183,37.620069490197224,912446.3884252014,111.02660534806886,,42528.0,7.04149864498645,1.7294131999512015,0.0002803361707196083,False,24594,halfplane,83.0,1244.320987654321,3607.4746915333094,0.03466825932264328,0.03977359725553312,0.007932814220239644,13691,24591.0,21603.74074074074,3901.883779861987,10010.0,6500.62962962963,3025.275004107909,8000,1.0320809953647232,1.3735071892341135,0.41506774431631105,0.013,0.08,5.0,0.01,0.003,0.03,False,0.03,0.0008,0,True,71
0.2587626874446869,0.2558269517289268,0.03043192063562034,256,0.2570037841796875,0.27080187385464893,0.04386230060289514,81.8104248046875,81.19353880705657,6.616291826812129,19.322324752807617,19.285763210720486,0.7543720762392543,282,90.0,49.876543209876544,20.523628488213454,25144.083074235823,3.5912773784740497,82807.4211015068,9.226209410974588,,-87.0,0.290384598012647,-0.010280423256531446,0.00010222076179144203,False,16843,halfplane,2773.0,3116.3703703703704,3861.557823701304,0.04088820144534111,0.03821980599084018,0.006189615162835161,2954,16148.0,16650.679012345678,2910.3882767868417,1407.0,1498.9012345679012,360.0291005021016,8000,4.2339844445763815,4.222125829199199,0.3670445224731899,0.01,0.06,3.5,0.003,0.03,0.01,False,0.04,0.0,0,True,81
0.1721581667661667,0.17353031315185405,0.0203456516091694,256,0.6029815673828125,0.5991847662278164,0.012264559736511051,96.17964172363281,84.46967555858471,11.323679705667155,22.369083404541016,22.683172108214578,0.3364145107034012,252,1.0,2.8395061728395063,11.846192064237409,146497.07669135812,17.251879278443983,405078.91918486054,52.963398928626134,,165152.0,18.401120596205963,4.1792646202900015,0.00045177165475954054,False,39517,halfplane,36877.0,35862.39506172839,3473.352977405928,0.02970186062157154,0.02976555779668284,0.0033872340335712103,32768,39517.0,38587.543209876545,4372.939229784947,536.0,622.9876543209876,247.92414679420315,8000,4.2996684971025125,3.731441706802179,0.53366280532416,0.018,0.08,3.5,0.003,0.03,0.06,True,0.03,0.0,0,True,5
0.2247992306947708,0.2236140094421528,0.025225039100580052,256,0.5625,0.5452684944058642,0.021138337400777103,74.41207885742188,73.15862815762743,7.090813537391309,16.168092727661133,16.79198381635878,1.5138142280764675,249,21.0,21.82716049382716,13.594470665603183,36007.108723404235,3.782003026128215,0.4965706446673721,-0.0979746019402064,,-190.0,0.2774031165311652,-0.005154079861110938,7.775137617550947e-06,False,36864,halfplane,17642.0,13160.493827160493,6247.57159958469,0.03313510864973068,0.033071075577610805,0.003987146720667122,25102,36864.0,35329.96296296296,4172.845248480234,1935.0,2044.7654320987654,302.24494488129125,8000,4.602403428819445,4.40913621394443,0.5912725011488119,0.018,0.08,5.0,0.003,0.003,0.15,True,0.04,0.0,0,True,80
0.2696334719657898,0.2616212780092969,0.03130657550826727,256,0.5461883544921875,0.5255991617838541,0.024851764035344802,76.16055297851562,76.10722765510465,6.806168793747571,17.010263442993164,17.715585967640816,1.2749033407517156,259,26.0,31.074074074074073,16.738937956027783,25978.853106918163,2.8023404437577932,2025.11060424475,0.8234438049601573,,-1770.0,0.23638121047877156,-0.055342374782257675,5.066346302398103e-06,False,35795,halfplane,6766.0,8607.123456790123,6335.202426697,0.033267054706811905,0.034931157865090136,0.005189616164733184,30931,34265.0,32563.246913580246,3953.313795251402,2329.0,2491.283950617284,355.7065038805323,8000,4.477329235926805,4.325614898961936,0.46307266676408365,0.018,0.06,3.5,0.003,0.01,0.01,False,0.035,0.0,0,True,79
0.39696356654167175,0.29832047371216763,0.08410334882250234,256,0.4488525390625,0.2875038429542824,0.1931688411426519,62.87958908081055,58.958147166687766,5.347824838989898,14.132317543029785,14.728549168433672,1.5124287568742867,286,50.0,70.0246913580247,18.008897189754844,4131.229606490873,2.066973442139773,9082.158693415578,3.3099488238065664,,-507.0,0.24722312556458906,-0.017235518085395807,8.000173706432469e-06,False,29416,halfplane,27102.0,13678.444444444445,12156.623024426837,0.04800889268517494,0.048421055687890374,0.02644503423399208,1189,29416.0,18437.271604938273,12731.348939820373,819.0,839.1358024691358,372.0039742614739,8000,4.449347293989666,4.041086694390681,0.4490091335560576,0.013,0.08,2.5,0.01,0.01,0.15,True,0.04,0.0,0,True,81
0.2527754008769989,0.248140275662328,0.028386784192692006,256,0.2688751220703125,0.2590386661482446,0.042513503103110244,65.18778991699219,64.22556121261032,4.4722353559209695,18.444002151489258,18.49756598766939,0.8142111729638504,284,12.0,17.14814814814815,16.427251606281462,111797.86177272728,15.905482224383187,45689.34590222477,5.739988309651071,,4.0,0.0003724028906955737,0.0001134880524578108,1.6195950528864978e-08,False,17621,halfplane,127.0,608.7901234567901,3605.426937326047,0.027478475123643875,0.030474267279108364,0.008035909403099183,2162,17621.0,16571.64197530864,2842.2480900075657,4018.0,3740.8765432098767,712.7457320711094,8000,3.53436240848987,3.4839044816392413,0.28409388400974245,0.008,0.08,5.0,0.003,0.03,0.06,True,0.035,0.0008,0,True,81
0.23312096297740936,0.23514652013042828,0.026480865381518236,256,0.38446044921875,0.39749239697868444,0.01712856235163206,68.94237518310547,66.73963890546634,6.759769824563815,14.530695915222168,14.728105203604992,1.3319248354937687,278,39.0,25.82716049382716,14.857171958480906,46436.760089086834,5.273530291649081,0.5061728395521641,0.005772007357279538,,116.0,0.5799525745257442,0.004563228850211987,2.184589588835592e-05,False,25196,halfplane,1855.0,1676.6543209876543,3650.3754556108024,0.025029441341757774,0.02513794695245631,0.0030990136160261483,24236,25196.0,25645.444444444445,2986.0344651662167,3420.0,3269.925925925926,424.2754398194871,8000,4.744602317828226,4.581754433545437,0.5962763889367001,0.01,0.06,5.0,0.01,0.003,0.06,True,0.03,0.0,0,True,81
0.30208393931388855,0.3081022236082289,0.041587443027340285,256,0.49322509765625,0.47049553011670525,0.0804812158855874,8.151714324951172,10.504753477779435,4.682595920100924,8.048873901367188,9.880355517069498,3.375532555492404,298,1.0,15.444444444444445,26.481300180679558,149873.28649343835,21.09841042677338,1166176.7121351124,157.60295308667463,,31450.0,4.477555781391149,0.9729612671699046,0.000144436676569621,False,32324,halfplane,379.0,2533.740740740741,7744.126230952901,0.03662416711449623,0.0380006914521441,0.008182976007760561,3839,32324.0,30429.716049382718,6272.651346868567,4654.0,4486.518518518518,1022.5222399236831,8000,1.012776884049004,1.0425309720854765,0.07861012603971387,0.018,0.06,2.5,0.003,0.003,0.15,True,0.03,0.0008,0,True,53
0.20701000094413757,0.20575655849627505,0.02313167631769416,256,0.5356292724609375,0.5267965057749807,0.016626163847701776,78.49673461914062,79.55911292558835,6.383566226334402,17.693330764770508,18.128687587785134,1.0282436057829414,269,22.0,23.333333333333332,16.312533997883307,31361.672372093075,5.458632525653101,0.5006858708802611,0.22815484812211054,,-31.0,0.2886560523938569,-0.013735225627541814,1.1304813311945588e-05,False,35103,halfplane,4042.0,9066.271604938273,4548.2650009452345,0.01974352076649666,0.01849912768114864,0.002728999162489463,26687,33910.0,32928.765432098764,3825.2625449203474,2228.0,2222.938271604938,274.841338997073,8000,4.43651539754437,4.410150686124992,0.4162678606871955,0.01,0.08,5.0,0.003,0.01,0.01,False,0.03,0.0,0,True,81
0.2884162664413452,0.2886084474531221,0.034099333279601206,256,0.513092041015625,0.5111641589506173,0.03679863714592839,72.50023651123047,70.29279704152802,6.400015329228119,15.339509963989258,16.47734240543695,1.4650566116304382,272,15.0,27.209876543209877,25.131120862134814,65462.67040449439,7.853864643103372,0.5130315499845892,-0.019255983700868496,,10351.0,1.0559688346883467,0.30782727651222275,3.111784553676562e-05,False,33626,halfplane,918.0,4104.061728395061,7159.191054284356,0.03471142053604126,0.03480304616652889,0.004565848605375989,20636,33626.0,33074.79012345679,4463.524814624273,3845.0,3798.5308641975307,627.4420751666058,8000,4.726372449889966,4.318786097248011,0.595838628550401,0.018,0.06,2.5,0.01,0.01,0.1,True,0.035,0.0,0,True,45
0.23702619969844818,0.23315377349470867,0.02629288435120875,256,0.5982513427734375,0.5955857641902971,0.024433632017830196,70.98199462890625,72.19706386990018,7.419421998782505,16.490528106689453,16.84146925843792,1.6115279768272406,271,20.0,23.14814814814815,12.184903745483346,21624.246745341574,2.513356247364561,4216.63499017898,0.22909184157857468,,-745.0,-0.013338301716350516,-0.0190017088785166,-3.7032958300870314e-07,False,39207,halfplane,29020.0,29371.728395061727,5506.392648577182,0.02873232215642929,0.030338627711674313,0.003638447998495183,28133,39207.0,38627.48148148148,4552.620000279071,1528.0,1531.5061728395062,385.9454360288844,8000,4.304409926798786,4.343729627947532,0.6137218100586711,0.018,0.05,5.0,0.003,0.003,0.06,True,0.035,0.0,0,True,80
0.25307753682136536,0.24986184765527278,0.028099000026232255,256,0.2805633544921875,0.28706604757426696,0.03190431623606628,54.62517166137695,55.09320859555845,3.560184750822229,16.288158416748047,16.846435064150963,1.1739941490830856,296,9.0,17.901234567901234,16.749870047973214,132830.7015348837,15.474566101905573,27097.34231558733,3.763429564947944,,0.0,8.355916892502258e-06,-0.0004898225434815107,-1.781007271016235e-09,False,18387,halfplane,119.0,624.320987654321,3597.4422251974515,0.02849426120519638,0.027724155466313714,0.007945599501323935,9104,18385.0,18402.74074074074,2483.8614441078184,3830.0,3734.0,555.5017307259322,8000,3.353673791265568,3.28801385145767,0.2756000238706696,0.008,0.08,5.0,0.003,0.01,0.03,False,0.04,0.0008,0,True,81
0.2539283335208893,0.2500315220267684,0.032963617776759345,256,0.26226806640625,0.258700712227527,0.04302055118296652,66.41471099853516,66.12795540138528,4.724881307167891,18.5491943359375,18.70046509636773,0.7664990899886096,297,7.0,16.320987654320987,13.486918362834908,124260.3871764706,16.632810591557696,38468.50580036652,5.4939231016358825,,-1.0,-3.8392050587172554e-05,-5.818012566916053e-05,3.706307770613697e-08,False,17188,halfplane,154.0,624.7654320987655,3660.8995901520475,0.017003340646624565,0.01749122825761636,0.007876801139244664,711,17188.0,16549.58024691358,2871.752120841984,3892.0,3632.864197530864,688.5388672262054,8000,3.580463113800326,3.547043463163712,0.2867377146997317,0.005,0.05,5.0,0.003,0.03,0.06,True,0.03,0.0008,0,True,81
0.28191637992858887,0.31309749829916306,0.056852739364503725,256,0.4636077880859375,0.47900805061246143,0.12952377048378966,63.959022521972656,58.0997183057997,10.232616228478623,13.627684593200684,15.333808651676884,1.8592530991733236,288,68.0,67.93827160493827,18.023541312880077,12175.687754098326,1.7389034972945059,0.48834019200876355,0.003254544241266403,,-1360.0,-0.7899417344173443,-0.05420457356893649,-2.1428198112172858e-05,False,30383,halfplane,16930.0,17676.30864197531,13030.577788315171,0.026480892673134804,0.0372542800542749,0.010686463013305683,13653,29434.0,29897.567901234568,8788.420052024227,3294.0,3123.395061728395,1112.9640957794336,8000,4.693315340815587,3.8953738962949345,0.9316401948832075,0.018,0.05,2.5,0.01,0.003,0.01,False,0.035,0.0,0,True,77
0.23194871842861176,0.23124766920083833,0.026805131004647226,256,0.5970611572265625,0.5985536928530093,0.014514360732768648,74.43331146240234,58.849775432068625,11.196088037640088,20.509126663208008,21.65328131781684,0.8847670503078849,295,1.0,4.987654320987654,17.241561777358836,75427.69105829601,8.173561941267735,18098.84863265208,-3.8914840047232726,,54925.0,1.808690153568203,1.4036903575353317,4.0346050166601684e-05,False,39129,halfplane,31218.0,32158.876543209877,4293.459566187484,0.029808003455400467,0.02987756437541526,0.0036017712883567063,32768,39129.0,38698.555555555555,4427.375353244687,1177.0,1177.0740740740741,336.9004607283248,8000,3.6292775179534362,2.7425635173587755,0.6111290053919864,0.018,0.06,3.5,0.003,0.003,0.06,False,0.03,0.0,0,True,27
0.3273641765117645,0.307274776108471,0.04261732853210831,256,0.4162750244140625,0.4808741440007716,0.07306434562334055,71.8184814453125,64.7316838959117,7.146530658008459,14.169137954711914,14.410612895164961,1.4848607007583463,294,41.0,62.06172839506173,19.896861021129236,9076.788423625228,1.1172586338823967,0.5048010973259807,0.08286686592574853,,-2486.0,-0.40313979223125573,-0.10665637116695303,-1.3920293975292164e-05,False,27281,halfplane,10291.0,17276.222222222223,9402.142772583778,0.04074252396821976,0.03781407386248494,0.007347158958250742,20846,26442.0,30029.40740740741,5694.902866702794,2864.0,2394.814814814815,557.7291061347829,8000,5.0686558410615445,4.555012774771247,0.6646888236791016,0.018,0.05,3.5,0.01,0.003,0.01,False,0.035,0.0,0,True,79
