F_std_final,F_std_mean,F_std_temporal_std,N,alive_density_final,alive_density_mean,alive_density_temporal_std,cog_load_final,cog_load_mean,cog_load_temporal_std,cog_specificity_final,cog_specificity_mean,cog_specificity_temporal_std,config_idx,correlation_length_final,correlation_length_mean,correlation_length_temporal_std,dyn_excess_pc_final,dyn_excess_pc_slope,eg_excess_pc_final,eg_excess_pc_slope,error,excess_activity_final,excess_activity_slope,excess_pc_final,excess_pc_slope,extinct,final_pop,init,largest_patch_final,largest_patch_mean,largest_patch_temporal_std,mean_intake_final,mean_intake_mean,mean_intake_temporal_std,min_pop,n_distinct_genomes_final,n_distinct_genomes_mean,n_distinct_genomes_temporal_std,n_patches_final,n_patches_mean,n_patches_temporal_std,n_steps,negene_final,negene_mean,negene_temporal_std,param_food_inc,param_gdiff,param_m_scale,param_mu_egene,param_mu_egenome,param_mu_lut,param_restricted_mu,param_tax,param_tax_per_egene,seed,shadow,unique_top_genomes
0.2472001016139984,0.2994828012622433,0.09191238430023513,256,0.4345703125,0.19270494249131945,0.14902741174811798,25.0,25.0,0.0,25.0,25.0,0.0,22,78.0,63.81481481481482,22.21172591618182,5735.922979423864,5.180209643843645,0.0,0.0,,-152.0,0.3078051038843721,-0.005092379719714435,3.8846074285583266e-05,False,28480,halfplane,25172.0,8828.32098765432,8054.9991651947375,0.024063648656010628,0.049655327975841955,0.03493096092365504,2,28466.0,12208.469135802468,9605.810593730632,784.0,380.358024691358,272.47209886119816,8000,1.0,1.0,0.0,0.01,0.05,2.5,0.0,0.0,0.03,True,0.035,0.0,0,True,81
0.2213418334722519,0.22629774738976985,0.036816789445326896,256,0.2862548828125,0.2850396427107446,0.032262681744359464,25.0,25.0,0.0,25.0,25.0,0.0,12,1.0,6.037037037037037,16.054263265520103,497688.8275675676,67.28729371691567,0.0,0.0,,16123.0,2.7710182926829274,0.8597136146504685,0.0001818562295783942,False,18760,halfplane,16.0,583.2222222222222,3652.4143917262304,0.03528175875544548,0.03475350224309497,0.003994032645961052,8218,18759.0,18275.74074074074,2482.8010305854136,9979.0,9313.716049382716,2098.949850503247,8000,1.0,1.0,0.0,0.01,0.08,1.2,0.0,0.0,0.06,False,0.035,0.0,0,True,43
0.3515353202819824,0.3162159216762693,0.08123946298999707,256,0.2025146484375,0.22779130346981097,0.14450083190496846,25.0,25.0,0.0,25.0,25.0,0.0,0,91.0,73.81481481481481,20.641628268096948,12242.361375527427,2.5922954214702347,0.0,0.0,,-180.0,0.2585643631436298,-0.026386166364957386,6.535150242968528e-05,False,13272,halfplane,4372.0,10278.79012345679,7991.875489823445,0.05488141253590584,0.0401703776837683,0.020655411783292568,1,12177.0,13586.79012345679,8826.123785638212,224.0,596.4814814814815,340.3390143941668,8000,1.0,1.0,0.0,0.01,0.06,2.5,0.0,0.0,0.01,True,0.035,0.0,0,True,81
0.36048486828804016,0.3500567260715697,0.04287633515006368,256,0.28021240234375,0.2641656192732446,0.04594143073786847,25.0,25.0,0.0,25.0,25.0,0.0,26,24.0,22.19753086419753,17.24866769096225,140034.68818181817,18.524429387956893,0.0,0.0,,1616.0,2.5462009936766044,0.08799825746024825,0.0003289954528329656,False,18364,halfplane,99.0,540.1851851851852,3603.3796040168622,0.03578071668744087,0.03486787403623263,0.00397470856666844,2863,18364.0,16907.777777777777,3106.764169507926,6031.0,5735.518518518518,1189.2046840309965,8000,1.0,1.0,0.0,0.01,0.05,1.0,0.0,0.0,0.15,True,0.035,0.0,0,True,71
0.3607034981250763,0.3523804813991358,0.041971887091061755,256,0.2724609375,0.2647049515335648,0.04257592309958492,25.0,25.0,0.0,25.0,25.0,0.0,27,14.0,25.308641975308642,17.40415870219177,125173.33558017493,16.688355352999487,0.0,0.0,,926.0,1.7629387985546534,0.051859318996415826,0.0002299200768535994,False,17856,halfplane,181.0,597.8765432098766,3597.396834484405,0.03657963499426842,0.03493470776780152,0.003970022692633897,3496,17856.0,16943.074074074073,2898.457247272438,5618.0,5367.024691358025,1067.0126172244932,8000,1.0,1.0,0.0,0.01,0.05,1.2,0.0,0.0,0.1,False,0.035,0.0,0,True,63
0.22411441802978516,0.2377670841452516,0.04652639645472559,256,0.2877655029296875,0.285061494803723,0.08174328413464894,25.0,25.0,0.0,25.0,25.0,0.0,11,1.0,20.382716049382715,25.671027960985377,377957.8368133971,48.68985493441247,0.0,0.0,,20971.0,3.596004742547427,1.1119889707831807,0.0001959979218546139,False,18859,halfplane,31.0,2243.6543209876545,5577.347704005034,0.03490582853555679,0.035841927070308616,0.010792316274760398,6083,18859.0,18277.185185185186,5513.059474391292,10122.0,7719.135802469136,3244.1108076289524,8000,1.0,1.0,0.0,0.01,0.08,2.0,0.0,0.0,0.15,False,0.035,0.0,0,True,60
0.3851798176765442,0.37943843558982565,0.04490742010906442,256,0.286834716796875,0.2919618583019869,0.04049145538506169,25.0,25.0,0.0,25.0,25.0,0.0,28,25.0,30.62962962962963,15.678438795769887,96832.72777777776,12.34818451468026,0.0,0.0,,-753.0,1.1299175700090338,-0.019736437210840174,0.00014565623378507136,False,18798,halfplane,350.0,741.3827160493827,3582.4441396932143,0.04065752401947975,0.040058196234850234,0.004670276814477144,4793,17748.0,17696.493827160495,2858.8022102136392,5080.0,4885.62962962963,906.5364073701161,8000,1.0,1.0,0.0,0.013,0.05,1.5,0.0,0.0,0.01,False,0.04,0.0,0,True,81
0.25957533717155457,0.26091971735895414,0.031970455168322795,256,0.3266754150390625,0.3253786063488619,0.034706828517588724,25.0,25.0,0.0,25.0,25.0,0.0,3,1.0,4.345679012345679,13.371390588391964,330824.45857142855,45.81220713939559,0.0,0.0,,15563.0,3.3199579945799464,0.7269372693726939,0.00015998189319637554,False,21409,halfplane,35.0,685.4444444444445,3998.5575392961055,0.04000705108046532,0.039727588218671304,0.004636432903949759,7376,21409.0,20918.876543209877,3002.785054499215,9158.0,8700.58024691358,1640.962581589756,8000,1.0,1.0,0.0,0.013,0.08,1.2,0.0,0.0,0.15,True,0.04,0.0,0,True,34
0.18637199699878693,0.19108995427320033,0.034478928250312624,256,0.3332977294921875,0.3349370132257909,0.040063909976348906,25.0,25.0,0.0,25.0,25.0,0.0,1,1.0,7.45679012345679,20.596685207783906,541265.7404974094,69.03222285609485,0.0,0.0,,26331.0,4.328122402890696,1.2054662821041067,0.00022494978865837404,False,21843,halfplane,16.0,956.0,4366.400056887839,0.029912728816270828,0.02977203881299054,0.0038458567059884053,7170,21843.0,21545.728395061727,3351.640066610271,10594.0,9879.32098765432,2275.2309383649063,8000,1.0,1.0,0.0,0.01,0.08,2.0,0.0,0.0,0.06,False,0.03,0.0,0,True,26
0.26313838362693787,0.26359872869503354,0.03491708101362221,256,0.3269500732421875,0.3244738166714892,0.029361430443888153,25.0,25.0,0.0,25.0,25.0,0.0,5,1.0,7.111111111111111,19.07619549511645,261399.11182206398,37.443655017979175,0.0,0.0,,14909.0,2.022887308039748,0.6958043589863259,9.751662494814927e-05,False,21427,halfplane,55.0,717.0370370370371,3750.3229241847016,0.040199119597673416,0.03980194137972078,0.0044900719499272185,8767,21427.0,20860.11111111111,2736.358799843595,8978.0,8536.444444444445,1750.9232908298325,8000,1.0,1.0,0.0,0.013,0.08,1.5,0.0,0.0,0.1,False,0.04,0.0,0,True,47
0.26214390993118286,0.2646434351249977,0.03527952577697295,256,0.3362884521484375,0.3314689353660301,0.031642162385571555,25.0,25.0,0.0,25.0,25.0,0.0,23,1.0,8.839506172839506,20.172990615509114,305912.60509090906,39.04054530066175,0.0,0.0,,21167.0,4.01355194218609,0.9604337764871369,0.00019000054641880198,False,22039,halfplane,69.0,779.8024691358024,3752.586306225736,0.029866080731153488,0.029859682062157878,0.003585806344972099,8995,22039.0,21318.35802469136,2908.3766899395537,9058.0,8381.617283950618,1867.818682663337,8000,1.0,1.0,0.0,0.01,0.06,1.2,0.0,0.0,0.15,False,0.03,0.0,0,True,36
0.3229310214519501,0.3202207662441112,0.03799636215816654,256,0.335205078125,0.3249847035349151,0.040134101505999976,25.0,25.0,0.0,25.0,25.0,0.0,20,18.0,18.753086419753085,15.230355381340065,165876.0673731343,20.344004079191134,0.0,0.0,,6468.0,2.48996115627823,0.3044880572023372,0.00018918016511920325,False,21968,halfplane,133.0,850.0493827160494,3706.2404294673242,0.029541537165641785,0.029745139894478113,0.003439875102641395,7789,21050.0,19957.83950617284,3155.267406471359,7057.0,6566.518518518518,1499.0484974827243,8000,1.0,1.0,0.0,0.01,0.05,1.0,0.0,0.0,0.01,False,0.03,0.0,0,True,81
0.18787552416324615,0.18808494011561075,0.023571751949848306,256,0.4360809326171875,0.43210102599344136,0.03334109090562282,25.0,25.0,0.0,25.0,25.0,0.0,9,1.0,6.308641975308642,20.61321760742552,427539.8599844358,56.508084290405755,0.0,0.0,,75308.0,3.8960964317976488,2.8210276560613563,0.00014195480257697647,False,28579,halfplane,57.0,1091.851851851852,4885.194978509264,0.02988062985241413,0.02969266941058047,0.0038194132752578346,15052,25223.0,24746.35802469136,3399.286033637797,7864.0,7740.777777777777,1233.9139374114677,8000,1.0,1.0,0.0,0.013,0.08,2.5,0.0,0.0,0.01,True,0.03,0.0,0,True,43
0.3653970956802368,0.3564190055117195,0.04082203490518537,256,0.3677978515625,0.35472690911940585,0.035593192274521346,25.0,25.0,0.0,25.0,25.0,0.0,29,24.0,32.839506172839506,13.78087491186179,73931.90149999998,10.715530608409464,0.0,0.0,,-243.0,0.6385085817524844,-0.010081314304679845,3.2247655079960727e-05,False,24104,halfplane,542.0,1355.1851851851852,3711.6299607728197,0.035360436886548996,0.03490086502315086,0.004052333741017896,8848,24104.0,22842.728395061727,3291.0694048386954,5044.0,4910.123456790124,910.8540204043763,8000,1.0,1.0,0.0,0.013,0.05,1.5,0.0,0.0,0.15,True,0.035,0.0,0,True,68
0.34372419118881226,0.3231683585010929,0.07307056891313433,256,0.3506927490234375,0.36029674388744215,0.19462109194362381,25.0,25.0,0.0,25.0,25.0,0.0,6,66.0,65.75308641975309,20.161404801264045,15108.403083333338,0.8072444273590909,0.0,0.0,,-306.0,-0.6223830171635051,-0.0044811836476905675,-4.0536220173630846e-05,False,22983,halfplane,9411.0,15926.592592592593,13962.735345035395,0.03347806632518768,0.04807994843541104,0.025039755081150382,2120,21918.0,21950.679012345678,12223.325136931431,2313.0,1876.0123456790122,722.6428261379004,8000,1.0,1.0,0.0,0.018,0.05,2.5,0.0,0.0,0.01,True,0.04,0.0,0,True,78
0.31992489099502563,0.34054443460923656,0.06474539484674613,256,0.626190185546875,0.3733194610218943,0.1795819740834402,25.0,25.0,0.0,25.0,25.0,0.0,15,62.0,73.08641975308642,17.973366805980618,4615.372461538413,4.19323914937958,0.0,0.0,,-201.0,0.31285094850948514,-0.004897899507773307,9.968815881095269e-06,False,41038,halfplane,38082.0,16691.333333333332,13355.200433437303,0.037693168967962265,0.043809809296587364,0.015540629570133944,7348,41038.0,24060.654320987655,12037.338666698812,1202.0,1866.5555555555557,635.6327070499165,8000,1.0,1.0,0.0,0.018,0.05,2.5,0.0,0.0,0.06,False,0.04,0.0,0,True,76
0.19234366714954376,0.1916573448681537,0.024924801157270807,256,0.43426513671875,0.4340415295259452,0.027611314121017985,25.0,25.0,0.0,25.0,25.0,0.0,2,1.0,5.08641975308642,18.672748698891535,412523.1490881226,51.61517903350833,0.0,0.0,,42664.0,7.990465447154473,1.4996133567662566,0.0002850519729390175,False,28460,halfplane,61.0,966.320987654321,4646.8507690484785,0.030070198699831963,0.029654354500917742,0.003489265894272878,16343,28450.0,28030.04938271605,3587.0902988879666,6404.0,6570.432098765432,1138.1667080291734,8000,1.0,1.0,0.0,0.013,0.08,1.5,0.0,0.0,0.03,False,0.03,0.0,0,True,33
0.25955745577812195,0.2587602147717535,0.031045817251081364,256,0.431732177734375,0.4324732650945216,0.04423724973589267,25.0,25.0,0.0,25.0,25.0,0.0,17,1.0,6.950617283950617,20.211780719814726,279719.1075064935,35.252074182743236,0.0,0.0,,33366.0,5.442401309846433,1.1805756345318086,0.0001968431408436073,False,28294,halfplane,78.0,1024.0493827160494,5022.849746688454,0.03007826954126358,0.029721347523140318,0.0036386681648433498,11853,28212.0,27855.9012345679,4223.292664322115,6452.0,6256.716049382716,1165.5669233061567,8000,1.0,1.0,0.0,0.013,0.06,1.2,0.0,0.0,0.03,True,0.03,0.0,0,True,61
0.314724326133728,0.31323548857076666,0.036423867427040735,256,0.4322357177734375,0.43006331832320605,0.04417026277179705,25.0,25.0,0.0,25.0,25.0,0.0,8,10.0,13.88888888888889,26.686104027155185,161805.60905722063,19.870745926349166,0.0,0.0,,13960.0,1.3570137759710932,0.49281604123274647,5.5850369842723554e-05,False,28327,halfplane,227.0,1196.2716049382716,4818.777000244212,0.030297376215457916,0.029774062105534987,0.0034182870620785783,8177,28327.0,27777.30864197531,4217.744399358546,5715.0,5414.555555555556,1023.8500324211984,8000,1.0,1.0,0.0,0.013,0.05,1.0,0.0,0.0,0.06,True,0.03,0.0,0,True,45
0.3885595202445984,0.3838743092837157,0.04427134956160469,256,0.4377593994140625,0.42503771369839893,0.04848352580284598,25.0,25.0,0.0,25.0,25.0,0.0,10,13.0,20.88888888888889,22.81325150969157,86471.24843062198,11.674582951566105,0.0,0.0,,-2248.0,0.9062190605239384,-0.0679451069326058,4.388603589915059e-05,False,28689,halfplane,522.0,1449.7530864197531,4949.470121360827,0.03918547183275223,0.039902145985835864,0.004896090855598311,6992,27254.0,26083.876543209877,4137.710142014097,4410.0,4376.740740740741,796.4130818753339,8000,1.0,1.0,0.0,0.018,0.05,1.2,0.0,0.0,0.01,False,0.04,0.0,0,True,79
0.31595826148986816,0.3115516076853246,0.040085265708875016,256,0.424530029296875,0.42838221420476463,0.05773455703202249,25.0,25.0,0.0,25.0,25.0,0.0,13,15.0,32.135802469135804,17.64236839621167,78795.85381132073,9.498320181301052,0.0,0.0,,3616.0,1.949467253839205,0.12996908920997785,8.759716505022443e-05,False,27822,halfplane,422.0,3570.58024691358,6666.755547304178,0.030487967655062675,0.029943745468317726,0.004397940567476577,11504,27822.0,27669.85185185185,4859.174619012176,5097.0,4575.308641975309,1056.17065869853,8000,1.0,1.0,0.0,0.013,0.05,2.0,0.0,0.0,0.06,False,0.03,0.0,0,True,62
0.26108479499816895,0.2602096678298197,0.030712939692521746,256,0.449676513671875,0.44697325906635804,0.03314310141362313,25.0,25.0,0.0,25.0,25.0,0.0,18,1.0,4.320987654320987,18.270145086826066,303922.5374521452,36.398043523229745,0.0,0.0,,32214.0,2.56179674796748,1.0931116389548698,9.030437090880093e-05,False,29470,halfplane,135.0,637.7530864197531,3664.8292720609334,0.04018409550189972,0.039622042834022896,0.004533547092455102,11123,29470.0,28879.864197530864,3896.299981964803,5166.0,5053.444444444444,732.1029914728233,8000,1.0,1.0,0.0,0.018,0.08,1.2,0.0,0.0,0.1,False,0.04,0.0,0,True,31
0.3501032292842865,0.3437944234889231,0.03941802834639177,256,0.44439697265625,0.44139833803530093,0.04706477105728322,25.0,25.0,0.0,25.0,25.0,0.0,16,2.0,11.814814814814815,25.336311282626582,162742.75438482384,17.846506111062574,0.0,0.0,,14136.0,3.456893631436315,0.49765657308849987,0.00012938995939621014,False,29124,halfplane,238.0,1212.0864197530864,4774.792776054267,0.04005419835448265,0.03967469190189868,0.004752255582100734,7842,27901.0,27284.246913580246,4221.562476323526,4421.0,4435.7037037037035,762.9749351811485,8000,1.0,1.0,0.0,0.018,0.06,1.0,0.0,0.0,0.01,False,0.04,0.0,0,True,77
0.34617748856544495,0.341356411760236,0.03858228440152845,256,0.442474365234375,0.4424199233820409,0.03827701193510169,25.0,25.0,0.0,25.0,25.0,0.0,4,10.0,14.481481481481481,20.51805053617942,119407.1769521411,15.950717743536368,0.0,0.0,,4366.0,-0.060003613369467225,0.15056210773156753,2.224335394456832e-06,False,28998,halfplane,314.0,1107.0123456790122,4286.309657657629,0.039658986032009125,0.03973916954832313,0.004565131397796305,8296,28998.0,28582.666666666668,4064.3074577486277,4865.0,4606.876543209876,714.3769517578695,8000,1.0,1.0,0.0,0.018,0.06,1.2,0.0,0.0,0.15,True,0.04,0.0,0,True,55
0.2215450555086136,0.21803445764529852,0.025696856717177353,256,0.5131683349609375,0.5107192051263503,0.020132347707435008,25.0,25.0,0.0,25.0,25.0,0.0,7,1.0,5.160493827160494,18.962247607391802,212879.4578547486,26.872834719880657,0.0,0.0,,46288.0,0.5750266485998169,1.37599561638981,1.2494457667061405e-05,False,33631,halfplane,302.0,994.5308641975308,3883.466324495662,0.035704199224710464,0.03473046711749501,0.003920549358490181,24610,33624.0,32977.02469135803,4017.6300334662583,3352.0,3504.1728395061727,541.650695835743,8000,1.0,1.0,0.0,0.018,0.08,2.5,0.0,0.0,0.03,False,0.035,0.0,0,True,44
0.23397746682167053,0.2301708400985341,0.027365439843978,256,0.5146636962890625,0.5102085066430363,0.03656871613308663,25.0,25.0,0.0,25.0,25.0,0.0,14,1.0,3.9753086419753085,16.200118357014656,268168.5382882883,32.30170077678396,0.0,0.0,,135651.0,18.719101400180673,4.021791336831806,0.0005599880344283581,False,33729,halfplane,2635.0,2003.8148148148148,4151.700134010583,0.03500206768512726,0.03464048415606404,0.0039643008674793605,12441,33729.0,32999.246913580246,4450.413773330352,1254.0,1696.2962962962963,469.8057766397305,8000,1.0,1.0,0.0,0.018,0.08,1.0,0.0,0.0,0.06,False,0.035,0.0,0,True,24
0.3517293930053711,0.3460309189042927,0.0396426527518781,256,0.506866455078125,0.5058974277826003,0.04212320008085905,25.0,25.0,0.0,25.0,25.0,0.0,25,22.0,17.604938271604937,21.650808448593114,75602.02234324941,9.428397863895142,0.0,0.0,,1281.0,2.7555341011743466,0.03845084573347224,8.928690910897561e-05,False,33218,halfplane,1524.0,2853.037037037037,5564.282366836493,0.03526901826262474,0.03481218952363656,0.004303798039014313,13514,33208.0,32737.234567901236,4583.618548086285,2922.0,2847.0493827160494,496.34928714091853,8000,1.0,1.0,0.0,0.018,0.05,1.5,0.0,0.0,0.03,False,0.035,0.0,0,True,68
0.298936128616333,0.29669397407107884,0.03381110457201813,256,0.516265869140625,0.5117178080994406,0.03561881117757317,25.0,25.0,0.0,25.0,25.0,0.0,19,2.0,7.654320987654321,20.912610935602476,121866.54896805901,15.04565314603313,0.0,0.0,,17123.0,2.3167597109304428,0.5060885499793106,7.2501687796483e-05,False,33834,halfplane,592.0,1765.3086419753085,4544.8436978705295,0.035238150507211685,0.03462381624145272,0.003956698748176535,15364,33834.0,33127.69135802469,4386.66380063504,2917.0,2903.395061728395,467.27213840934087,8000,1.0,1.0,0.0,0.018,0.06,1.5,0.0,0.0,0.15,True,0.035,0.0,0,True,48
0.2979796528816223,0.2948744870998241,0.033899794739722044,256,0.51318359375,0.511685029959973,0.03156352222248898,25.0,25.0,0.0,25.0,25.0,0.0,21,13.0,14.938271604938272,21.47829549241662,86696.80288372096,11.406785610702752,0.0,0.0,,12591.0,1.928964543812105,0.37437559467174086,5.905685521384937e-05,False,33632,halfplane,1321.0,2372.5185185185187,5467.622689916221,0.035153571516275406,0.03471860078013973,0.004175900010541694,20485,33632.0,33124.18518518518,4254.113576731483,3125.0,3095.8395061728397,501.68325201549493,8000,1.0,1.0,0.0,0.018,0.06,2.0,0.0,0.0,0.1,True,0.035,0.0,0,True,55
0.28839361667633057,0.28625696603162787,0.03245571489906853,256,0.6043701171875,0.5977736108097029,0.012468044620210153,25.0,25.0,0.0,25.0,25.0,0.0,24,10.0,13.382716049382717,19.406355011833053,51230.83744588739,7.020338506545554,0.0,0.0,,14937.0,-0.22328455284552795,0.3771207836800645,-8.531814114677362e-06,False,39608,halfplane,34516.0,32036.16049382716,3093.5887005734626,0.030005738139152527,0.029769820977508285,0.0033895404545392334,32768,39608.0,38652.46913580247,4406.771722528805,981.0,1091.8271604938273,347.0287919930911,8000,1.0,1.0,0.0,0.018,0.05,2.5,0.0,0.0,0.06,False,0.03,0.0,0,True,43
0.26783132553100586,0.27112390413696386,0.035233904787295024,256,0.2498931884765625,0.24929790732301313,0.03480663366422177,25.0,25.0,0.0,25.0,25.0,0.0,35,10.0,20.37037037037037,18.140361141167,226327.14618867927,32.11853477643984,0.0,0.0,,10322.0,1.9094819331526647,0.6302741649874823,0.00015728799258286425,False,16377,halfplane,61.0,669.2469135802469,3661.570177021861,0.04134257510304451,0.04010503375787794,0.00487662656585058,7717,16377.0,15933.41975308642,2236.525335625279,8249.0,7380.024691358025,1857.812512801997,8000,1.0,1.0,0.0,0.01,0.08,1.5,0.0,0.0,0.1,False,0.04,0.0,0,True,59
0.2615520656108856,0.26506019779193546,0.03578083731595164,256,0.33135986328125,0.3309616277247299,0.03325735855905213,25.0,25.0,0.0,25.0,25.0,0.0,30,1.0,7.135802469135802,17.147690400880183,323115.3907470817,38.935850338569246,0.0,0.0,,21285.0,4.5784473803071375,0.9800461957555053,0.00021775266893553236,False,21716,halfplane,48.0,812.8518518518518,3851.933396572736,0.030259447172284126,0.02989133472703857,0.003517054094639141,8790,21715.0,21283.753086419754,2979.7669331796274,9127.0,8354.691358024691,1902.1558960527602,8000,1.0,1.0,0.0,0.01,0.06,1.2,0.0,0.0,0.06,True,0.03,0.0,0,True,69
0.34521105885505676,0.3385312560899758,0.04027200794656617,256,0.2408294677734375,0.2337569248529128,0.04157094964221517,25.0,25.0,0.0,25.0,25.0,0.0,38,28.0,23.185185185185187,18.106755516548976,162812.01770469802,18.846024833558893,0.0,0.0,,1982.0,1.5211811201445349,0.1252346700447584,0.0002285803860648988,False,15783,halfplane,97.0,528.1975308641976,3604.735402079638,0.04119059443473816,0.040017185341796754,0.004624115240786841,3394,15780.0,14909.222222222223,2528.2742711429582,5730.0,5492.222222222223,1061.6511830954182,8000,1.0,1.0,0.0,0.01,0.06,1.2,0.0,0.0,0.03,False,0.04,0.0,0,True,79
0.28405117988586426,0.3212745112401468,0.07475491451369809,256,0.02435302734375,0.2515074176552855,0.1631853789447009,25.0,25.0,0.0,25.0,25.0,0.0,31,46.0,73.58024691358025,18.320105798882373,214726.96629629628,8.258343620355175,0.0,0.0,,-137.0,0.3134570912375784,-0.07018490191567928,8.029092672232612e-05,False,1596,halfplane,153.0,11716.716049382716,9935.104279413923,0.05681554973125458,0.04675068217617126,0.023092153841572493,1226,1531.0,15040.246913580248,10020.375107602427,726.0,874.2222222222222,383.4684785925358,8000,1.0,1.0,0.0,0.013,0.06,2.5,0.0,0.0,0.01,True,0.04,0.0,0,True,81
0.26514264941215515,0.2704674947408982,0.035410070178627184,256,0.24664306640625,0.24923197428385416,0.035061047518422116,25.0,25.0,0.0,25.0,25.0,0.0,40,9.0,18.382716049382715,15.196302264025253,260797.0014574899,33.838970445776674,0.0,0.0,,10567.0,2.466464317976513,0.6537366988369215,0.0001949288732016665,False,16164,halfplane,37.0,659.0864197530864,3631.6303695006977,0.04071972146630287,0.03991762475099093,0.004937910694322467,7543,16164.0,15929.111111111111,2252.760495892063,8384.0,7426.469135802469,1858.9242746610053,8000,1.0,1.0,0.0,0.01,0.08,1.5,0.0,0.0,0.06,False,0.04,0.0,0,True,53
0.4421963691711426,0.34231814594916354,0.06297183229023273,256,0.435272216796875,0.2564542793933256,0.13971441747454175,25.0,25.0,0.0,25.0,25.0,0.0,39,53.0,70.0,19.27193315179895,8576.530694214918,6.06274902465424,0.0,0.0,,-262.0,0.620645438121048,-0.009300464467166147,7.531931957548569e-05,False,28526,halfplane,25682.0,11170.518518518518,9277.2451798042,0.053604573011398315,0.042959927293805426,0.015898762306318,2637,28506.0,16390.197530864196,9162.96530716126,1082.0,1267.4074074074074,351.7220696318586,8000,1.0,1.0,0.0,0.013,0.05,2.0,0.0,0.0,0.03,True,0.04,0.0,0,True,81
0.18961979448795319,0.19005901283688015,0.025408544912291397,256,0.4348297119140625,0.4353453082802855,0.04067953528552899,25.0,25.0,0.0,25.0,25.0,0.0,32,1.0,6.580246913580247,22.07834769578717,488922.67483333335,66.57489658985207,0.0,0.0,,51281.0,7.131497741644084,1.840743748358987,0.00026410781354995947,False,28497,halfplane,50.0,1369.469135802469,5920.749206192376,0.030070975422859192,0.029611033444971215,0.0035332090238730865,16812,27348.0,26935.40740740741,3875.733956067771,7362.0,7324.185185185185,1414.4373056563422,8000,1.0,1.0,0.0,0.013,0.08,1.5,0.0,0.0,0.01,False,0.03,0.0,0,True,53
0.3233869969844818,0.3191290416835267,0.03754119826070793,256,0.334228515625,0.3252729251060957,0.042922373778766267,25.0,25.0,0.0,25.0,25.0,0.0,41,21.0,17.938271604938272,16.649877231603398,157978.79929411766,21.67150248348293,0.0,0.0,,6088.0,3.079711607949413,0.2778414744643918,0.000222001044429934,False,21904,halfplane,90.0,679.5061728395061,3621.1131776048683,0.03008211962878704,0.029786483626122826,0.0033826773490760764,5772,21904.0,20912.506172839505,3426.3585613158816,6987.0,6647.481481481482,1452.8972681780658,8000,1.0,1.0,0.0,0.01,0.05,1.0,0.0,0.0,0.06,False,0.03,0.0,0,True,69
0.22268415987491608,0.22475038321665775,0.029933024328117865,256,0.3703765869140625,0.37328404556086037,0.03213930018505806,25.0,25.0,0.0,25.0,25.0,0.0,37,1.0,7.444444444444445,21.75509022314741,342734.580030303,47.939888725536576,0.0,0.0,,25396.0,3.8839832881662155,1.0460225550152162,0.0001591447490799724,False,24273,halfplane,26.0,1136.9012345679012,4966.051912252193,0.03503509238362312,0.03463150871296724,0.004256475095311037,14867,24271.0,24056.20987654321,3287.874940233966,9420.0,8854.67901234568,1811.6718206827127,8000,1.0,1.0,0.0,0.013,0.08,2.0,0.0,0.0,0.06,True,0.035,0.0,0,True,56
0.19184981286525726,0.2769071500242492,0.08389096176277576,256,0.01568603515625,0.22451141734182098,0.17754657391944467,25.0,25.0,0.0,25.0,25.0,0.0,47,26.0,61.79012345679013,19.56926038041832,335984.6452142857,9.552341650855986,0.0,0.0,,23.0,0.29624119241192326,0.02237354085603105,3.253668853145085e-05,False,1028,halfplane,205.0,9465.234567901234,10259.030464950398,0.08635222166776657,0.04643415931014367,0.022663550481797645,1017,1028.0,14301.962962962964,11564.063525458969,570.0,1136.1604938271605,523.198224050062,8000,1.0,1.0,0.0,0.01,0.08,2.0,0.0,0.0,0.03,False,0.04,0.0,0,True,81
0.19816569983959198,0.2698007174480109,0.08874455724582551,256,0.1659088134765625,0.22514606993875386,0.18144360878991997,25.0,25.0,0.0,25.0,25.0,0.0,48,80.0,71.62962962962963,21.4351991840607,47032.23260194177,15.172872623949175,0.0,0.0,,-274.0,0.8758270099367662,-0.025200036788374902,8.471917609169899e-05,False,10873,halfplane,2482.0,9387.407407407407,10171.811330711922,0.017968958243727684,0.04733254544344949,0.025848769251712242,615,10873.0,14350.617283950618,11828.55704501224,2182.0,1077.7530864197531,527.2780448345522,8000,1.0,1.0,0.0,0.01,0.08,2.0,0.0,0.0,0.06,False,0.04,0.0,0,True,81
0.4172370731830597,0.3260391867823071,0.06938326569595168,256,0.2720184326171875,0.20469495985243055,0.11996983980217737,25.0,25.0,0.0,25.0,25.0,0.0,53,97.0,73.23456790123457,19.050466832644435,11475.090325581405,2.9889764319560492,0.0,0.0,,-203.0,0.29266847335140134,-0.011387221630111632,3.4722443508131225e-05,False,17827,halfplane,13746.0,9448.382716049382,7176.902186993813,0.052724942564964294,0.04332042501572474,0.016479832114569586,1196,17827.0,13010.308641975309,7697.399619659885,418.0,489.8641975308642,260.48211488502113,8000,1.0,1.0,0.0,0.01,0.08,2.5,0.0,0.0,0.15,True,0.04,0.0,0,True,81
0.2593434751033783,0.26014658919087164,0.03156678831849045,256,0.43792724609375,0.43325410065827547,0.04779597121758786,25.0,25.0,0.0,25.0,25.0,0.0,33,1.0,16.987654320987655,30.956558102597878,139218.98392650922,17.829431563408104,0.0,0.0,,21729.0,0.626519873532068,0.7571080139372826,2.0684241654202346e-05,False,28700,halfplane,308.0,2298.061728395062,6821.559776642954,0.0297908503562212,0.029519424877232976,0.0040973166035229176,15819,28700.0,27981.20987654321,4410.874218984817,6454.0,5988.283950617284,1191.256233225752,8000,1.0,1.0,0.0,0.013,0.06,2.5,0.0,0.0,0.1,False,0.03,0.0,0,True,52
0.38515979051589966,0.37880173325538635,0.04574205394555453,256,0.290191650390625,0.2915461033950617,0.0420732253072946,25.0,25.0,0.0,25.0,25.0,0.0,45,21.0,30.604938271604937,17.3814709150011,94505.55115789478,12.361391505543764,0.0,0.0,,-20.0,1.160813008130081,-0.0010516352928804373,0.00015395122260445225,False,19018,halfplane,461.0,729.8024691358024,3583.371890988947,0.04100508615374565,0.0402080740917612,0.004741689277746648,4068,19018.0,18702.197530864196,3105.0873048689145,5023.0,4871.469135802469,910.6256984226001,8000,1.0,1.0,0.0,0.013,0.05,1.5,0.0,0.0,0.15,True,0.04,0.0,0,True,79
0.2587358355522156,0.25809790948290884,0.030470923487038507,256,0.434844970703125,0.43262095510223764,0.04189893433861259,25.0,25.0,0.0,25.0,25.0,0.0,36,1.0,6.061728395061729,20.197998726809686,254814.13561128528,36.20025694129411,0.0,0.0,,32040.0,4.916270099367661,1.1241297725427009,0.00017844261710779716,False,28498,halfplane,97.0,964.3703703703703,4876.086987254251,0.029791081324219704,0.029688280466714023,0.0036124804678529764,11480,28498.0,27946.283950617282,4131.256796888953,6507.0,6286.086419753086,1131.7689987827464,8000,1.0,1.0,0.0,0.013,0.06,1.2,0.0,0.0,0.1,False,0.03,0.0,0,True,34
0.1918758749961853,0.19180393513338065,0.025201976220667402,256,0.434478759765625,0.43324769573447147,0.022269968719169763,25.0,25.0,0.0,25.0,25.0,0.0,42,1.0,5.222222222222222,19.216119776355974,449842.70600000006,53.74355207226351,0.0,0.0,,48443.0,6.536096883468837,1.70130645501159,0.00023473873201103554,False,28474,halfplane,75.0,845.0617283950618,4355.980586817716,0.03018898516893387,0.029705266801663386,0.003486495755043159,17159,28474.0,27983.728395061727,3421.621942347549,6231.0,6331.20987654321,1024.9791412035925,8000,1.0,1.0,0.0,0.013,0.08,1.5,0.0,0.0,0.1,True,0.03,0.0,0,True,18
0.2598511576652527,0.2600763960752958,0.03339229133664449,256,0.43328857421875,0.43182617941020446,0.06043856235981192,25.0,25.0,0.0,25.0,25.0,0.0,43,1.0,16.160493827160494,30.332094720386603,192814.80092836672,24.256992814092058,0.0,0.0,,26270.0,2.7310555555555553,0.9263465066539003,8.921489233095455e-05,False,28396,halfplane,95.0,2469.296296296296,6879.181340261972,0.02979736402630806,0.02982798085352521,0.005449747200257274,13524,26598.0,26130.555555555555,4638.928949926819,6775.0,6056.135802469136,1439.2372873199229,8000,1.0,1.0,0.0,0.013,0.06,2.0,0.0,0.0,0.01,True,0.03,0.0,0,True,78
0.34917891025543213,0.33798523412810433,0.04182453994870001,256,0.5102996826171875,0.5035667890383874,0.05238936524202193,25.0,25.0,0.0,25.0,25.0,0.0,34,13.0,31.604938271604937,24.23989111552455,50428.0915263159,6.892401200694885,0.0,0.0,,-2581.0,0.142345980126468,-0.06679827387387549,5.535367824612899e-06,False,33443,halfplane,2411.0,5029.407407407408,7073.5575762579665,0.03640606254339218,0.03476717401249909,0.00531984575949959,13853,31564.0,30781.48148148148,4706.540440315342,3015.0,2979.617283950617,522.952953715753,8000,1.0,1.0,0.0,0.018,0.05,2.0,0.0,0.0,0.01,True,0.035,0.0,0,True,78
0.20455026626586914,0.24828193842628857,0.08059237595205551,256,0.3482818603515625,0.31906033739631556,0.22494044177120257,25.0,25.0,0.0,25.0,25.0,0.0,52,54.0,57.72839506172839,15.166574965680459,55282.43807511736,15.160635180679295,0.0,0.0,,6952.0,1.7300711382113836,0.304578313253012,0.00012710112304243384,False,22825,halfplane,1899.0,11040.666666666666,14536.605543961794,0.02061309479176998,0.034281906545346165,0.018979969909332137,3977,22825.0,20505.320987654322,14859.797619899618,5083.0,2932.703703703704,1290.5472706908172,8000,1.0,1.0,0.0,0.01,0.06,2.0,0.0,0.0,0.15,True,0.03,0.0,0,True,74
0.1883242130279541,0.18765204353832904,0.02234435323390012,256,0.4319000244140625,0.4328809196566358,0.02078901045220475,25.0,25.0,0.0,25.0,25.0,0.0,50,1.0,6.1234567901234565,21.04808294021119,390714.7694626865,48.930301953656176,0.0,0.0,,52296.0,4.857236901535684,1.8567526924004252,0.000168863427792109,False,28305,halfplane,38.0,955.4444444444445,4439.426233642205,0.030320417135953903,0.02959819197838689,0.0034619694572318553,19136,28153.0,27762.753086419754,3394.603864344676,7788.0,7621.074074074074,1119.7864741098865,8000,1.0,1.0,0.0,0.013,0.08,2.5,0.0,0.0,0.03,True,0.03,0.0,0,True,28
0.3705669343471527,0.3139645784725378,0.06690108113639799,256,0.6141204833984375,0.41772178367332174,0.1747913616333211,25.0,25.0,0.0,25.0,25.0,0.0,46,45.0,74.49382716049382,14.424022706299894,6977.665544715477,2.8565471609872266,0.0,0.0,,-463.0,0.5181359530261972,-0.011503963028300257,2.1065868203498903e-05,False,40247,halfplane,35783.0,17182.506172839505,14179.814578637119,0.0455973781645298,0.04251370721577126,0.014074793794028756,10840,40247.0,26970.012345679013,11831.364905131028,1719.0,2915.283950617284,1195.999279847918,8000,1.0,1.0,0.0,0.018,0.06,2.5,0.0,0.0,0.1,False,0.04,0.0,0,True,74
0.3259901702404022,0.32239715571020855,0.07854507060199778,256,0.1788177490234375,0.29601221908757713,0.18301684114633404,25.0,25.0,0.0,25.0,25.0,0.0,58,72.0,66.28395061728395,18.514081773039567,21742.429161290347,1.5970375715804137,0.0,0.0,,27.0,0.2277874887082206,0.0019454599385857474,9.15681194732381e-06,False,11719,halfplane,2810.0,12723.444444444445,11375.442642316912,0.075018972158432,0.042009925492751746,0.02026038941367432,808,11713.0,18986.333333333332,12082.74272886135,726.0,900.5679012345679,342.6966746578104,8000,1.0,1.0,0.0,0.013,0.05,2.5,0.0,0.0,0.03,False,0.035,0.0,0,True,81
0.35491427779197693,0.3522918235372614,0.04196184371617589,256,0.2692413330078125,0.2656449682918596,0.0431131112171257,25.0,25.0,0.0,25.0,25.0,0.0,59,17.0,26.246913580246915,17.938530751868768,130548.3224733728,15.567333328884635,0.0,0.0,,990.0,1.746529358626921,0.056106545763672466,0.00021935768094525504,False,17645,halfplane,272.0,601.0493827160494,3596.8148594782883,0.03506120294332504,0.034955455979079376,0.004054767753236214,3949,17645.0,17004.74074074074,2940.8505395119287,5619.0,5345.259259259259,1050.60572508185,8000,1.0,1.0,0.0,0.01,0.05,1.2,0.0,0.0,0.15,False,0.035,0.0,0,True,68
0.260240375995636,0.25879918645929406,0.03164700879831854,256,0.4516754150390625,0.44642017505787035,0.034327776811395476,25.0,25.0,0.0,25.0,25.0,0.0,49,1.0,6.037037037037037,21.544352440606044,260648.16625545168,33.06978311067882,0.0,0.0,,27327.0,2.9135368112014453,0.9230587261022043,0.00010151670507960541,False,29601,halfplane,132.0,653.3456790123457,3655.173057193994,0.039935436099767685,0.03961336217176767,0.004501098152930239,12572,29601.0,28850.432098765432,3918.1671513140345,5421.0,5425.0123456790125,826.7169413300735,8000,1.0,1.0,0.0,0.018,0.08,1.5,0.0,0.0,0.06,False,0.04,0.0,0,True,35
0.36071330308914185,0.35630214398289906,0.04093550291454264,256,0.34320068359375,0.35520162700135033,0.03639522868454543,25.0,25.0,0.0,25.0,25.0,0.0,57,17.0,32.54320987654321,14.3449990276786,92488.51175939845,11.067032618398077,0.0,0.0,,-660.0,1.4792951671183385,-0.029343766672594862,0.00010122192077840208,False,22492,halfplane,302.0,1187.7283950617284,3598.300984577788,0.036770641803741455,0.034874727880513226,0.00400869534522463,8767,22492.0,22873.876543209877,3332.1252862144947,5539.0,4920.728395061728,926.033183581968,8000,1.0,1.0,0.0,0.013,0.05,1.5,0.0,0.0,0.06,False,0.035,0.0,0,True,63
0.3758905529975891,0.3644871551681448,0.04670511157410341,256,0.2153778076171875,0.2115599078896605,0.04512121384304327,25.0,25.0,0.0,25.0,25.0,0.0,60,43.0,32.67901234567901,18.808211472057234,114207.06170030579,13.872763859415686,0.0,0.0,,579.0,1.672367208672087,0.04102019128586609,0.00033030048747302186,False,14115,halfplane,235.0,571.3333333333334,3600.071014388741,0.04052762687206268,0.039972064947640454,0.004664435532983555,2582,14115.0,13460.222222222223,2557.7231869838,4572.0,4400.777777777777,864.5617743853791,8000,1.0,1.0,0.0,0.01,0.05,1.5,0.0,0.0,0.06,False,0.04,0.0,0,True,78
0.29969924688339233,0.2950026782942407,0.033824946248153125,256,0.512237548828125,0.5118197217399691,0.029783227565857676,25.0,25.0,0.0,25.0,25.0,0.0,44,9.0,14.54320987654321,21.081879986632277,89529.30977570091,11.343871558052932,0.0,0.0,,12253.0,0.4772642276422764,0.3649985105749183,1.582471691093506e-05,False,33570,halfplane,656.0,2339.061728395062,5330.926471596876,0.034906286746263504,0.03475714553101563,0.0041890571695433875,20854,33570.0,33132.37037037037,4199.730721657132,3230.0,3104.1604938271603,482.29944227576004,8000,1.0,1.0,0.0,0.018,0.06,2.0,0.0,0.0,0.15,False,0.035,0.0,0,True,52
0.19230732321739197,0.19157980860751353,0.024857766919859855,256,0.43353271484375,0.43412743085696376,0.02830094667325095,25.0,25.0,0.0,25.0,25.0,0.0,56,1.0,5.08641975308642,18.636349408631443,483712.472307054,52.92280786974213,0.0,0.0,,46137.0,9.92998780487805,1.642316556081548,0.0003563065947125578,False,28412,halfplane,57.0,996.9135802469136,4663.93343026188,0.029970474541187286,0.02966126509838634,0.0034874442244021923,16167,28185.0,27812.85185185185,3588.302281302781,6589.0,6588.679012345679,1151.6057584489806,8000,1.0,1.0,0.0,0.013,0.08,1.5,0.0,0.0,0.03,True,0.03,0.0,0,True,52
0.3863052427768707,0.3831665670430219,0.04405769699165047,256,0.4229583740234375,0.4251454671223958,0.04676866772171629,25.0,25.0,0.0,25.0,25.0,0.0,55,15.0,21.938271604938272,14.063652195003728,91166.57114975853,10.111606462772496,0.0,0.0,,-2711.0,0.2450682023486905,-0.08289558757469995,1.249075671389338e-05,False,27719,halfplane,378.0,1695.9506172839506,4756.397113754716,0.04051162302494049,0.03982052823275695,0.004835505038987398,8831,26236.0,26029.62962962963,4061.3184851885762,4520.0,4173.777777777777,769.6041791678321,8000,1.0,1.0,0.0,0.018,0.05,1.5,0.0,0.0,0.01,False,0.04,0.0,0,True,79
0.3412263095378876,0.34002859614513536,0.03957977216135074,256,0.4986419677734375,0.5059298291618441,0.04113133116171682,25.0,25.0,0.0,25.0,25.0,0.0,51,25.0,29.234567901234566,25.595269434133396,63329.836295964196,7.9129253891085405,0.0,0.0,,-1376.0,0.5494521228545621,-0.04210655160806631,1.7111164866733793e-05,False,32679,halfplane,1265.0,4624.814814814815,6618.676821460693,0.035041168332099915,0.034769014512867104,0.004295314136137726,19023,32679.0,32750.234567901236,4550.58119547194,3343.0,3024.5555555555557,570.8387590983017,8000,1.0,1.0,0.0,0.018,0.05,2.0,0.0,0.0,0.1,True,0.035,0.0,0,True,54
0.3529528081417084,0.3462261697392405,0.04072857481256492,256,0.5111083984375,0.5046141824604552,0.05209812017753988,25.0,25.0,0.0,25.0,25.0,0.0,54,9.0,21.555555555555557,24.09753842251717,68694.05324886879,8.629328936718297,0.0,0.0,,-370.0,1.173942863595303,-0.004831927996156171,4.535554014354681e-05,False,33496,halfplane,1319.0,3154.135802469136,6104.531433172798,0.03543902933597565,0.034922791782904555,0.004849657832705459,13324,31654.0,30792.64197530864,4684.426012794864,2824.0,2824.4691358024693,554.0864372204023,8000,1.0,1.0,0.0,0.018,0.05,1.5,0.0,0.0,0.01,True,0.035,0.0,0,True,79
0.3868222236633301,0.3767979645434721,0.048248246059595885,256,0.2942657470703125,0.28888768325617287,0.04677192099191471,25.0,25.0,0.0,25.0,25.0,0.0,64,23.0,22.419753086419753,15.0782847679692,112244.19295867771,15.53323129051662,0.0,0.0,,263.0,1.9554521228545618,0.013637542131190061,0.00028044454796446235,False,19285,halfplane,154.0,591.3456790123457,3597.7734718267207,0.04138392582535744,0.03996244353460677,0.004601577300606096,2524,19285.0,18528.0,3360.5929371003695,5616.0,5337.888888888889,1053.6270335967686,8000,1.0,1.0,0.0,0.013,0.05,1.2,0.0,0.0,0.1,True,0.04,0.0,0,True,77
0.3848120868206024,0.37325398016858985,0.049915777182268826,256,0.293182373046875,0.2843424479166667,0.051212244193165356,25.0,25.0,0.0,25.0,25.0,0.0,65,21.0,22.19753086419753,17.245088585539985,141654.22954896145,18.363106224534594,0.0,0.0,,1075.0,1.9893809846431807,0.05594878734256259,0.0003398096796353295,False,19214,halfplane,98.0,541.0987654320987,3603.214845774991,0.04121718555688858,0.040074107547601066,0.004643616867269666,2262,19214.0,18230.11111111111,3594.606711089185,5946.0,5656.827160493827,1197.8945293555016,8000,1.0,1.0,0.0,0.013,0.05,1.0,0.0,0.0,0.15,False,0.04,0.0,0,True,67
0.17406383156776428,0.26608210066218435,0.09326115903507258,256,0.011871337890625,0.2442159770447531,0.21307719551149898,25.0,25.0,0.0,25.0,25.0,0.0,67,25.0,58.4320987654321,21.077715264714268,376808.0808461539,19.172960351382795,0.0,0.0,,-24.0,0.8734277326106592,-0.03508282476024416,0.00011060128794068638,False,778,halfplane,79.0,10398.493827160493,12756.062392295467,0.07120871543884277,0.04291333699667895,0.024318664552290783,575,777.0,15600.185185185184,13947.479883088676,555.0,1047.9259259259259,545.687917362119,8000,1.0,1.0,0.0,0.01,0.06,2.0,0.0,0.0,0.15,True,0.035,0.0,0,True,79
0.256839394569397,0.3002922507347884,0.09136997566644865,256,0.354248046875,0.22039663055796682,0.16993762187667344,25.0,25.0,0.0,25.0,25.0,0.0,69,77.0,69.08641975308642,21.907886584270045,4972.6383558282105,4.212824910336534,0.0,0.0,,-437.0,0.29228003613369374,-0.018439792621367967,3.609607530237754e-05,False,23216,halfplane,18781.0,11081.123456790123,10148.120731436937,0.025528110563755035,0.042660907853716686,0.02593005785933047,8,23201.0,14026.20987654321,11057.853493975377,856.0,486.962962962963,321.7431474783038,8000,1.0,1.0,0.0,0.01,0.06,2.5,0.0,0.0,0.03,True,0.035,0.0,0,True,81
0.22269600629806519,0.22845466269387138,0.03593526082400243,256,0.370635986328125,0.3707932837215471,0.05978822782653735,25.0,25.0,0.0,25.0,25.0,0.0,66,1.0,12.234567901234568,24.50460858894182,396448.4401967213,51.26394284083583,0.0,0.0,,29413.0,3.3420090334236687,1.2282273809949222,0.00013675632261616656,False,24290,halfplane,38.0,1827.283950617284,5899.561260595588,0.03510738164186478,0.03491585497043015,0.008642527541155956,9044,21504.0,21428.0987654321,4213.801115631496,9450.0,8409.407407407407,2349.5025571635306,8000,1.0,1.0,0.0,0.013,0.08,2.0,0.0,0.0,0.01,True,0.035,0.0,0,True,78
0.15797708928585052,0.2393958976055369,0.10704913395898853,256,0.1044769287109375,0.25952939633969907,0.23263053582396478,25.0,25.0,0.0,25.0,25.0,0.0,68,94.0,64.88888888888889,25.7930988951945,55901.52736318408,13.887941865125793,0.0,0.0,,-80.0,0.32309665763324374,-0.011683949174821073,3.749637558170049e-05,False,6847,halfplane,2076.0,11921.444444444445,13848.68397544878,0.015901457518339157,0.049358419280637195,0.036073580285947406,335,6847.0,16603.9012345679,15256.805991971753,1692.0,829.1111111111111,606.6849610591223,8000,1.0,1.0,0.0,0.01,0.08,2.5,0.0,0.0,0.06,False,0.035,0.0,0,True,81
0.2400076985359192,0.296836429356057,0.08678596615308129,256,0.016754150390625,0.22811946162471064,0.17814840715615274,25.0,25.0,0.0,25.0,25.0,0.0,70,39.0,67.5925925925926,22.509135472030387,259977.53588235294,5.300278318608539,0.0,0.0,,-103.0,0.7951314363143633,-0.0938069216757742,0.0004615489217437113,False,1098,halfplane,99.0,9921.41975308642,10366.550708967045,0.0666889026761055,0.04210514945472464,0.02294159134486885,547,1098.0,14545.333333333334,11618.352804990669,629.0,914.3333333333334,425.9772207437771,8000,1.0,1.0,0.0,0.01,0.05,2.0,0.0,0.0,0.15,True,0.035,0.0,0,True,80
0.25906872749328613,0.25844937728510964,0.031315862149450785,256,0.43310546875,0.4333140055338542,0.04367321703371235,25.0,25.0,0.0,25.0,25.0,0.0,62,1.0,11.580246913580247,27.907636106009644,170898.7128618785,23.309171927141854,0.0,0.0,,27415.0,4.5273726287262885,0.9658610484780157,0.00016250171608045858,False,28384,halfplane,155.0,1722.7037037037037,6345.06882594946,0.03007698245346546,0.029885208050225986,0.004346821745065629,15181,28384.0,27992.827160493827,4212.904299505647,6751.0,6363.320987654321,1238.9387615986582,8000,1.0,1.0,0.0,0.013,0.06,2.0,0.0,0.0,0.15,False,0.03,0.0,0,True,43
0.26938682794570923,0.3246583091382535,0.08163095345937697,256,0.0142669677734375,0.1801224696783372,0.12055938318304577,25.0,25.0,0.0,25.0,25.0,0.0,75,49.0,65.64197530864197,22.339307460764108,219354.18674556212,0.9116478092732123,0.0,0.0,,-154.0,0.25190379403793883,-0.13694717111196097,0.00010285172558137185,False,935,halfplane,116.0,7233.37037037037,6403.2574376986495,0.044539980590343475,0.04418326398058806,0.015346895659287709,1,909.0,10648.79012345679,7127.919736554743,446.0,685.6296296296297,334.4257449347635,8000,1.0,1.0,0.0,0.01,0.05,2.0,0.0,0.0,0.01,False,0.04,0.0,0,True,81
0.22324854135513306,0.23823766575919259,0.045742713788579734,256,0.2912139892578125,0.2855429943696952,0.07428699271261253,25.0,25.0,0.0,25.0,25.0,0.0,73,1.0,19.395061728395063,24.727492078703868,318329.1345922746,48.5266351164109,0.0,0.0,,20056.0,3.5084604787714557,1.0508776526067596,0.00019035772316552816,False,19085,halfplane,38.0,1986.0123456790122,4765.693318114031,0.03508184850215912,0.03545360950132211,0.009263420127196824,7636,19085.0,18308.666666666668,5041.9923041454285,10032.0,7843.962962962963,3140.4137316658876,8000,1.0,1.0,0.0,0.01,0.08,2.0,0.0,0.0,0.15,True,0.035,0.0,0,True,61
0.3598957657814026,0.3653745570300538,0.049322369118157454,256,0.3939056396484375,0.41543673291618444,0.09551833430719457,25.0,25.0,0.0,25.0,25.0,0.0,61,66.0,74.72839506172839,17.306968799564856,40202.02302407002,4.571824627939946,0.0,0.0,,-1906.0,-0.10633920505871727,-0.07383304280457104,-1.920872708758757e-06,False,25815,halfplane,3813.0,11142.345679012345,8548.320097995276,0.038346126675605774,0.040704811382808806,0.008027954215340206,13075,25815.0,26821.20987654321,6913.773105974054,3791.0,3366.432098765432,963.630006070431,8000,1.0,1.0,0.0,0.018,0.05,2.0,0.0,0.0,0.1,True,0.04,0.0,0,True,73
0.31124451756477356,0.3087131303769571,0.036568399800192164,256,0.3749847412109375,0.3684487048490548,0.03612134074536142,25.0,25.0,0.0,25.0,25.0,0.0,71,12.0,14.604938271604938,13.931648854712225,177689.18123167154,22.32164780203872,0.0,0.0,,9521.0,1.6751355013550142,0.38835375173962294,7.43734145008895e-05,False,24575,halfplane,131.0,824.283950617284,3841.772881104417,0.0351242832839489,0.03474161373796286,0.004009192244178413,8430,24522.0,23700.765432098764,3418.1736523789145,7047.0,6718.456790123457,1287.790864178381,8000,1.0,1.0,0.0,0.013,0.06,1.2,0.0,0.0,0.03,True,0.035,0.0,0,True,72
0.3051733374595642,0.30076095940154274,0.03387209523785123,256,0.5106048583984375,0.5099884786723573,0.039679148441754984,25.0,25.0,0.0,25.0,25.0,0.0,63,1.0,4.0,15.124177357487604,185000.09129919135,21.81883974843986,0.0,0.0,,30082.0,3.8273649503161704,0.8989630337985237,0.00011970069681628358,False,33463,halfplane,492.0,1528.358024691358,4165.609730564527,0.03523878753185272,0.03470098434223069,0.003972100720820268,10486,33463.0,33002.246913580246,4547.922924444521,2458.0,2423.716049382716,333.7583303466007,8000,1.0,1.0,0.0,0.018,0.06,1.0,0.0,0.0,0.15,True,0.035,0.0,0,True,35
0.31056466698646545,0.30804763789530154,0.03569946263228488,256,0.36767578125,0.36954225139853397,0.04172914515336366,25.0,25.0,0.0,25.0,25.0,0.0,74,8.0,15.08641975308642,15.989346399804564,187758.6332835821,22.665020051781454,0.0,0.0,,9128.0,-0.3232149954832885,0.37881806108897775,-7.723572148155715e-06,False,24096,halfplane,92.0,909.2716049382716,4382.961330538542,0.03548518940806389,0.034817932840482686,0.004089203027860174,7881,24096.0,23812.555555555555,3697.0679707366635,7104.0,6747.901234567901,1259.4276635154974,8000,1.0,1.0,0.0,0.013,0.06,1.2,0.0,0.0,0.1,True,0.035,0.0,0,True,54
0.3400057256221771,0.35627013849623407,0.05413556136278163,256,0.35845947265625,0.37561110508294754,0.12510528134558518,25.0,25.0,0.0,25.0,25.0,0.0,72,55.0,73.9753086419753,20.198994785306493,11124.303201646078,1.8087139197997524,0.0,0.0,,-900.0,-0.08206052393857272,-0.03827480379718429,-2.1695805105305393e-06,False,23492,halfplane,6239.0,17014.061728395063,9816.361703551629,0.035930994898080826,0.04257907159626484,0.012411371745145951,7794,23486.0,24200.456790123455,8581.973389639388,2029.0,1838.3827160493827,468.27230570882324,8000,1.0,1.0,0.0,0.018,0.05,2.5,0.0,0.0,0.03,False,0.04,0.0,0,True,80
0.3232964873313904,0.3244356855198189,0.04001215891362909,256,0.321929931640625,0.32264332712432486,0.05127506150761682,25.0,25.0,0.0,25.0,25.0,0.0,77,29.0,38.53086419753087,15.424916847328214,88295.65435443033,12.69444494611469,0.0,0.0,,2670.0,2.421728319783199,0.1265522798369514,0.00017891433735890203,False,21098,halfplane,305.0,1839.9506172839506,3814.642238135675,0.031436167657375336,0.030284848409118475,0.004302538564643774,5782,21098.0,20740.197530864196,3870.34937466493,5985.0,5167.592592592592,1257.999389367433,8000,1.0,1.0,0.0,0.01,0.05,1.5,0.0,0.0,0.15,False,0.03,0.0,0,True,65
0.3670900762081146,0.352082911832833,0.0536267481273572,256,0.2111663818359375,0.19929881154755016,0.053845055718205734,25.0,25.0,0.0,25.0,25.0,0.0,87,25.0,24.25925925925926,16.102126059897618,139521.75438383836,17.922613826644465,0.0,0.0,,1439.0,2.016530036133696,0.10387586411865612,0.0007251532019428851,False,13839,halfplane,70.0,489.17283950617286,3608.9393325364963,0.0405973382294178,0.039910271763801575,0.004635239764255317,1391,13839.0,12656.691358024691,3098.376040755111,5332.0,4862.271604938272,1215.3064340732724,8000,1.0,1.0,0.0,0.01,0.05,1.0,0.0,0.0,0.1,False,0.04,0.0,0,True,61
0.4046216309070587,0.2983601578959712,0.07981855456832367,256,0.6355438232421875,0.2915204836998457,0.18994089429060393,25.0,25.0,0.0,25.0,25.0,0.0,79,46.0,68.72839506172839,19.1440364602681,4268.800645030453,8.970836887805408,0.0,0.0,,58.0,0.8835916892502258,0.001122339817677398,0.0002866808198887431,False,41651,halfplane,27903.0,13526.975308641975,11700.157779853416,0.034199804067611694,0.036591093722776864,0.020960005726087746,1286,41621.0,18684.0,12528.469660125747,705.0,1271.4938271604938,459.84622022823277,8000,1.0,1.0,0.0,0.01,0.05,2.0,0.0,0.0,0.03,True,0.03,0.0,0,True,81
0.319441020488739,0.3163298324302391,0.042540692069539934,256,0.3741302490234375,0.36209370177469136,0.06284875339485099,25.0,25.0,0.0,25.0,25.0,0.0,76,41.0,48.48148148148148,13.607469908523974,61091.88401398598,8.005185884730942,0.0,0.0,,2931.0,1.314423441734417,0.11950877339929078,7.651102356198305e-05,False,24519,halfplane,1011.0,3771.4691358024693,5166.167268783252,0.03509582206606865,0.035324694496797926,0.00651381201027888,11542,24513.0,23316.555555555555,4766.687650821462,5369.0,4504.172839506173,1205.1664583569886,8000,1.0,1.0,0.0,0.013,0.06,2.0,0.0,0.0,0.03,False,0.035,0.0,0,True,78
0.345860093832016,0.34202378270802675,0.0411138335936621,256,0.3095245361328125,0.3097213933497299,0.044232826693831946,25.0,25.0,0.0,25.0,25.0,0.0,83,17.0,16.950617283950617,18.038300291234155,165097.89915151516,21.56457780360203,0.0,0.0,,2933.0,1.8575600722673906,0.1445895982252896,0.00020653968593295428,False,20285,halfplane,107.0,534.4197530864197,3604.304466607237,0.04036105424165726,0.039859670087879086,0.004540686063501005,3649,20285.0,19893.320987654322,3377.239894407019,6947.0,6475.234567901234,1283.9691188125669,8000,1.0,1.0,0.0,0.013,0.06,1.0,0.0,0.0,0.1,True,0.04,0.0,0,True,61
0.3490063548088074,0.3438195656111211,0.04019284814367015,256,0.3238525390625,0.3120152979721258,0.039430039510443084,25.0,25.0,0.0,25.0,25.0,0.0,85,15.0,20.11111111111111,16.342023387422433,168500.22956097557,18.760010010225447,0.0,0.0,,2052.0,1.8136205962059628,0.09668300037693167,0.00016025910929573197,False,21224,halfplane,219.0,604.9135802469136,3598.2619610972984,0.04052094742655754,0.039927662890634416,0.004608347051280925,4817,21224.0,20043.654320987655,3130.752464123782,6278.0,6086.604938271605,1137.7124729415268,8000,1.0,1.0,0.0,0.013,0.06,1.2,0.0,0.0,0.1,False,0.04,0.0,0,True,69
0.308400422334671,0.3089422072157448,0.03672037845839144,256,0.370330810546875,0.36855796531394674,0.03501133378461344,25.0,25.0,0.0,25.0,25.0,0.0,81,5.0,14.37037037037037,14.227815258265045,180920.9015870206,22.155009594272467,0.0,0.0,,9485.0,2.3879812556458893,0.3909566794443755,0.00010326331879094483,False,24270,halfplane,113.0,753.4197530864197,3692.1566679712255,0.034843895584344864,0.03476802967948678,0.004040704392168817,8160,24261.0,23740.703703703704,3374.0177187634167,7100.0,6721.2962962962965,1283.2416941254046,8000,1.0,1.0,0.0,0.013,0.06,1.2,0.0,0.0,0.03,False,0.035,0.0,0,True,71
0.22014643251895905,0.3055493809558727,0.08227961555587307,256,0.0086212158203125,0.2039970115379051,0.14827956970031494,25.0,25.0,0.0,25.0,25.0,0.0,90,25.0,65.41975308641975,19.464348033866383,218398.59604651164,4.867137069952803,0.0,0.0,,-26.0,0.27226490514905277,-0.046017699115044275,3.276281499931282e-05,False,565,halfplane,298.0,9126.567901234568,8323.220399919514,0.08922035247087479,0.046715380888386275,0.02448521909596865,202,565.0,12964.567901234568,9582.720576788035,170.0,470.65432098765433,306.617071693943,8000,1.0,1.0,0.0,0.01,0.08,2.5,0.0,0.0,0.1,False,0.04,0.0,0,True,81
0.22897279262542725,0.22719850308365291,0.027949022476695083,256,0.513946533203125,0.510989530586902,0.03131813126220277,25.0,25.0,0.0,25.0,25.0,0.0,78,1.0,3.0987654320987654,12.267194974806433,265775.163257485,35.255612607142574,0.0,0.0,,85604.0,11.588857497741646,2.5413744698609673,0.0003472019147704622,False,33682,halfplane,1272.0,1582.8765432098764,4268.03598797327,0.03499724343419075,0.034649441133678696,0.0039782443754178085,15789,33682.0,33029.8024691358,4293.710957684744,1796.0,1927.7407407407406,363.0219793290683,8000,1.0,1.0,0.0,0.018,0.08,1.2,0.0,0.0,0.15,True,0.035,0.0,0,True,8
0.34600454568862915,0.3412392327079066,0.03863528284890571,256,0.44158935546875,0.4431564896195023,0.03806440441471574,25.0,25.0,0.0,25.0,25.0,0.0,80,8.0,13.666666666666666,17.322646278039453,128384.58482352941,15.311625687443811,0.0,0.0,,4701.0,1.0546230803974708,0.1624395300621977,4.036835927064141e-05,False,28940,halfplane,248.0,1090.9259259259259,4258.27025619088,0.04005345329642296,0.03969043088547977,0.004547844436888663,8664,28940.0,28634.333333333332,4051.582065634103,4773.0,4603.283950617284,731.8950244259447,8000,1.0,1.0,0.0,0.018,0.06,1.2,0.0,0.0,0.1,False,0.04,0.0,0,True,42
0.2633076012134552,0.29848576093345514,0.09497100975686468,256,0.372711181640625,0.2050127571011767,0.17340314908781043,25.0,25.0,0.0,25.0,25.0,0.0,93,96.0,63.03703703703704,24.44264864335148,4469.718413087947,5.575428444291443,0.0,0.0,,-542.0,0.30852371273712775,-0.02227962641064507,3.6420390343136544e-05,False,24426,halfplane,19346.0,10160.037037037036,10070.721699155336,0.02395464852452278,0.049367735242862025,0.035119983449246196,2,24419.0,13025.814814814816,11246.530354517748,764.0,395.9753086419753,301.55318001637977,8000,1.0,1.0,0.0,0.01,0.05,2.5,0.0,0.0,0.03,False,0.035,0.0,0,True,81
0.25880002975463867,0.25889372016176765,0.03241505171380452,256,0.434051513671875,0.43361823941454475,0.040749966539612506,25.0,25.0,0.0,25.0,25.0,0.0,84,1.0,10.88888888888889,26.88980714685514,184442.71647457627,23.414781935484385,0.0,0.0,,27792.0,4.046839205058718,0.9770090698164942,0.00015090942774337936,False,28446,halfplane,113.0,1784.716049382716,6317.20784984454,0.030294811353087425,0.029944780179195933,0.005573874824558099,18608,28446.0,28012.543209876545,4087.7099751236633,6772.0,6332.283950617284,1268.1426900530594,8000,1.0,1.0,0.0,0.013,0.06,2.0,0.0,0.0,0.06,False,0.03,0.0,0,True,43
0.21998977661132812,0.2179222211793617,0.027480678605437757,256,0.516845703125,0.5074417679398148,0.029615258373188087,25.0,25.0,0.0,25.0,25.0,0.0,82,1.0,7.0246913580246915,23.497294463979514,227976.51878062682,29.37412492631329,0.0,0.0,,49977.0,1.5946644083107464,1.539438148738073,4.341153387007825e-05,False,33872,halfplane,605.0,1108.5061728395062,3993.0382940641994,0.03508472442626953,0.03489991420029122,0.0041978567978920205,22421,31486.0,30550.876543209877,3975.679339053974,3306.0,3685.679012345679,608.0204842870056,8000,1.0,1.0,0.0,0.018,0.08,2.5,0.0,0.0,0.01,True,0.035,0.0,0,True,48
0.31737974286079407,0.31525721814897323,0.08213689359756647,256,0.11572265625,0.18538147726176699,0.14054115739394818,25.0,25.0,0.0,25.0,25.0,0.0,101,83.0,66.1604938271605,20.928718994923706,32471.142798099754,3.854381784646551,0.0,0.0,,-425.0,0.5506400180668464,-0.05592058072126416,0.009468009893608981,False,7584,halfplane,4809.0,8575.592592592593,7719.377939464475,0.053966205567121506,0.04401967729683275,0.017958184542036584,30,7581.0,11738.469135802468,9008.397903748328,317.0,651.0493827160494,342.55290305076653,8000,1.0,1.0,0.0,0.01,0.05,2.0,0.0,0.0,0.03,False,0.04,0.0,0,True,81
0.2589332163333893,0.26008055092375953,0.03144763305419033,256,0.4319610595703125,0.4333985882040895,0.04738538300400924,25.0,25.0,0.0,25.0,25.0,0.0,89,1.0,18.209876543209877,31.91412708178254,146922.70397872338,18.105096897223127,0.0,0.0,,22194.0,2.112232836495032,0.7839909569394896,7.75724567572513e-05,False,28309,halfplane,251.0,2347.3333333333335,6816.737895127273,0.029974136501550674,0.029552532635905123,0.004069048951916187,16173,28309.0,27990.654320987655,4393.378162982918,6408.0,5972.407407407408,1181.5122113732648,8000,1.0,1.0,0.0,0.013,0.06,2.5,0.0,0.0,0.1,True,0.03,0.0,0,True,40
0.2613276541233063,0.26697423575836937,0.03778257586557761,256,0.3313446044921875,0.32913942690248843,0.037478362608959016,25.0,25.0,0.0,25.0,25.0,0.0,97,1.0,7.765432098765432,17.204845430714343,325161.80559375,44.103721605623164,0.0,0.0,,21580.0,4.130996838301717,1.0337615244470246,0.00021175221166840234,False,21715,halfplane,60.0,837.8765432098766,3761.132461395879,0.029976408928632736,0.02983558968997296,0.003457591278868834,8304,19173.0,18843.913580246914,2804.4275012586036,9208.0,8301.098765432098,2060.4542146071344,8000,1.0,1.0,0.0,0.01,0.06,1.0,0.0,0.0,0.01,True,0.03,0.0,0,True,80
0.22572669386863708,0.22546125764464153,0.028677021200549126,256,0.37225341796875,0.3715108235677083,0.03587180524848752,25.0,25.0,0.0,25.0,25.0,0.0,94,1.0,6.012345679012346,20.88681657992593,478194.3088609866,57.63526002309822,0.0,0.0,,23980.0,5.973020325203253,0.9836848225789128,0.00024899512507666784,False,24396,halfplane,31.0,727.2962962962963,4024.6875300671036,0.03497150167822838,0.034608603949532094,0.0040501807584286415,9866,24388.0,23934.185185185186,3439.8482492767216,8349.0,8239.246913580248,1533.9010907870281,8000,1.0,1.0,0.0,0.013,0.08,1.2,0.0,0.0,0.03,False,0.035,0.0,0,True,48
0.371310830116272,0.351947408951359,0.05348811009125531,256,0.2172393798828125,0.19910176595052084,0.05399846237374616,25.0,25.0,0.0,25.0,25.0,0.0,103,14.0,25.567901234567902,19.335848030328894,137034.7992374582,17.62884137734058,0.0,0.0,,1398.0,1.772444670280036,0.09819484441947024,0.0006679738839780371,False,14237,halfplane,123.0,492.7037037037037,3608.5714571823596,0.041477516293525696,0.04005573740527953,0.004648666268427426,1425,14237.0,12643.765432098766,3108.1354430964266,5306.0,4826.716049382716,1212.8151746111641,8000,1.0,1.0,0.0,0.01,0.05,1.0,0.0,0.0,0.06,False,0.04,0.0,0,True,72
0.17630460858345032,0.27193688766823876,0.0970749622907622,256,0.0367279052734375,0.2697842444902585,0.22848210319430298,25.0,25.0,0.0,25.0,25.0,0.0,100,52.0,71.11111111111111,22.83542839807164,89225.47574930364,10.681974151006688,0.0,0.0,,39.0,0.6080431345980126,0.01620274200249283,0.0005034228036811468,False,2407,halfplane,952.0,14116.04938271605,13934.340073412588,0.10085500031709671,0.04279608971634765,0.03345069532087439,253,2407.0,17275.962962962964,15003.23726585094,224.0,580.8271604938271,386.5445781113038,8000,1.0,1.0,0.0,0.01,0.05,2.5,0.0,0.0,0.06,False,0.03,0.0,0,True,80
0.43180498480796814,0.22915714500862874,0.10546723335142516,256,0.4783935546875,0.30332174418885033,0.27315241292577025,25.0,25.0,0.0,25.0,25.0,0.0,99,69.0,54.32098765432099,19.89157471653643,2459.155403225799,7.082232409793456,0.0,0.0,,-85.0,0.8180663956639571,-0.0027111508037764853,0.0003050390810260685,False,31352,halfplane,21091.0,14449.160493827161,17568.391600220155,0.041271500289440155,0.04165661225762264,0.030071700278374,545,31352.0,19473.876543209877,17975.478143253535,566.0,935.5061728395061,617.6177675164628,8000,1.0,1.0,0.0,0.01,0.06,2.5,0.0,0.0,0.06,False,0.03,0.0,0,True,80
0.24874526262283325,0.3015089081025418,0.07979699718440844,256,0.1923675537109375,0.20445741253134644,0.15141103590278038,25.0,25.0,0.0,25.0,25.0,0.0,102,81.0,71.5925925925926,19.69193466395133,20195.31098901099,11.492844048788383,0.0,0.0,,-491.0,0.5998888888888899,-0.03894661695883239,0.00012854342123005448,False,12607,halfplane,2938.0,8129.111111111111,8607.770722714147,0.018592193722724915,0.04581160742191621,0.02177663123359887,652,12607.0,12994.74074074074,9792.041386403122,1748.0,917.4938271604939,438.4539370334901,8000,1.0,1.0,0.0,0.01,0.06,2.0,0.0,0.0,0.15,True,0.04,0.0,0,True,81
0.1971748173236847,0.19460404489511324,0.027114262136443096,256,0.5984954833984375,0.5973354386694637,0.025045043401892935,25.0,25.0,0.0,25.0,25.0,0.0,86,1.0,3.1481481481481484,12.42072254027505,174323.35595907923,22.081019554003124,0.0,0.0,,220341.0,36.4011876693767,5.617647808683681,0.0009173514825160108,False,39223,halfplane,38674.0,37920.148148148146,4210.712763660343,0.03023209609091282,0.029662141461431243,0.0033667571884337458,27030,39223.0,38324.22222222222,4716.223104388762,115.0,195.87654320987653,416.0965101344582,8000,1.0,1.0,0.0,0.018,0.08,1.2,0.0,0.0,0.15,True,0.03,0.0,0,True,7
0.22439086437225342,0.2258076329290131,0.029978977432781776,256,0.3745574951171875,0.37138442051263504,0.04072646091439284,25.0,25.0,0.0,25.0,25.0,0.0,98,1.0,9.135802469135802,24.422087294349634,311851.68945454544,37.36860242269331,0.0,0.0,,26583.0,2.3539909665763323,1.0829429258157819,9.802312130377484e-05,False,24547,halfplane,47.0,1205.9876543209878,5113.92159804574,0.035143718123435974,0.034621318342325125,0.0055492961861130195,11748,24547.0,23933.728395061727,3662.4966355265233,9331.0,8660.716049382716,1968.7833194331517,8000,1.0,1.0,0.0,0.013,0.08,2.5,0.0,0.0,0.06,False,0.035,0.0,0,True,33
0.26348409056663513,0.2606638081279802,0.030637211010833904,256,0.449188232421875,0.4465622136622299,0.03459319686131099,25.0,25.0,0.0,25.0,25.0,0.0,92,1.0,4.506172839506172,18.31151796796525,291361.9743116884,37.295990020932315,0.0,0.0,,35154.0,3.3077872628726297,1.194425952485171,0.0001159839825692136,False,29438,halfplane,150.0,638.1481481481482,3656.4472033507654,0.04019881412386894,0.03960851005014078,0.004489398276850327,10680,29435.0,28855.222222222223,3941.603468289849,4829.0,4988.148148148148,752.7680952409049,8000,1.0,1.0,0.0,0.018,0.08,1.2,0.0,0.0,0.06,True,0.04,0.0,0,True,35
0.2207857370376587,0.23013127622780977,0.0380051669656837,256,0.2870025634765625,0.2845590850453318,0.037148855785764226,25.0,25.0,0.0,25.0,25.0,0.0,105,1.0,11.82716049382716,25.681232097791987,423035.1948866995,59.141859156322845,0.0,0.0,,18236.0,3.1472393857271914,0.9865467313093799,0.00020611442270498812,False,18809,halfplane,23.0,881.9012345679013,3842.06796363091,0.035066910088062286,0.03516967622218309,0.005788676278668592,8078,18109.0,17527.25925925926,2662.044256608567,10155.0,9003.111111111111,2593.0764035345933,8000,1.0,1.0,0.0,0.01,0.08,1.5,0.0,0.0,0.01,False,0.035,0.0,0,True,77
0.26457759737968445,0.26077158215605184,0.03075948846541235,256,0.45062255859375,0.4458053023726852,0.037287682282373495,25.0,25.0,0.0,25.0,25.0,0.0,95,1.0,6.0,20.42269374380095,288823.20963754045,36.64688978261793,0.0,0.0,,34112.0,4.60034214092141,1.1595320816777122,0.00015986175771471017,False,29532,halfplane,83.0,703.641975308642,3737.3542576436294,0.039915427565574646,0.03957283919976081,0.00451122911212673,10453,29429.0,28710.48148148148,4019.5491458715633,4617.0,5037.62962962963,787.590989365351,8000,1.0,1.0,0.0,0.018,0.08,1.2,0.0,0.0,0.03,True,0.04,0.0,0,True,47
0.29490700364112854,0.292631694196183,0.03388479847540474,256,0.6024627685546875,0.5960333553361304,0.036830338166785256,25.0,25.0,0.0,25.0,25.0,0.0,88,2.0,7.3580246913580245,21.90682211908917,76992.94170786522,9.37598490903674,0.0,0.0,,24676.0,2.5736492773261075,0.6249778385634324,6.937589185770483e-05,False,39483,halfplane,36137.0,34927.20987654321,3934.551696790534,0.030138036236166954,0.029735300666940065,0.003466875607786119,22292,39483.0,38619.16049382716,4933.0279871889925,664.0,721.9506172839506,405.26844940096913,8000,1.0,1.0,0.0,0.018,0.05,1.5,0.0,0.0,0.1,False,0.03,0.0,0,True,32
0.25977423787117004,0.2620973601753329,0.03692029259698276,256,0.4482879638671875,0.4427541097005208,0.031673632365072805,25.0,25.0,0.0,25.0,25.0,0.0,96,1.0,8.703703703703704,23.23494837069262,153802.64459574467,19.81512419856031,0.0,0.0,,21912.0,1.6300731707317078,0.7459138285930487,5.3998296649493334e-05,False,29379,halfplane,199.0,998.0493827160494,4044.636948719138,0.04066815599799156,0.04080934523616308,0.006321432176818149,14771,29348.0,28575.432098765432,3805.604950006356,5928.0,5724.222222222223,781.1288602377307,8000,1.0,1.0,0.0,0.018,0.08,2.5,0.0,0.0,0.03,True,0.04,0.0,0,True,67
0.382708340883255,0.3746907624565525,0.04762524080318757,256,0.2949066162109375,0.2860521858121142,0.047982789538929344,25.0,25.0,0.0,25.0,25.0,0.0,107,19.0,21.333333333333332,17.895443933589547,128721.48018390802,17.325929285288286,0.0,0.0,,349.0,1.7260512646793142,0.022757230092045555,0.0002795035149056056,False,19327,halfplane,125.0,545.0864197530864,3602.829509429097,0.040340881794691086,0.039968549377388425,0.004598678639961899,2894,18396.0,17404.827160493827,3249.918847192401,6060.0,5686.679012345679,1174.6679575723401,8000,1.0,1.0,0.0,0.013,0.05,1.0,0.0,0.0,0.01,False,0.04,0.0,0,True,81
0.26211297512054443,0.2631567963111548,0.033457093690306056,256,0.3277435302734375,0.32543869960455246,0.03137714222954918,25.0,25.0,0.0,25.0,25.0,0.0,106,1.0,8.493827160493828,22.203949963797385,292869.6160674157,38.606606605573,0.0,0.0,,15512.0,2.3062524841915093,0.7221937706597141,0.00011305805658991727,False,21479,halfplane,47.0,835.9135802469136,4150.054559205635,0.040133848786354065,0.039765792082489274,0.004621710489310582,8952,21479.0,20923.320987654322,2840.2077207427847,9054.0,8535.20987654321,1715.4698648435665,8000,1.0,1.0,0.0,0.013,0.08,1.5,0.0,0.0,0.15,True,0.04,0.0,0,True,51
0.24403995275497437,0.2403178456020944,0.02710899464840387,256,0.597076416015625,0.5988134690272955,0.011560639727011535,25.0,25.0,0.0,25.0,25.0,0.0,91,1.0,5.2592592592592595,17.98063277548537,105132.88130841125,11.781309300111399,0.0,0.0,,50902.0,1.944214769647699,1.300843342703808,3.9875177494600466e-05,False,39130,halfplane,35532.0,35372.98765432099,2608.1483545522783,0.029850633814930916,0.029686916734517357,0.003353454907589158,32768,39130.0,38603.79012345679,4400.27442106094,666.0,690.2345679012345,326.50076178630195,8000,1.0,1.0,0.0,0.018,0.06,2.5,0.0,0.0,0.06,True,0.03,0.0,0,True,25
0.38467323780059814,0.37914674517549113,0.045083568291142496,256,0.3047332763671875,0.29213045850212194,0.040781693647529475,25.0,25.0,0.0,25.0,25.0,0.0,110,17.0,29.444444444444443,15.874507866387544,106392.86378861789,12.829291555274061,0.0,0.0,,-618.0,1.6649954832881657,-0.030944870061589302,0.0001642276484216847,False,19971,halfplane,356.0,731.8271604938271,3583.3427107202824,0.03971800580620766,0.04005561092937434,0.004680034214188241,4721,19971.0,18740.40740740741,3035.267465497172,5097.0,4877.283950617284,892.4935969555271,8000,1.0,1.0,0.0,0.013,0.05,1.5,0.0,0.0,0.06,True,0.04,0.0,0,True,71
0.3503724932670593,0.29768002925463666,0.08884156230034368,256,0.2711029052734375,0.18818513846691745,0.14805856700754905,25.0,25.0,0.0,25.0,25.0,0.0,118,94.0,59.03703703703704,21.21171609895875,15425.410112798272,8.044277715359822,0.0,0.0,,-571.0,0.5640311653116535,-0.03213823380424374,0.000509811210233994,False,17767,halfplane,15155.0,7918.901234567901,7824.45274796009,0.036203645169734955,0.047122508034478,0.023473874416355296,211,17767.0,11928.308641975309,9524.092320760532,1002.0,714.0246913580247,418.890067057248,8000,1.0,1.0,0.0,0.01,0.05,2.0,0.0,0.0,0.06,False,0.04,0.0,0,True,81
0.22631345689296722,0.22096498844064313,0.027902682673245218,256,0.5135040283203125,0.5100073166835455,0.03979117298163171,25.0,25.0,0.0,25.0,25.0,0.0,109,1.0,6.444444444444445,22.44939439365737,331392.4280970874,42.60919395386091,0.0,0.0,,66053.0,7.903725158084915,2.1883363934147537,0.000274465056066088,False,33653,halfplane,483.0,1495.9876543209878,4742.012216775186,0.0352623388171196,0.034566047934838286,0.00400228377865229,15483,30333.0,29497.85185185185,4012.9266931653247,2788.0,3314.7654320987654,610.9899934846671,8000,1.0,1.0,0.0,0.018,0.08,1.2,0.0,0.0,0.01,True,0.035,0.0,0,True,49
0.31340524554252625,0.34316553327220456,0.06407091947495819,256,0.37060546875,0.2501663396387924,0.13342910112896525,25.0,25.0,0.0,25.0,25.0,0.0,116,88.0,72.60493827160494,21.967247793327992,8513.70226446283,3.157035348104902,0.0,0.0,,-555.0,0.4988281391147248,-0.007123883331014769,0.0010761149614272481,False,24288,halfplane,22115.0,10371.41975308642,8777.124573254308,0.03043106198310852,0.043983362063213634,0.017230774549642218,298,22840.0,14975.432098765432,8130.391277144262,1235.0,1294.0246913580247,389.713252460605,8000,1.0,1.0,0.0,0.013,0.05,2.0,0.0,0.0,0.01,False,0.04,0.0,0,True,81
0.2217717319726944,0.22027608457906747,0.026290095820031528,256,0.5169219970703125,0.5112349898726852,0.022752566013933034,25.0,25.0,0.0,25.0,25.0,0.0,104,1.0,4.703703703703703,18.92248283531919,216807.07653932588,30.968226431116808,0.0,0.0,,39506.0,4.173441734417346,1.1661943558861738,0.0001242484574060645,False,33877,halfplane,498.0,1127.9876543209878,4056.477610536739,0.034975383430719376,0.034613997434024456,0.003919619062021489,22990,33876.0,33064.0987654321,4030.9691191608135,2853.0,3073.259259259259,505.4408606838529,8000,1.0,1.0,0.0,0.018,0.08,2.0,0.0,0.0,0.06,True,0.035,0.0,0,True,29
0.1958288848400116,0.1950903676542235,0.02654740146966868,256,0.4332122802734375,0.43280782817322533,0.03597203714180131,25.0,25.0,0.0,25.0,25.0,0.0,111,1.0,3.4814814814814814,12.719297200002947,439919.79649011855,53.970763385682545,0.0,0.0,,75078.0,13.041428410117437,2.666989105402176,0.00047010283734264235,False,28391,halfplane,59.0,811.8765432098766,4327.7213956752785,0.02975032478570938,0.029716504254826793,0.0037381165981339903,10656,28174.0,27710.666666666668,3861.07202857918,5462.0,5864.83950617284,1040.047345275479,8000,1.0,1.0,0.0,0.013,0.08,1.0,0.0,0.0,0.03,True,0.03,0.0,0,True,53
0.26278677582740784,0.27711341925609256,0.044021840939825495,256,0.33111572265625,0.31931578082802853,0.058064677698056115,25.0,25.0,0.0,25.0,25.0,0.0,117,1.0,36.370370370370374,33.55424737863713,205541.19557377056,27.42913076433245,0.0,0.0,,11251.0,2.028716350496839,0.5364641576406997,0.00014566071250077578,False,21700,halfplane,104.0,2243.617283950617,5081.230837979816,0.03984614834189415,0.039914172832612636,0.006759971417425641,4752,19917.0,19056.074074074073,3929.8970607502274,8535.0,6842.851851851852,2476.8192321839565,8000,1.0,1.0,0.0,0.013,0.08,2.0,0.0,0.0,0.01,True,0.04,0.0,0,True,81
0.2610134184360504,0.2599841669017886,0.030727680449363935,256,0.450927734375,0.44711039978780864,0.03246226420965062,25.0,25.0,0.0,25.0,25.0,0.0,112,1.0,3.9135802469135803,15.737191563075772,301142.018,38.02034447198511,0.0,0.0,,28354.0,4.58261224028907,0.9594612885760689,0.0001585583920593218,False,29552,halfplane,86.0,640.8641975308642,3666.981244933425,0.03977517411112785,0.039712162803352616,0.004546223644181792,11582,29552.0,28886.086419753086,3879.617138414534,5083.0,5110.740740740741,720.4723035565239,8000,1.0,1.0,0.0,0.018,0.08,1.2,0.0,0.0,0.15,True,0.04,0.0,0,True,27
0.24573560059070587,0.24026410815156538,0.02737881270182851,256,0.59991455078125,0.5973354386694637,0.02357017699199691,25.0,25.0,0.0,25.0,25.0,0.0,108,1.0,6.901234567901234,23.03063174287328,108810.23459154938,15.07994234644425,0.0,0.0,,51530.0,1.9298152664859953,1.3259684823016675,4.773049611774169e-05,False,39316,halfplane,36249.0,35204.81481481482,3113.270881723978,0.029638154432177544,0.02961947258423876,0.0034175834437709224,29196,37908.0,37197.41975308642,4485.701323875367,550.0,731.2716049382716,422.4171191216731,8000,1.0,1.0,0.0,0.018,0.06,2.0,0.0,0.0,0.01,False,0.03,0.0,0,True,43
0.18702933192253113,0.18688004160368885,0.02329852967873201,256,0.4334869384765625,0.4330578085816937,0.029646627995356147,25.0,25.0,0.0,25.0,25.0,0.0,119,1.0,6.246913580246914,21.2977312094867,562009.923928251,72.23332171942832,0.0,0.0,,54723.0,4.046795392953928,1.97177129522614,0.00015101304844117381,False,28409,halfplane,36.0,1027.358024691358,4848.775445023492,0.029869597405195236,0.029542378621336855,0.003717365914423289,14608,27326.0,26830.567901234568,3495.6783581532536,7935.0,7890.308641975309,1329.6683671008068,8000,1.0,1.0,0.0,0.013,0.08,2.0,0.0,0.0,0.01,False,0.03,0.0,0,True,46
0.18748946487903595,0.19474833173516357,0.03910279120522667,256,0.33441162109375,0.33347593707802853,0.03570752050075948,25.0,25.0,0.0,25.0,25.0,0.0,121,1.0,7.8765432098765435,20.68600213542719,606194.7860000001,80.44785608374661,0.0,0.0,,25622.0,4.008948735320688,1.1971965759682233,0.00020262424711129385,False,21916,halfplane,17.0,1071.148148148148,4349.26863757067,0.030021803453564644,0.029924760883053143,0.004647816231188066,11071,21025.0,20570.827160493827,2973.0478221586945,10234.0,9592.469135802468,2382.714833428974,8000,1.0,1.0,0.0,0.01,0.08,1.5,0.0,0.0,0.01,False,0.03,0.0,0,True,66
0.3576056659221649,0.3498767862717311,0.042618218400178536,256,0.2785186767578125,0.2633277045355903,0.04606776296166982,25.0,25.0,0.0,25.0,25.0,0.0,126,22.0,22.51851851851852,20.34220274749093,136227.6251051051,18.42385912991888,0.0,0.0,,1695.0,2.0569932249322496,0.0922473333502698,0.0002931611897934495,False,18253,halfplane,132.0,540.7407407407408,3603.3118640460143,0.03554413095116615,0.034987455394900877,0.003984268576985511,3081,18252.0,16846.222222222223,3106.7892163080364,6031.0,5746.975308641975,1212.8547690256908,8000,1.0,1.0,0.0,0.01,0.05,1.0,0.0,0.0,0.03,False,0.035,0.0,0,True,78
0.26130175590515137,0.2662165845617836,0.037327466948866767,256,0.325927734375,0.3235724178361304,0.029640950215851877,25.0,25.0,0.0,25.0,25.0,0.0,123,1.0,9.197530864197532,21.25066142940777,264494.2016272401,36.93788817753086,0.0,0.0,,14887.0,2.616471093044264,0.7117092321083169,0.00015317432283642955,False,21360,halfplane,57.0,881.1728395061729,3864.3690357159962,0.03951898589730263,0.03978203112880389,0.00453598650186897,9179,20553.0,19986.0,2659.4488614962274,8944.0,8297.851851851852,1983.7946186949991,8000,1.0,1.0,0.0,0.013,0.08,1.5,0.0,0.0,0.01,False,0.04,0.0,0,True,78
0.361032634973526,0.2808856732315487,0.09391808918469158,256,0.55999755859375,0.18976470570505402,0.15980719492253737,25.0,25.0,0.0,25.0,25.0,0.0,130,39.0,63.93827160493827,22.921953291368144,2756.8694036511297,8.497957077532076,0.0,0.0,,2.0,0.5759229900632347,5.4495912806595825e-05,0.01896548160320749,False,36700,halfplane,35539.0,8876.827160493827,9234.022025111806,0.03419195115566254,0.04548660972742019,0.03539758712802424,15,36700.0,12031.851851851852,10311.529455248003,591.0,379.8395061728395,306.4696813711858,8000,1.0,1.0,0.0,0.01,0.05,2.5,0.0,0.0,0.15,False,0.035,0.0,0,True,81
0.1943659782409668,0.19326147253130688,0.02606019003680693,256,0.43377685546875,0.4331666922863619,0.03075660183217331,25.0,25.0,0.0,25.0,25.0,0.0,120,1.0,5.0,18.90195626429402,443316.031015873,52.66767613812652,0.0,0.0,,56259.0,10.544251806684738,1.9789133648156492,0.00037602741462971204,False,28428,halfplane,46.0,826.6172839506173,4341.403512513747,0.029742028564214706,0.02968638634056221,0.00357679061232696,13076,28419.0,27971.51851851852,3691.194279988528,5887.0,6228.975308641975,1092.9059911827624,8000,1.0,1.0,0.0,0.013,0.08,1.2,0.0,0.0,0.03,False,0.03,0.0,0,True,30
0.24746988713741302,0.24159517663496513,0.02856135316143581,256,0.598785400390625,0.5982790346498843,0.017608450134074447,25.0,25.0,0.0,25.0,25.0,0.0,113,1.0,5.567901234567901,18.991185916334032,101937.2749767442,14.034332382681962,0.0,0.0,,49485.0,3.825161020776872,1.260991398874813,9.449446214851606e-05,False,39242,halfplane,36593.0,36002.37037037037,2649.1577578145007,0.03016851283609867,0.029578695625618653,0.0034193320817266985,32618,39232.0,38659.18518518518,4471.0078934162475,497.0,616.3086419753087,393.57229533303195,8000,1.0,1.0,0.0,0.018,0.06,2.0,0.0,0.0,0.03,False,0.03,0.0,0,True,23
0.2996317148208618,0.2951448475137169,0.03387416392800539,256,0.5181884765625,0.5116552659022955,0.029878168505593067,25.0,25.0,0.0,25.0,25.0,0.0,114,8.0,14.975308641975309,22.10802619945083,107239.70855769224,11.89592200975787,0.0,0.0,,12569.0,0.7363480126467927,0.37011189634864516,2.371695609187585e-05,False,33960,halfplane,847.0,2331.395061728395,5343.055011533374,0.03509807214140892,0.034715694248860264,0.004159398242754312,20757,33960.0,33121.62962962963,4202.662252783816,3033.0,3099.4814814814813,474.5770595588598,8000,1.0,1.0,0.0,0.018,0.06,2.0,0.0,0.0,0.15,True,0.035,0.0,0,True,37
0.22505010664463043,0.22500501996205177,0.0283304896346169,256,0.3731231689453125,0.3715087513864776,0.030619792426897937,25.0,25.0,0.0,25.0,25.0,0.0,129,1.0,4.506172839506172,15.243799352070202,448481.8373679654,58.88192851106242,0.0,0.0,,24530.0,2.971222899728998,1.0031488978857395,0.00012528468290563834,False,24453,halfplane,24.0,602.8395061728395,3693.1806408361167,0.03486469015479088,0.03462606691467909,0.004065934338718338,10526,24453.0,23937.061728395063,3222.0855999606147,8481.0,8241.814814814816,1430.0417166591537,8000,1.0,1.0,0.0,0.013,0.08,1.2,0.0,0.0,0.15,True,0.035,0.0,0,True,22
0.19313713908195496,0.1901656069137432,0.023222598351172727,256,0.601226806640625,0.5976500334563078,0.019525696379580338,25.0,25.0,0.0,25.0,25.0,0.0,115,1.0,4.802469135802469,19.394169769904106,172522.59822448983,21.247814905706658,0.0,0.0,,138997.0,23.46290289069558,3.527663570377138,0.0005885108569791178,False,39402,halfplane,38851.0,37675.641975308645,3784.368284966827,0.030158059671521187,0.029682363900873397,0.0033598127798924707,30347,39402.0,38399.79012345679,4554.1769396815425,109.0,249.53086419753086,435.2436833111035,8000,1.0,1.0,0.0,0.018,0.08,1.5,0.0,0.0,0.1,False,0.03,0.0,0,True,7
0.18840399384498596,0.19150963572808255,0.030837044225320475,256,0.3340301513671875,0.33526573652102626,0.033126149414961406,25.0,25.0,0.0,25.0,25.0,0.0,134,1.0,7.987654320987654,24.737383030327766,593997.3616721311,73.82036523512276,0.0,0.0,,22134.0,4.099968834688348,1.0111004522406475,0.0001960833006408655,False,21891,halfplane,24.0,1039.962962962963,4770.228530499996,0.029999498277902603,0.02966998023107464,0.0035054668243392215,13906,21891.0,21567.271604938273,3011.700430286238,10030.0,9530.283950617284,1974.6150256743617,8000,1.0,1.0,0.0,0.01,0.08,1.5,0.0,0.0,0.1,False,0.03,0.0,0,True,44
0.19017501175403595,0.19193979877012748,0.02787094383457459,256,0.3321990966796875,0.3354656078197338,0.04106895304760697,25.0,25.0,0.0,25.0,25.0,0.0,136,1.0,7.395061728395062,23.262155464359733,552411.2929166666,72.19603649130927,0.0,0.0,,24436.0,3.02260162601626,1.122246876693623,0.00014296013947510331,False,21771,halfplane,18.0,865.1975308641976,4795.961651067742,0.030269142240285873,0.02964755761678572,0.003581535604491151,10750,21751.0,21551.728395061727,3405.124101769711,9620.0,9233.802469135802,1845.7892581963185,8000,1.0,1.0,0.0,0.01,0.08,1.2,0.0,0.0,0.06,True,0.03,0.0,0,True,20
0.25924742221832275,0.258255645080849,0.030305883031663917,256,0.433441162109375,0.4330029899691358,0.035045342157654556,25.0,25.0,0.0,25.0,25.0,0.0,128,1.0,7.888888888888889,22.62196026916662,245586.3521424149,31.84301421719404,0.0,0.0,,30586.0,7.372740063233969,1.0767443497852565,0.0002633399549113559,False,28406,halfplane,70.0,1161.530864197531,5195.658137677584,0.029950203374028206,0.02968969582407563,0.0034846935883384015,15112,28406.0,27972.345679012345,3848.97992630497,6803.0,6436.098765432099,1162.5990955234981,8000,1.0,1.0,0.0,0.013,0.06,1.5,0.0,0.0,0.1,True,0.03,0.0,0,True,39
0.1913963258266449,0.191318424395573,0.02590523449615844,256,0.433074951171875,0.4344853530695409,0.03823052470865188,25.0,25.0,0.0,25.0,25.0,0.0,135,1.0,6.962962962962963,23.382194578773305,521637.249862069,66.90343899876599,0.0,0.0,,76468.0,14.354306684733517,3.0853821694870707,0.0006010943462563496,False,28382,halfplane,62.0,1198.0617283950617,5382.131463923473,0.03008534200489521,0.029623570173610874,0.0035331940919423282,14929,24102.0,23841.913580246914,3532.6075886302,7212.0,7158.481481481482,1340.4593197589659,8000,1.0,1.0,0.0,0.013,0.08,1.2,0.0,0.0,0.01,True,0.03,0.0,0,True,50
0.2668815553188324,0.271690430464568,0.0367550746342298,256,0.2517242431640625,0.24817459671585648,0.042183028414741745,25.0,25.0,0.0,25.0,25.0,0.0,138,11.0,22.28395061728395,19.034883226706476,227051.5026666667,32.23310094402874,0.0,0.0,,10313.0,3.0963649503161714,0.6592521270670741,0.0002625909303049556,False,16497,halfplane,52.0,769.1851851851852,3669.4665172558807,0.03979085013270378,0.04007893092470405,0.005710624958969439,6493,14614.0,14164.148148148148,2453.8621869153767,8253.0,7206.222222222223,2054.514967841904,8000,1.0,1.0,0.0,0.01,0.08,1.5,0.0,0.0,0.01,True,0.04,0.0,0,True,79
0.1965104043483734,0.19561270541614956,0.025997056698846912,256,0.4335479736328125,0.4324286190080054,0.03560958866846003,25.0,25.0,0.0,25.0,25.0,0.0,131,1.0,3.5185185185185186,12.802498898735598,396164.76702255633,52.03842062401186,0.0,0.0,,94405.0,13.085923667570013,3.323889073291279,0.00046805236306663025,False,28413,halfplane,83.0,807.5679012345679,4343.152754661951,0.02993321232497692,0.029725622178779706,0.003606615972877214,10849,28408.0,27923.814814814814,3874.068659439598,4939.0,5392.086419753086,947.9685127543012,8000,1.0,1.0,0.0,0.013,0.08,1.0,0.0,0.0,0.06,True,0.03,0.0,0,True,32
0.2969363033771515,0.29211231661431586,0.03485906108134506,256,0.5095367431640625,0.5048841311607832,0.051364013877399015,25.0,25.0,0.0,25.0,25.0,0.0,122,11.0,23.08641975308642,24.201927038296297,72153.95345454547,9.024008002467438,0.0,0.0,,7882.0,0.11303771454381165,0.23334834633179868,-3.1556331909360955e-07,False,33393,halfplane,1145.0,3229.8765432098767,5793.959761092018,0.03499772027134895,0.03456028079453074,0.0042640715751691175,16686,31829.0,31018.456790123455,4772.1687283236015,3241.0,3220.135802469136,579.4644558829847,8000,1.0,1.0,0.0,0.018,0.06,2.5,0.0,0.0,0.01,True,0.035,0.0,0,True,76
0.30552130937576294,0.2995383463524006,0.03576944467329938,256,0.513824462890625,0.5107523600260416,0.05041565893416634,25.0,25.0,0.0,25.0,25.0,0.0,127,1.0,11.271604938271604,27.071926302361074,151982.97428791772,17.141605592014507,0.0,0.0,,27822.0,5.704185862691961,0.8512100525532107,0.00018582763188388287,False,33674,halfplane,606.0,2191.5555555555557,5431.3478080809455,0.03485500440001488,0.03467801767458886,0.004583892164467909,12971,31686.0,31084.30864197531,4630.815382011142,2406.0,2697.753086419753,605.4767641067575,8000,1.0,1.0,0.0,0.018,0.06,1.2,0.0,0.0,0.01,True,0.035,0.0,0,True,70
0.2203102707862854,0.2273836428368533,0.03590947082924368,256,0.2861785888671875,0.2852564682195216,0.03398555433599102,25.0,25.0,0.0,25.0,25.0,0.0,139,1.0,8.580246913580247,20.339018147351478,498086.13821739133,62.77668806842771,0.0,0.0,,17589.0,3.0218845980126474,0.9378299120234601,0.00019269694675144472,False,18755,halfplane,20.0,769.074074074074,3783.887734800646,0.03540942817926407,0.03495036348424576,0.005005825387058662,8873,18755.0,18289.987654320987,2581.872693373137,10253.0,9282.283950617284,2341.4260993316243,8000,1.0,1.0,0.0,0.01,0.08,1.5,0.0,0.0,0.1,False,0.035,0.0,0,True,30
0.3554820418357849,0.34986840574829664,0.040144486842559696,256,0.5085296630859375,0.5043609995900848,0.043855825043374035,25.0,25.0,0.0,25.0,25.0,0.0,125,2.0,7.2592592592592595,20.398969822559017,107440.50460240967,13.58504066597688,0.0,0.0,,6835.0,1.4168044263775976,0.2050889669037117,5.00299618245651e-05,False,33327,halfplane,1250.0,1796.641975308642,4526.166596249359,0.034875329583883286,0.03475233850379785,0.004055961651105375,8646,33327.0,32644.283950617282,4659.026924405462,2698.0,2693.0,439.7066642857303,8000,1.0,1.0,0.0,0.018,0.05,1.0,0.0,0.0,0.1,True,0.035,0.0,0,True,47
0.18519124388694763,0.18078550475615043,0.02050669580607123,256,0.60113525390625,0.5990048632209684,0.011474449693662759,25.0,25.0,0.0,25.0,25.0,0.0,124,1.0,3.3703703703703702,14.918250025168605,160550.65568844217,21.45965839889087,0.0,0.0,,70477.0,18.178879629629634,1.7887754013127104,0.00043024011714603986,False,39396,halfplane,37833.0,37026.96296296296,2359.4398971488736,0.030170006677508354,0.02966299034471129,0.003331434027544841,32768,39396.0,38292.60493827161,4403.985839671263,302.0,418.9753086419753,269.7022123397473,8000,1.0,1.0,0.0,0.018,0.08,2.5,0.0,0.0,0.06,False,0.03,0.0,0,True,2
0.36389511823654175,0.304304403471358,0.07530640995456901,256,0.338897705078125,0.4172807858314043,0.19880910717019096,25.0,25.0,0.0,25.0,25.0,0.0,133,58.0,74.60493827160494,17.529290487529423,17671.713749999995,1.6669551767997233,0.0,0.0,,-357.0,-0.058330849141824764,-0.016073840612336854,-8.527776970851992e-07,False,22210,halfplane,13603.0,18635.987654320987,15344.820461636153,0.04952859506011009,0.04346621595323086,0.016595716764049334,7956,22210.0,26941.444444444445,13359.863174800208,3449.0,2916.814814814815,1341.1091421426315,8000,1.0,1.0,0.0,0.018,0.06,2.5,0.0,0.0,0.15,False,0.04,0.0,0,True,75
0.36289137601852417,0.35408441188894674,0.0500786969112321,256,0.2016754150390625,0.2002759391878858,0.051545398698423464,25.0,25.0,0.0,25.0,25.0,0.0,147,13.0,27.88888888888889,25.064361596143282,152204.0872055749,17.73436715648848,0.0,0.0,,1315.0,1.498288617886179,0.12644657755110922,0.0005298037576937783,False,13217,halfplane,65.0,492.0,3608.622575012367,0.04144823178648949,0.03999087053500576,0.0046887652063263684,1839,12518.0,12053.197530864198,2785.2704743529926,5369.0,4854.0123456790125,1157.5518706221842,8000,1.0,1.0,0.0,0.01,0.05,1.0,0.0,0.0,0.01,False,0.04,0.0,0,True,81
0.1869788020849228,0.1914626422487659,0.032306614751420916,256,0.331787109375,0.33547709900655864,0.036649280563049,25.0,25.0,0.0,25.0,25.0,0.0,142,1.0,9.691358024691358,26.077113552734108,429295.77814479644,57.38075128194622,0.0,0.0,,36019.0,4.126176377597109,1.6557410401996613,0.0001901806316525098,False,21744,halfplane,19.0,1113.5432098765432,4596.57462655787,0.030599357560276985,0.029893320398750128,0.006139307164769332,12786,21740.0,21573.543209876545,3184.202825017426,11040.0,10054.888888888889,2473.756487711316,8000,1.0,1.0,0.0,0.01,0.08,2.5,0.0,0.0,0.06,True,0.03,0.0,0,True,48
0.25924140214920044,0.25603379953054733,0.030796076260565717,256,0.601348876953125,0.5964506172839507,0.04098007790388662,25.0,25.0,0.0,25.0,25.0,0.0,132,1.0,4.283950617283951,18.19865316404529,148239.54726732674,19.129012183922264,0.0,0.0,,113735.0,15.79381639566396,2.8861615911762106,0.0004041841126962483,False,39410,halfplane,38715.0,37645.358024691355,5154.633412043872,0.030034851282835007,0.029644098776726076,0.0033985057472869806,19331,39409.0,38506.40740740741,5139.406334976299,153.0,260.5061728395062,464.13504110511747,8000,1.0,1.0,0.0,0.018,0.06,1.0,0.0,0.0,0.15,True,0.03,0.0,0,True,15
0.22288838028907776,0.22616249230908758,0.03275509242043994,256,0.3700408935546875,0.37176268777729554,0.04447039275069844,25.0,25.0,0.0,25.0,25.0,0.0,146,1.0,9.037037037037036,25.620904102379356,498918.2,60.25005426937712,0.0,0.0,,23935.0,2.816676151761518,1.0191346478948802,0.00013577142145758462,False,24251,halfplane,34.0,1126.037037037037,4898.919461219703,0.03489920124411583,0.034667603901506944,0.004335730389684888,11903,23244.0,22979.95061728395,3640.3929678709565,9210.0,8674.160493827161,1961.64180705347,8000,1.0,1.0,0.0,0.013,0.08,1.5,0.0,0.0,0.01,False,0.035,0.0,0,True,63
0.2788885533809662,0.2845089417180897,0.08254175873125683,256,0.33380126953125,0.39807844750675153,0.21310490965695836,25.0,25.0,0.0,25.0,25.0,0.0,140,82.0,79.85185185185185,17.172409043961007,30256.684795698908,2.125063929622961,0.0,0.0,,-1858.0,-0.08729923215898827,-0.08493326019381975,-2.0115494077750734e-07,False,21876,halfplane,10924.0,18436.0987654321,15181.19726862028,0.01880917325615883,0.034010412286461136,0.015928119040316168,5070,21876.0,25679.197530864196,14240.066114616036,2948.0,2217.283950617284,930.1074706862471,8000,1.0,1.0,0.0,0.013,0.05,2.5,0.0,0.0,0.06,True,0.03,0.0,0,True,75
0.15301953256130219,0.23127601866000963,0.10617987052565038,256,0.0145111083984375,0.2642213797863619,0.2530553481012943,25.0,25.0,0.0,25.0,25.0,0.0,149,57.0,56.2962962962963,21.741150857384863,250872.50000000006,14.605604271605088,0.0,0.0,,-5.0,0.5820677506775068,-0.00525762355415349,4.666903026213723e-05,False,951,halfplane,59.0,12531.037037037036,15622.255396238243,0.023521384224295616,0.04874681197336794,0.035073353148054195,250,951.0,16911.35802469136,16601.832030624,574.0,783.1358024691358,604.9692728262008,8000,1.0,1.0,0.0,0.01,0.08,2.5,0.0,0.0,0.15,False,0.035,0.0,0,True,81
0.1934724599123001,0.1936998012257211,0.026179623141796546,256,0.4347076416015625,0.43232632860725306,0.029980600507032936,25.0,25.0,0.0,25.0,25.0,0.0,143,1.0,3.691358024691358,13.247540629251532,418691.11010810814,52.46237578551091,0.0,0.0,,64764.0,9.858245257452575,2.2732984660746256,0.000353456998729059,False,28489,halfplane,65.0,808.7654320987655,4353.399234574655,0.0299490038305521,0.02968319813594406,0.003589515271279502,13068,28489.0,27916.25925925926,3664.3875737712747,5598.0,5796.543209876543,937.4886079884999,8000,1.0,1.0,0.0,0.013,0.08,1.2,0.0,0.0,0.15,True,0.03,0.0,0,True,13
0.25853943824768066,0.26203097697393396,0.03415075511026496,256,0.2473297119140625,0.24795023600260416,0.03882746112523261,25.0,25.0,0.0,25.0,25.0,0.0,153,1.0,6.296296296296297,19.39227569556882,370381.4000392157,46.4722963577415,0.0,0.0,,12729.0,2.259987804878049,0.785304460484916,0.00022826954848054087,False,16209,halfplane,41.0,462.82716049382714,3612.9470778590785,0.04029877856373787,0.0398188483107973,0.004591927821860702,4083,16209.0,15845.098765432098,2490.4181393420477,8890.0,8315.395061728395,1763.2133522088902,8000,1.0,1.0,0.0,0.01,0.08,1.0,0.0,0.0,0.15,True,0.04,0.0,0,True,53
0.3125069737434387,0.30980708827207115,0.036675697094112183,256,0.2818145751953125,0.2788732081283758,0.041273638301179194,25.0,25.0,0.0,25.0,25.0,0.0,151,8.0,16.59259259259259,17.277529671514635,201774.19303401362,26.215364262445423,0.0,0.0,,6404.0,2.204909214092141,0.3467431912935188,0.00022091816593617565,False,18469,halfplane,78.0,527.5555555555555,3608.3516602049335,0.035186104476451874,0.034916343834297155,0.004103368099238605,4257,18469.0,17871.69135802469,2946.761753292257,7472.0,7036.172839506173,1467.8025718330077,8000,1.0,1.0,0.0,0.01,0.06,1.0,0.0,0.0,0.15,True,0.035,0.0,0,True,62
0.3005789518356323,0.2961691548059016,0.03485186593847556,256,0.599884033203125,0.5956594208140432,0.04581966463954107,25.0,25.0,0.0,25.0,25.0,0.0,137,2.0,6.296296296296297,19.919247125222004,100927.19358139543,11.051389688532707,0.0,0.0,,34581.0,4.004667344173443,0.8796103169354432,0.00010713775830128334,False,39314,halfplane,36917.0,36007.32098765432,4659.022299351637,0.029786640778183937,0.029691130244805488,0.00349348868296048,17769,39314.0,38589.51851851852,5253.148481216426,438.0,554.283950617284,411.24833249143416,8000,1.0,1.0,0.0,0.018,0.05,1.2,0.0,0.0,0.1,False,0.03,0.0,0,True,27
0.23171621561050415,0.23014647909152655,0.027817262664711902,256,0.514739990234375,0.5109254813488618,0.033431280476450345,25.0,25.0,0.0,25.0,25.0,0.0,141,1.0,4.246913580246914,17.948163263913308,282765.67208562687,34.84617777941357,0.0,0.0,,135884.0,19.575895663956643,4.028378689533247,0.0005832694785906631,False,33734,halfplane,1063.0,1988.0123456790122,3697.1018128613123,0.034792568534612656,0.03470150942419782,0.003982970344438596,13999,33733.0,33003.555555555555,4383.505122672246,1310.0,1560.8148148148148,382.00514220283753,8000,1.0,1.0,0.0,0.018,0.08,1.0,0.0,0.0,0.15,False,0.035,0.0,0,True,17
0.3879068195819855,0.38385432995395896,0.04448303974149711,256,0.4284820556640625,0.42490867332175924,0.04200605750924792,25.0,25.0,0.0,25.0,25.0,0.0,145,8.0,18.691358024691358,21.17396606440347,103408.3417777777,12.914958000574245,0.0,0.0,,-423.0,1.0473331074977417,-0.014703839007611519,4.4257637360786524e-05,False,28081,halfplane,618.0,1178.6049382716049,4323.41416206749,0.04038037732243538,0.03981519748031357,0.004643888080490958,6498,28053.0,27414.35802469136,4087.1526365291843,4674.0,4458.740740740741,775.991707633207,8000,1.0,1.0,0.0,0.018,0.05,1.2,0.0,0.0,0.03,True,0.04,0.0,0,True,72
0.1910458505153656,0.19263483032032294,0.02703831536582197,256,0.3343505859375,0.3355950249565972,0.04573958909245776,25.0,25.0,0.0,25.0,25.0,0.0,154,1.0,5.111111111111111,17.84086030146238,558130.0439685864,73.48235193424354,0.0,0.0,,30334.0,2.8302793586269184,1.3843556042351217,0.00013496182505278774,False,21912,halfplane,21.0,818.3333333333334,4662.775862159873,0.03000558912754059,0.029605862880010665,0.0034828774661464406,8653,21912.0,21583.728395061727,3654.0206436885883,9181.0,8892.864197530864,1737.2210016915474,8000,1.0,1.0,0.0,0.01,0.08,1.0,0.0,0.0,0.1,False,0.03,0.0,0,True,22
0.3301103711128235,0.2883499459719952,0.08747760664420384,256,0.148773193359375,0.19899382414641203,0.16186765758034252,25.0,25.0,0.0,25.0,25.0,0.0,161,67.0,69.20987654320987,23.037123046430153,30402.797662817553,10.926752394693747,0.0,0.0,,-310.0,0.5818789521228545,-0.031794871794871726,0.0003578114331556097,False,9750,halfplane,3588.0,8423.012345679012,8530.413245303538,0.06417225301265717,0.04751287929621743,0.024572683412747175,387,9750.0,12636.666666666666,10472.007351759674,521.0,868.9753086419753,453.9988300226574,8000,1.0,1.0,0.0,0.01,0.06,2.0,0.0,0.0,0.06,False,0.04,0.0,0,True,81
0.3563486635684967,0.3530215392878026,0.04150763300397527,256,0.2636871337890625,0.26563083978346835,0.04089171348124843,25.0,25.0,0.0,25.0,25.0,0.0,158,16.0,25.48148148148148,16.545568285918076,124074.69683720928,14.903928976005012,0.0,0.0,,-88.0,1.4846565040650421,0.019754848010834936,0.0002106668571310035,False,17281,halfplane,221.0,620.0,3595.4457200639154,0.03614942356944084,0.03489290435373047,0.004001946418159582,4616,15677.0,15428.444444444445,2576.304545489743,5714.0,5319.098765432099,1066.3386371180693,8000,1.0,1.0,0.0,0.01,0.05,1.2,0.0,0.0,0.01,True,0.035,0.0,0,True,79
0.35654839873313904,0.35220912246056546,0.04186602617548322,256,0.2755126953125,0.26500635971257713,0.04259852412671731,25.0,25.0,0.0,25.0,25.0,0.0,162,16.0,23.25925925925926,17.572268962440226,141905.31613981765,16.145683554507812,0.0,0.0,,879.0,1.9917560975609758,0.048681878599911466,0.0002347315647031919,False,18056,halfplane,187.0,594.5555555555555,3597.6016908387633,0.03504201024770737,0.03498915463318059,0.004028628769658039,3871,18056.0,16962.864197530864,2902.6442638219432,5599.0,5376.234567901234,1076.5769744959887,8000,1.0,1.0,0.0,0.01,0.05,1.2,0.0,0.0,0.06,False,0.035,0.0,0,True,70
0.27190402150154114,0.2836130748928329,0.0480018435884134,256,0.33721923828125,0.32592170621141975,0.09474803190039256,25.0,25.0,0.0,25.0,25.0,0.0,156,36.0,52.160493827160494,15.726408386652976,101074.25703412079,13.502494764254308,0.0,0.0,,13774.0,3.0954564137308047,0.6228505482927189,0.00016908245953108753,False,22100,halfplane,704.0,5172.16049382716,6544.4052789939,0.029908401891589165,0.031035510087270797,0.009085319847842485,7796,22079.0,20938.962962962964,6511.175722933958,7667.0,4887.580246913581,2042.9831907371404,8000,1.0,1.0,0.0,0.01,0.06,2.0,0.0,0.0,0.03,True,0.03,0.0,0,True,78
0.3302485942840576,0.32975826182483153,0.042672306337397325,256,0.4963836669921875,0.5015072292751737,0.06849197884584567,25.0,25.0,0.0,25.0,25.0,0.0,148,40.0,57.04938271604938,22.123057205386143,54937.41210619465,4.669168966509643,0.0,0.0,,-2344.0,-0.10441169828364946,-0.0720093165077953,-2.4489928685619836e-06,False,32531,halfplane,2728.0,10518.358024691359,8321.737011977108,0.03577188402414322,0.03520257044353603,0.005603062224803208,18923,32530.0,32451.135802469136,5796.325502181248,3321.0,3218.5061728395062,834.5537748092185,8000,1.0,1.0,0.0,0.018,0.05,2.5,0.0,0.0,0.06,False,0.035,0.0,0,True,61
0.3887561559677124,0.38389717097635623,0.04493855258588822,256,0.43560791015625,0.4239436020085841,0.038918603583447606,25.0,25.0,0.0,25.0,25.0,0.0,152,9.0,13.950617283950617,16.471375271138236,104547.85370297031,15.146971075038207,0.0,0.0,,571.0,-0.5527612917795848,0.02000140114894222,-1.5480247733098562e-05,False,28548,halfplane,267.0,975.3333333333334,4144.891218099281,0.04033447802066803,0.039799119541306556,0.0046158286732359876,6143,28548.0,27364.04938271605,3987.227062995326,4591.0,4652.135802469136,747.9757002900268,8000,1.0,1.0,0.0,0.018,0.05,1.0,0.0,0.0,0.15,True,0.04,0.0,0,True,55
0.2940511405467987,0.2884381350911694,0.03467420054415997,256,0.5967254638671875,0.5969017876519097,0.019752807583543,25.0,25.0,0.0,25.0,25.0,0.0,144,4.0,10.839506172839506,22.1255992679523,57108.49195633188,7.502550970447652,0.0,0.0,,19381.0,-0.08453364950316214,0.494879857422883,-1.8489418527493349e-06,False,39107,halfplane,33465.0,33395.753086419754,3364.8695076081653,0.029845189303159714,0.02967024813003746,0.0034080263466489914,30559,39100.0,38639.28395061728,4502.183188474445,811.0,925.0123456790124,346.52466799146714,8000,1.0,1.0,0.0,0.018,0.05,2.0,0.0,0.0,0.03,False,0.03,0.0,0,True,44
0.3700321316719055,0.27763099913243894,0.08148808171463272,256,0.3661346435546875,0.32023225007233797,0.2087204951825793,25.0,25.0,0.0,25.0,25.0,0.0,160,64.0,59.7037037037037,19.862144926905394,7254.969807770918,-3.1755884567823727,0.0,0.0,,197.0,-0.29422131887985564,0.0045877716000899404,-2.446906221951637e-05,False,23995,halfplane,19092.0,13592.901234567902,14039.602473712532,0.05532674863934517,0.043600490454722335,0.02700211200944174,513,22621.0,19403.74074074074,13040.80175504045,1520.0,1402.0123456790122,576.7993744501659,8000,1.0,1.0,0.0,0.013,0.06,2.5,0.0,0.0,0.01,True,0.035,0.0,0,True,80
0.34323281049728394,0.3397866428634267,0.03974187646263698,256,0.5106658935546875,0.5062685366030093,0.040384715575434015,25.0,25.0,0.0,25.0,25.0,0.0,150,21.0,26.271604938271604,19.68769268104278,62147.80569574935,7.44919741625897,0.0,0.0,,-1346.0,0.3049751580849143,-0.04007530794188541,1.3413973433183161e-05,False,33467,halfplane,2299.0,4277.666666666667,6462.22813311666,0.03491060063242912,0.03479281601346569,0.0044319857277753056,18441,33451.0,32759.716049382718,4524.200668052219,2962.0,3004.7901234567903,532.8689810953205,8000,1.0,1.0,0.0,0.018,0.05,2.0,0.0,0.0,0.03,False,0.035,0.0,0,True,75
0.26269033551216125,0.2647301642983048,0.03447625754049533,256,0.2528228759765625,0.24940999348958334,0.035517103028941344,25.0,25.0,0.0,25.0,25.0,0.0,168,1.0,7.432098765432099,16.8368630487861,296073.703862069,40.04452919356531,0.0,0.0,,11299.0,2.9929412827461612,0.6819361458144728,0.0002340443967234189,False,16569,halfplane,48.0,564.0370370370371,3639.911942512558,0.04013107344508171,0.039756505071748924,0.004562522755409103,5815,16569.0,15940.753086419752,2285.2943918786923,8721.0,8072.308641975309,1750.4450837315303,8000,1.0,1.0,0.0,0.01,0.08,1.2,0.0,0.0,0.15,False,0.04,0.0,0,True,50
0.31823617219924927,0.31921047082653753,0.03747259921218161,256,0.329193115234375,0.32504008728780864,0.042451500220636484,25.0,25.0,0.0,25.0,25.0,0.0,166,29.0,17.77777777777778,16.75900347666484,170223.72110843373,21.648423366713196,0.0,0.0,,6028.0,3.5744862240289077,0.27941040140910367,0.00024392316899259593,False,21574,halfplane,139.0,668.5308641975308,3614.898185429668,0.03011070191860199,0.02989090045477137,0.0034520411232489734,5566,21574.0,20897.246913580246,3399.2335502517535,7156.0,6648.543209876543,1431.7693021407672,8000,1.0,1.0,0.0,0.01,0.05,1.0,0.0,0.0,0.15,False,0.03,0.0,0,True,60
0.31590384244918823,0.31237708970352457,0.03567017528127962,256,0.432647705078125,0.4311864405502508,0.045634454114237395,25.0,25.0,0.0,25.0,25.0,0.0,155,8.0,16.962962962962962,21.827858767669913,136165.11980156665,17.267267121963567,0.0,0.0,,10566.0,2.27439566395664,0.37264583480284985,8.639726101476496e-05,False,28354,halfplane,354.0,1374.8024691358025,5142.639369951641,0.03007097728550434,0.029779361928870648,0.0035050391202202814,10039,28354.0,27852.679012345678,4288.751278238988,5447.0,5320.962962962963,1008.5677957521041,8000,1.0,1.0,0.0,0.013,0.05,1.2,0.0,0.0,0.1,True,0.03,0.0,0,True,51
0.19393454492092133,0.1937966698113783,0.026222960528204022,256,0.4336090087890625,0.43245631088445213,0.02980228465537689,25.0,25.0,0.0,25.0,25.0,0.0,157,1.0,3.617283950617284,13.071095150198586,425504.0243424125,52.077514939166036,0.0,0.0,,66369.0,10.353058491418249,2.3353002472309905,0.00037028665391797614,False,28417,halfplane,79.0,810.5185185185185,4334.707790886614,0.030155334621667862,0.029712209041103905,0.003605631599180567,13092,28417.0,27930.037037037036,3656.5022936297487,5789.0,5784.617283950617,945.6991608916346,8000,1.0,1.0,0.0,0.013,0.08,1.2,0.0,0.0,0.1,True,0.03,0.0,0,True,28
0.2237580269575119,0.2259092597681799,0.029610654974870736,256,0.371612548828125,0.37036735628858025,0.047460993292011006,25.0,25.0,0.0,25.0,25.0,0.0,163,1.0,10.88888888888889,26.588310807663923,280822.1061666666,37.282419602973086,0.0,0.0,,28333.0,2.9858976964769655,1.1628717653315297,0.00012647377664933097,False,24354,halfplane,51.0,1530.2962962962963,5664.524129696352,0.03460891544818878,0.03455857258795956,0.0051024852189519325,10441,24349.0,23860.296296296296,3987.898303012687,9424.0,8571.185185185184,2058.216992430261,8000,1.0,1.0,0.0,0.013,0.08,2.5,0.0,0.0,0.03,False,0.035,0.0,0,True,61
0.38938745856285095,0.3841024030137945,0.04538128187061661,256,0.422943115234375,0.42334794409481097,0.04171656086347169,25.0,25.0,0.0,25.0,25.0,0.0,159,15.0,16.037037037037038,18.11925137066088,116666.28853164561,15.175409754858412,0.0,0.0,,981.0,0.9143525293586272,0.0355648178481236,4.0562495256568065e-05,False,27718,halfplane,328.0,1038.9382716049383,4276.793117110059,0.040211696177721024,0.039742458013840666,0.004596035600852327,5341,27691.0,27304.222222222223,4071.0351642600644,4873.0,4628.728395061728,795.2084595450378,8000,1.0,1.0,0.0,0.018,0.05,1.0,0.0,0.0,0.03,True,0.04,0.0,0,True,67
0.34808266162872314,0.34571299619144863,0.03986718843599275,256,0.316925048828125,0.31283286765769674,0.03542586231626355,25.0,25.0,0.0,25.0,25.0,0.0,169,36.0,26.320987654320987,12.872429299148472,109467.53512064344,13.869223151171207,0.0,0.0,,1332.0,1.2539065040650421,0.06471389317757104,0.00010482497937952474,False,20770,halfplane,235.0,809.2469135802469,3588.858474349501,0.04115185886621475,0.04005587133176533,0.004628391512036712,6732,20740.0,20070.814814814814,2921.499594264338,5757.0,5426.0123456790125,1023.8348330075917,8000,1.0,1.0,0.0,0.013,0.06,1.5,0.0,0.0,0.03,True,0.04,0.0,0,True,79
0.3168260157108307,0.31245290276444987,0.038804751266658506,256,0.4278106689453125,0.42794724452642746,0.053825438751704875,25.0,25.0,0.0,25.0,25.0,0.0,165,24.0,35.333333333333336,21.482120041594627,82622.00353444181,9.281646766576529,0.0,0.0,,3769.0,1.3831757000903346,0.13386192835878696,6.083873200328427e-05,False,28037,halfplane,596.0,3588.185185185185,6993.970648697508,0.030811527743935585,0.030124071686540122,0.005626688216854687,13962,28030.0,27625.012345679013,4656.889590077112,4980.0,4533.975308641975,1027.85155261115,8000,1.0,1.0,0.0,0.013,0.05,2.0,0.0,0.0,0.03,True,0.03,0.0,0,True,76
0.3166954815387726,0.3147270948062708,0.037863806340033154,256,0.4344482421875,0.42873448501398537,0.05192297747827141,25.0,25.0,0.0,25.0,25.0,0.0,167,2.0,14.802469135802468,22.89181197790519,146812.02955319156,19.783139549449665,0.0,0.0,,13633.0,2.4639263775971103,0.48385091355974774,0.00010542625208596303,False,28472,halfplane,260.0,1528.1728395061727,5372.639723614094,0.03009617142379284,0.029875825377710073,0.003884808872832657,10107,27350.0,26532.938271604937,4333.692521710881,5496.0,5258.814814814815,1065.8418699002084,8000,1.0,1.0,0.0,0.013,0.05,1.0,0.0,0.0,0.01,False,0.03,0.0,0,True,72
0.11727945506572723,0.22489299551572328,0.11007807150902804,256,0.323333740234375,0.25650514202353397,0.22818146733304584,25.0,25.0,0.0,25.0,25.0,0.0,171,44.0,61.50617283950617,28.044991831596672,13839.327695560234,12.60818471456199,0.0,0.0,,-20.0,0.6153514001806685,-0.0009911805013558261,6.223221257209653e-05,False,21190,halfplane,3426.0,10068.481481481482,12812.482508375762,0.01392421219497919,0.04625915318589519,0.03411019129887186,231,21190.0,16404.728395061727,14960.612163988893,2219.0,827.925925925926,658.9175144199218,8000,1.0,1.0,0.0,0.01,0.08,2.5,0.0,0.0,0.15,True,0.035,0.0,0,True,81
0.25985121726989746,0.2609670107011442,0.03261067385023266,256,0.3245697021484375,0.3251951241198881,0.035465848344141786,25.0,25.0,0.0,25.0,25.0,0.0,175,1.0,4.320987654320987,13.280290009191916,335470.362,45.04876379435186,0.0,0.0,,15694.0,0.33173870822041446,0.7374316791485089,1.8820667169403697e-05,False,21271,halfplane,37.0,671.6913580246913,3917.7918467068725,0.040182020515203476,0.03974863670674371,0.0046559120010644175,6772,21270.0,20904.320987654322,3037.645245532741,9096.0,8677.308641975309,1664.024584650232,8000,1.0,1.0,0.0,0.013,0.08,1.2,0.0,0.0,0.06,True,0.04,0.0,0,True,61
0.26078101992607117,0.26431171577653767,0.036122949767908696,256,0.33355712890625,0.32988899136766975,0.03630291730943281,25.0,25.0,0.0,25.0,25.0,0.0,177,1.0,7.765432098765432,19.63322430010489,336436.6141587302,42.8695786596172,0.0,0.0,,21860.0,4.501044715447155,1.0006695410337474,0.00025605954045054,False,21860,halfplane,46.0,727.1728395061729,3754.077002801889,0.02982870489358902,0.029854617047089117,0.0034632333052693133,7530,21853.0,21209.41975308642,3119.003551960254,9080.0,8422.777777777777,1887.3045119926076,8000,1.0,1.0,0.0,0.01,0.06,1.0,0.0,0.0,0.03,False,0.03,0.0,0,True,63
0.2925584614276886,0.28826036405416183,0.03453152491398982,256,0.5977783203125,0.5967573001060957,0.024251199698549813,25.0,25.0,0.0,25.0,25.0,0.0,164,4.0,11.88888888888889,24.130816320553603,58764.634481400484,7.91769394605444,0.0,0.0,,18840.0,1.6981217253839205,0.48090667755768823,4.381520977528206e-05,False,39176,halfplane,35007.0,33478.864197530864,3448.7342167246043,0.03000297211110592,0.029792553112830644,0.00341094954828088,31253,39176.0,38631.61728395062,4586.866986818235,890.0,953.9135802469136,456.6881367629571,8000,1.0,1.0,0.0,0.018,0.05,2.0,0.0,0.0,0.15,True,0.03,0.0,0,True,36
0.3880865275859833,0.3823582986254751,0.0440702144979104,256,0.430999755859375,0.427096708321277,0.04440867664528774,25.0,25.0,0.0,25.0,25.0,0.0,172,13.0,21.62962962962963,16.929369938940212,95331.90389781015,10.615258442742194,0.0,0.0,,-1544.0,0.24629923215898814,-0.05466260709480997,1.2609524309872756e-05,False,28246,halfplane,446.0,1577.2592592592594,4659.551442878812,0.040275491774082184,0.03985942403475443,0.004994993875821794,8555,28246.0,27583.679012345678,4211.584833592597,4309.0,4220.962962962963,762.8735708149883,8000,1.0,1.0,0.0,0.018,0.05,1.5,0.0,0.0,0.15,True,0.04,0.0,0,True,63
0.2153899222612381,0.2558969473581255,0.09561233297180598,256,0.0605010986328125,0.39720097294560186,0.26600897076194596,25.0,25.0,0.0,25.0,25.0,0.0,174,11.0,74.62962962962963,22.91230972424786,522394.24465116276,20.531147668180264,0.0,0.0,,149.0,0.3939749322493225,0.037196114335450225,2.8280691030674397e-05,False,3965,halfplane,51.0,19578.012345679013,18646.985680671183,0.03947301581501961,0.03728680577083134,0.02253917379506278,3928,3965.0,25622.283950617282,17651.817400388434,3115.0,2149.6913580246915,1108.9823122744842,8000,1.0,1.0,0.0,0.013,0.05,2.5,0.0,0.0,0.1,True,0.03,0.0,0,True,78
0.3959672749042511,0.3697128869869091,0.04566704396810089,256,0.421478271484375,0.4191939742476852,0.07018148693686647,25.0,25.0,0.0,25.0,25.0,0.0,173,51.0,55.2962962962963,13.550494906404888,26490.224314225023,5.484626315429423,0.0,0.0,,-1656.0,0.46848035230352325,-0.059752407143367936,1.4764523167459596e-05,False,27622,halfplane,4835.0,7361.864197530864,5765.137184780208,0.044719867408275604,0.04022718446306241,0.006570344200614917,13280,27602.0,27051.395061728395,5470.478895864518,3605.0,3368.2345679012346,831.466668917708,8000,1.0,1.0,0.0,0.018,0.05,2.0,0.0,0.0,0.03,True,0.04,0.0,0,True,78
0.21950490772724152,0.217907182412383,0.025160415248327867,256,0.51556396484375,0.5122821949146412,0.016002182432350867,25.0,25.0,0.0,25.0,25.0,0.0,170,1.0,4.6419753086419755,18.59796128610312,212772.66909497208,28.216110781198832,0.0,0.0,,45454.0,2.8952698735320697,1.3452705102403222,8.186696843460813e-05,False,33788,halfplane,477.0,1037.7037037037037,3963.062117139633,0.03499896824359894,0.034572924820729246,0.00390071620525653,25299,33788.0,33074.39506172839,3922.834172214224,3379.0,3426.7901234567903,480.0273581722316,8000,1.0,1.0,0.0,0.018,0.08,2.5,0.0,0.0,0.15,True,0.035,0.0,0,True,19
0.25974661111831665,0.25839647337978267,0.03169313000017321,256,0.449310302734375,0.4467470145519869,0.032674123162535366,25.0,25.0,0.0,25.0,25.0,0.0,179,1.0,4.493827160493828,16.953912441712024,291032.4675844156,34.540020585178375,0.0,0.0,,25978.0,3.129884823848238,0.882225089995246,0.00010921905626682822,False,29446,halfplane,96.0,631.8395061728395,3646.83230532069,0.040059611201286316,0.03963905959217637,0.004511075983503412,12859,29446.0,28869.382716049382,3866.4800579743865,5756.0,5529.753086419753,815.2884596061797,8000,1.0,1.0,0.0,0.018,0.08,1.5,0.0,0.0,0.15,False,0.04,0.0,0,True,32
0.30590444803237915,0.3002778475667224,0.03438152975439656,256,0.5989990234375,0.5952583595558449,0.04930079708849124,25.0,25.0,0.0,25.0,25.0,0.0,176,2.0,5.160493827160494,17.469873037708815,97801.66909259255,12.94275342139402,0.0,0.0,,47632.0,5.889276648599819,1.2133686570205828,0.00015559421223391108,False,39256,halfplane,37840.0,36802.765432098764,5104.817292220478,0.030489305034279823,0.029712606704345456,0.0034527181607041683,15040,39256.0,38552.16049382716,5400.867240504101,305.0,428.34567901234567,418.1723656814265,8000,1.0,1.0,0.0,0.018,0.05,1.0,0.0,0.0,0.1,True,0.03,0.0,0,True,27
0.29177746176719666,0.2882898876696457,0.03485091712092548,256,0.600738525390625,0.5970270604263117,0.023684947274903327,25.0,25.0,0.0,25.0,25.0,0.0,178,4.0,11.666666666666666,24.444949489732135,66105.60507964599,8.077701233231661,0.0,0.0,,19811.0,1.3385239385727203,0.5032004064008126,3.466680613105534e-05,False,39370,halfplane,34723.0,33419.49382716049,3971.7906218466574,0.03000948391854763,0.029671791733966932,0.0034304117172591422,31097,39370.0,38653.30864197531,4576.292171675952,898.0,950.2345679012345,438.74409064586285,8000,1.0,1.0,0.0,0.018,0.05,2.0,0.0,0.0,0.1,True,0.03,0.0,0,True,32
