F_std_final,F_std_mean,F_std_temporal_std,N,alive_density_final,alive_density_mean,alive_density_temporal_std,cog_load_final,cog_load_mean,cog_load_temporal_std,cog_specificity_final,cog_specificity_mean,cog_specificity_temporal_std,config_idx,correlation_length_final,correlation_length_mean,correlation_length_temporal_std,dyn_excess_pc_final,dyn_excess_pc_slope,eg_excess_pc_final,eg_excess_pc_slope,error,excess_activity_final,excess_activity_slope,excess_pc_final,excess_pc_slope,extinct,final_pop,init,largest_patch_final,largest_patch_mean,largest_patch_temporal_std,mean_intake_final,mean_intake_mean,mean_intake_temporal_std,min_pop,n_distinct_genomes_final,n_distinct_genomes_mean,n_distinct_genomes_temporal_std,n_patches_final,n_patches_mean,n_patches_temporal_std,n_steps,negene_final,negene_mean,negene_temporal_std,param_food_inc,param_gdiff,param_m_scale,param_mu_egene,param_mu_egenome,param_mu_lut,param_restricted_mu,param_tax,param_tax_per_egene,seed,shadow,unique_top_genomes
0.0,0.0011828056088200322,0.01057933498195847,256,0.0,0.0061739697868441355,0.05521142955618739,0.0,1.4814814814814814,10.813926904189952,0.0,0.6018518518518519,3.78385495216714,19,0.0,1.3209876543209877,11.269786068816238,-1610.0,-0.21226183378500446,-255659.66666666666,-4.635171221017767,,0.0,0.288607046070461,0.0,0.048101174345076804,True,0,halfplane,0.0,404.60493827160496,3618.337609151857,0.0,0.00044401813252472586,0.003971418910271191,0,0.0,0.08641975308641975,0.6703146647159619,0.0,0.037037037037037035,0.24567591039669628,8000,0.0,0.06172839506172839,0.4539450940950676,0.01,0.05,1.0,0.003,0.03,0.15,True,0.04,0.0008,0,True,2
0.3616233468055725,0.2217742579034817,0.11595677667248183,256,0.2210540771484375,0.0973772590543017,0.09013439722078523,11.635466575622559,15.522158198886448,4.4563296804882295,10.230199813842773,12.956096025160802,3.2621445115104093,5,22.0,62.4320987654321,24.75456724119586,99678.81110569104,11.046228801278227,123292.68529401344,12.14973312987817,,10709.0,2.926969963866305,0.7392144681438533,0.015725911629887335,False,14487,halfplane,34.0,436.4938271604938,3614.794115420057,0.04444677010178566,0.04742689186960091,0.006528469392392242,58,14487.0,5977.172839506173,5161.070847325597,6911.0,2883.6543209876545,2473.4447572011336,8000,1.1373645337198868,1.1919865530753546,0.08717365919116823,0.013,0.05,1.0,0.003,0.01,0.1,False,0.035,0.0008,0,True,45
0.33517470955848694,0.2814665175974369,0.08528089898401889,256,0.204803466796875,0.14228217984423225,0.08192654312725835,10.191476821899414,13.637219629169982,4.026680058221879,8.722183227539062,10.735819274996533,2.8060510553838776,26,14.0,29.234567901234566,19.268903884550777,189348.7556666667,23.843781647965773,157939.88727507467,20.362423233813754,,9808.0,2.009637308039746,0.7306082256592499,0.004380393021060105,False,13422,halfplane,43.0,438.48148148148147,3614.5594342849104,0.043227002024650574,0.04617647362160094,0.0073318754409462715,124,13422.0,8919.74074074074,4791.308403425442,6923.0,4541.197530864198,2478.117651925353,8000,1.1684547757413202,1.2615459325086862,0.08437462682565097,0.01,0.06,1.2,0.01,0.01,0.1,True,0.035,0.0008,0,True,73
0.3408586084842682,0.31525680045654747,0.06728986882023895,256,0.2076263427734375,0.166568143868152,0.07202726277161642,10.191518783569336,15.964606084941346,7.876612824729153,8.284605026245117,11.494910452100966,3.8584314396727892,21,15.0,24.098765432098766,17.643664227272378,172582.5228178138,24.03019597301808,230226.20247225338,28.608771600512995,,7185.0,1.5360359078590788,0.5280370397589473,0.002405721980038501,False,13607,halfplane,42.0,481.60493827160496,3610.0966700883537,0.04348114877939224,0.048011686790872504,0.009575168206334975,222,13607.0,10511.641975308641,4206.52787324196,6632.0,4842.543209876543,2124.5535597814005,8000,1.2301756448886603,1.3378481595839504,0.2014265096907938,0.01,0.06,1.5,0.003,0.01,0.15,True,0.035,0.0008,0,True,67
0.0,0.00041756789303488203,0.003353165557677153,256,0.0,0.006176418728298611,0.055211163173548225,0.0,0.9519890208303192,5.059377264825436,0.0,0.7875691873055918,4.065357874141862,30,0.0,1.3333333333333333,11.268879905340532,-2011.0,-0.16830236562782291,-2881.0,-0.1079273486901535,,0.0,0.288607046070461,0.0,0.01603372478169224,True,0,halfplane,0.0,404.5925925925926,3618.3389640428336,0.0,0.0012194488059591364,0.0076817966617914075,0,0.0,0.24691358024691357,1.9909106062087123,0.0,0.20987654320987653,1.6608494731349805,8000,0.0,0.04458161865569273,0.23398559188170534,0.013,0.05,1.0,0.003,0.03,0.15,True,0.04,0.0008,0,True,3
0.24624629318714142,0.2636457876658734,0.0386220865648527,256,0.2581634521484375,0.24095624758873457,0.04984784487902857,10.757196426391602,13.803009362868321,3.6475908937495167,10.672041893005371,13.328101134594576,2.9965251606722103,13,1.0,10.074074074074074,21.686758648674793,424333.4942608695,56.95213111534847,669130.4410537299,91.13239904037322,,19682.0,3.4480474254742544,1.1624627994680083,0.0004947316416948475,False,16919,halfplane,25.0,451.4074074074074,3613.3365852717966,0.038507960736751556,0.04068135585129997,0.005553778372051,1444,16915.0,15382.172839506173,3166.0154253935984,9753.0,8269.333333333334,2121.862540782345,8000,1.0079791949878834,1.0289354213189943,0.03803060533205055,0.01,0.08,1.2,0.003,0.003,0.03,False,0.03,0.0008,0,True,59
0.36801600456237793,0.2893594820742254,0.11266715083494533,256,0.3067474365234375,0.1844034077208719,0.12466509295438685,11.017062187194824,20.032453890200014,9.20173453465251,7.194516658782959,12.584745542502697,5.192447199983037,29,10.0,33.617283950617285,22.31456807062667,139663.29460627175,17.32621737537689,204782.63810770336,23.008693523637643,,18538.0,3.765159214092142,0.9221509227478484,0.006797703989367318,False,20103,halfplane,55.0,458.12345679012344,3612.4239712029075,0.03910117596387863,0.04614942737015677,0.009705788144529342,93,20103.0,11679.79012345679,7945.078872439542,7779.0,4550.592592592592,3007.577987773172,8000,1.5313137342685172,1.5693102095095848,0.12019917614417379,0.013,0.05,1.2,0.003,0.03,0.1,True,0.03,0.0008,0,True,64
0.3688054382801056,0.2981274162453634,0.10625352371393629,256,0.3124542236328125,0.1951489860628858,0.1225075537415858,10.835131645202637,18.844004819422594,8.764115652146096,7.551512718200684,12.067766766489289,4.479421672170948,23,7.0,31.48148148148148,20.390091463845327,145345.84633910033,18.55676490098447,201753.6652638369,23.654705257213926,,20206.0,3.953849593495937,0.9868124427650107,0.005106517065784307,False,20477,halfplane,67.0,458.1604938271605,3612.3958687432555,0.038842447102069855,0.044938148769699496,0.009048483918476912,112,20472.0,12381.024691358025,7832.876848756489,7852.0,4839.765432098766,3000.785194658903,8000,1.4348293207012746,1.5219691976112686,0.15701970388760195,0.013,0.05,1.2,0.003,0.03,0.03,False,0.03,0.0008,0,True,68
0.3407542407512665,0.3211605150344563,0.055598609184550604,256,0.1056976318359375,0.11418095341435185,0.05378652713659912,61.425148010253906,51.70862678245262,9.756299575864713,16.889965057373047,15.249766926706574,2.347139392292503,4,55.0,50.03703703703704,19.047986474998208,29274.87369620253,2.918416303355436,149945.98809211102,16.012579996557584,,32.0,-0.025907181571815718,0.0046216060080879195,-4.677214134889739e-05,False,6927,halfplane,1696.0,1883.0864197530864,3517.9651602986114,0.09743279218673706,0.08179346260465221,0.015591818391023929,9,6924.0,7072.148148148148,2248.611001227702,532.0,689.9506172839506,257.4485398050785,8000,3.6367836004042156,3.394870257453188,0.45132686252664694,0.01,0.08,2.5,0.003,0.03,0.03,True,0.035,0.0008,0,True,81
0.3180168867111206,0.32876393677275856,0.041538057263384075,256,0.2620086669921875,0.23825713734567902,0.053182030186972123,10.321588516235352,15.33753439820843,6.120057006166629,9.728400230407715,12.858259895701467,3.470630582928434,24,15.0,34.22222222222222,22.91638046959337,229032.10305511812,24.71589623441543,408268.019998556,53.69724424027435,,7503.0,1.3612463866305333,0.4369576611729078,0.0001035317488021528,False,17171,halfplane,120.0,1047.0864197530864,3643.985703504672,0.049951765686273575,0.05210314714062361,0.008736703684616518,5166,17171.0,15209.839506172839,3370.5969264966106,7668.0,5336.617283950617,2266.1500967358347,8000,1.060974899539922,1.161863262180941,0.14025603861624988,0.013,0.08,2.0,0.003,0.003,0.1,False,0.04,0.0008,0,True,69
0.3278445601463318,0.30411554551050984,0.07360192235843897,256,0.3362884521484375,0.2519271285445602,0.11258726317114817,10.874540328979492,15.10307334381857,5.638170351785874,8.79500961303711,10.84144393308663,3.3096944389296237,11,1.0,24.135802469135804,27.11737317772035,243466.88852713178,33.18418614278235,183078.35311637342,25.530225693975613,,31134.0,5.8885828816621535,1.4126775262035483,0.0033979437333010293,False,22039,halfplane,65.0,446.38271604938274,3613.685098252323,0.03841525316238403,0.041998185493327955,0.0069156477693575556,165,22039.0,16105.753086419752,7374.3165919489065,8896.0,6636.543209876543,3044.7109658253044,8000,1.2364444847769862,1.3730424024747947,0.14172972053224037,0.013,0.06,1.0,0.01,0.03,0.06,False,0.03,0.0008,0,True,57
0.2723338305950165,0.2920083767837948,0.0435512315151016,256,0.307464599609375,0.2746527401017554,0.06783542722975941,9.22883415222168,14.837027231852213,9.579591623305644,8.649750709533691,11.092966315187054,3.442419671877813,18,1.0,20.950617283950617,29.741645256809907,285666.6072064777,40.9479238418627,408683.9698216736,57.23639907398625,,23281.0,3.227686991869919,1.1854411812144452,0.00015604628135120223,False,20150,halfplane,50.0,924.2098765432099,3700.808572697905,0.042372677475214005,0.04660526550386423,0.011117976023748963,175,19397.0,16890.382716049382,4428.537019996451,9494.0,7300.950617283951,2987.593688396075,8000,1.0669478908188585,1.2572016621603046,0.36724237312572694,0.013,0.08,2.0,0.003,0.01,0.01,False,0.035,0.0008,0,True,79
0.38281530141830444,0.36229033832564767,0.06743726774154177,256,0.33197021484375,0.2887880301769869,0.08832521788898456,11.767190933227539,14.324242839106807,4.109537237364955,11.255528450012207,13.236185474160276,3.2493954711047057,15,8.0,20.530864197530864,21.499977846530697,186924.76554397395,25.033079427744255,517666.5729707163,64.78719424851677,,7137.0,1.9760261969286366,0.3280474351902922,0.000877942777207062,False,21756,halfplane,104.0,486.08641975308643,3609.3010068382664,0.049515217542648315,0.051249902695417404,0.006779459350472059,732,21756.0,18521.456790123455,5949.70278965008,7445.0,6443.111111111111,2005.94016626052,8000,1.0454587240301525,1.074652038742964,0.04071524725369405,0.018,0.06,1.2,0.003,0.003,0.15,False,0.04,0.0008,0,True,57
0.31806910037994385,0.3220961656835344,0.04431968331699352,256,0.3505859375,0.3171219060450424,0.08855792307503217,8.011316299438477,11.659637415850604,6.047075061394945,7.72648286819458,9.953034548111903,3.4871378131916395,1,11.0,37.30864197530864,27.52087511856357,178041.7828411215,21.66461325197988,791706.095867627,98.2217383469468,,15260.0,2.792559394760615,0.6641713091922004,0.0002938590456501524,False,22976,halfplane,169.0,2068.0123456790125,4482.5506008004495,0.037900976836681366,0.0398513257595492,0.010738786303605728,1875,22976.0,20378.345679012345,6089.152810907286,7904.0,5653.518518518518,2468.9013456586995,8000,1.0368645543175488,1.1298864083511904,0.16111326516223007,0.013,0.06,2.5,0.003,0.003,0.06,False,0.03,0.0008,0,True,63
0.35967782139778137,0.3643245800041858,0.04236548387617109,256,0.1328125,0.1544048168041088,0.042958344135657425,61.397979736328125,58.11482130450967,4.417119877602023,17.670469284057617,17.176355762246214,1.1905930634667505,3,27.0,30.814814814814813,14.96754605278533,47985.28939632545,5.340191303884122,153947.2434462831,19.04825611661795,,41.0,0.28910365853658504,0.004710477941176627,6.782780613870638e-05,False,8704,halfplane,491.0,1041.1851851851852,3552.6663230232425,0.10042718797922134,0.0913308893824801,0.011173338966304019,4263,8704.0,9714.530864197532,1641.1154373404177,1138.0,1216.432098765432,191.98295566525053,8000,3.474609375,3.3991110336660153,0.2825144718529629,0.018,0.05,2.0,0.003,0.03,0.06,True,0.04,0.0008,0,True,81
0.3770550489425659,0.37834490265375303,0.04294262482403716,256,0.3606414794921875,0.33471397117332174,0.05258292372512792,9.196403503417969,11.945225221139413,5.024087797725465,8.736564636230469,10.44690692571946,2.777313412319162,27,13.0,20.382716049382715,19.49521492491824,158842.1121988304,21.50885561162936,422644.64338830614,50.445166770667214,,7856.0,1.4170158084914182,0.33238840702348216,9.987499002811549e-05,False,23635,halfplane,172.0,715.0493827160494,3617.1552457194066,0.046943310648202896,0.04937059781801553,0.007049770457700089,6519,23635.0,21531.20987654321,4025.287348737038,7377.0,6268.962962962963,1634.0081783832418,8000,1.0526338057964884,1.1163745545723316,0.15266694889673382,0.018,0.06,2.0,0.01,0.003,0.1,False,0.04,0.0008,0,True,63
0.3683488965034485,0.3608236136259856,0.05554768530312711,256,0.178314208984375,0.19285018355758102,0.05385725071037036,69.60525512695312,63.31287619508343,6.6062164088604165,14.577970504760742,14.991425078592183,1.5307006604138433,28,31.0,58.617283950617285,20.58380515352748,33358.93415925058,4.675281131762407,743.7898408176843,0.04103815066489128,,470.0,0.60462308039747,0.03948368643968547,0.0006245800433422171,False,11686,halfplane,1387.0,2313.5925925925926,3746.591563033265,0.04270981624722481,0.041022542473158716,0.008602144692280598,557,11233.0,11742.0,2915.013287986146,2143.0,2221.7901234567903,614.3516650075229,8000,4.7746876604484,4.27813439435313,0.6048385082652901,0.01,0.05,1.5,0.01,0.003,0.01,False,0.04,0.0,0,True,81
0.34451785683631897,0.3437516085895491,0.04168372153135793,256,0.2275390625,0.23079653139467593,0.041784970269520466,73.91597747802734,75.97683988971475,6.229408452929577,17.075149536132812,17.82252490667649,1.29645806669333,6,37.0,42.19753086419753,20.055121419177105,78374.72733333334,12.446777995182327,7356.956031754264,0.8453157133613294,,661.0,0.9157262872628731,0.04097278409403926,0.00022817558481456673,False,14912,halfplane,558.0,1197.888888888889,3708.7278475123485,0.0397680290043354,0.04039232304066787,0.005075901781550269,2092,13979.0,13687.827160493827,2350.2588078664157,4784.0,4420.617283950617,1073.4365325117712,8000,4.328862660944206,4.287992762966544,0.40811911115460786,0.01,0.06,1.2,0.003,0.01,0.01,True,0.04,0.0,0,True,81
0.320161908864975,0.2523174467324107,0.08798244673138639,256,0.1483001708984375,0.10038908028308256,0.06968021852434082,10.130157470703125,12.56950456124765,3.066390702439309,9.341081619262695,11.3793362747004,2.821864951992074,37,8.0,37.06172839506173,23.914118810738817,146956.1572871287,18.415114968421705,147994.1567331613,19.64951876461351,,6085.0,1.767229674796749,0.6260932194670235,0.011133216610876486,False,9719,halfplane,30.0,433.1358024691358,3615.1564751172773,0.0487801656126976,0.04968134263231431,0.006166055490664228,39,9719.0,6174.555555555556,3571.636416456471,5498.0,3357.6296296296296,1966.0355324046513,8000,1.0844737112871694,1.104453092414988,0.03490855028985974,0.01,0.06,1.2,0.01,0.003,0.15,False,0.04,0.0008,0,True,63
0.2612462341785431,0.26962943540679085,0.03994464062280188,256,0.328369140625,0.3237656958309221,0.032337230131031944,72.7553939819336,68.56226589061596,7.032426373189998,18.901611328125,19.714282424361617,0.9678225473454672,16,1.0,19.098765432098766,27.329089525235034,213259.67684488453,31.30006384011457,1104.8086438595783,-0.9230701612167432,,15011.0,2.3181632791327926,0.6982726540545845,0.000123231607744752,False,21520,halfplane,71.0,1407.7407407407406,4177.18026394313,0.0397314615547657,0.03986527892634457,0.005236615759505748,12411,21509.0,20808.14814814815,2869.4895752549046,8869.0,7818.0,2157.6515010538656,8000,3.849163568773234,3.5001342518779084,0.4592779829368622,0.013,0.08,1.5,0.003,0.003,0.03,False,0.04,0.0,0,True,78
0.3148249089717865,0.3132156295540892,0.03708422535199804,256,0.2844696044921875,0.27903502664448304,0.03856935643757374,70.70155334472656,69.95039932816117,5.0961333368012065,15.991180419921875,16.241804558553813,1.0493463690821205,12,21.0,20.246913580246915,14.963767651426059,153598.7067361963,20.571969498344735,0.4993141288869083,-0.004263352687101115,,6165.0,1.9626111111111115,0.330687121171485,0.00017408390769328537,False,18643,halfplane,146.0,654.1975308641976,3605.576008912208,0.03493660315871239,0.0350179754105615,0.004195357011641233,6096,18643.0,17882.283950617282,2786.5053038278847,7142.0,6624.506172839506,1429.1248044702113,8000,4.4212841280909725,4.33071245886771,0.37961850808562325,0.01,0.06,1.2,0.01,0.03,0.1,False,0.035,0.0,0,True,70
0.2149064987897873,0.21832097018206562,0.027590502639130512,256,0.5157928466796875,0.5108994848934221,0.03248544987199886,45.114959716796875,40.46018374407733,3.3463723823989335,22.814287185668945,22.788532469007706,0.26419497115106594,10,1.0,3.2098765432098766,12.556751220730877,311434.3363797468,36.77131857429827,478765.02042625006,58.28280560291246,,29721.0,3.3577854561878953,0.8792414874419432,0.00010329762504421412,False,33803,halfplane,163.0,1032.6543209876543,4118.344993494873,0.035152800381183624,0.03471145967458501,0.00399896148363865,14894,33803.0,33025.18518518518,4333.712673171548,4177.0,3726.962962962963,635.4918469320804,8000,1.977487205277638,1.7765244519250578,0.1538489423265266,0.018,0.08,1.0,0.003,0.003,0.1,False,0.035,0.0,0,True,14
0.2385055124759674,0.25340915094187233,0.040329947962140816,256,0.3465728759765625,0.32657425491898145,0.050416057436265024,9.531325340270996,12.251515353167498,4.783039440019711,9.033382415771484,10.792319097636659,2.3590985801248703,34,1.0,7.135802469135802,19.657407165107223,419408.0606547085,57.99191220083952,508224.62753963633,68.26301916399161,,36818.0,5.615029358626921,1.621825258908769,0.0004182694859596699,False,22713,halfplane,24.0,459.5925925925926,3613.0183366108,0.03755202516913414,0.03935128528578782,0.00573164147971208,2059,22704.0,20991.88888888889,3848.0865888206995,10225.0,9335.493827160493,2105.737969954962,8000,1.0551226170034782,1.112261324529632,0.1765867679843121,0.013,0.08,1.5,0.01,0.01,0.03,False,0.03,0.0008,0,True,60
0.3632326126098633,0.3435597796866923,0.07294269373888859,256,0.336578369140625,0.27506755310812114,0.0968364343812308,8.864493370056152,12.513564674942582,4.714807764187451,8.654200553894043,11.645435804202233,3.7132527768777814,38,6.0,23.02469135802469,22.52404767509988,198182.20495238097,26.07958817387131,634423.388839898,77.65374196408668,,12553.0,2.8161273712737134,0.5690905793816303,0.00212142528339517,False,22058,halfplane,89.0,486.12345679012344,3609.3371279608864,0.0366879478096962,0.039863441323424564,0.00633909158219389,348,22058.0,17622.234567901236,6437.4543187095105,7940.0,6352.086419753086,2310.7583181452155,8000,1.0242995738507572,1.0605533916188392,0.053495913209589636,0.013,0.05,1.2,0.003,0.003,0.1,True,0.03,0.0008,0,True,62
0.3037503957748413,0.3181549067850466,0.04023423762875161,256,0.3795013427734375,0.3374895637418017,0.07917756012398805,9.481484413146973,14.510981948287398,7.342571742294933,8.742270469665527,11.322218788994682,3.170975254769421,36,1.0,31.17283950617284,32.62423174383539,204895.71101587306,26.690468966014723,372081.2992016911,49.54639037237878,,18667.0,2.8163943089430896,0.7505528527200356,0.0003391223791610863,False,24871,halfplane,138.0,1191.037037037037,3665.084714108423,0.047863274812698364,0.05215714876482516,0.010385154274666448,1203,24871.0,21713.123456790123,5603.588412425518,8033.0,6283.197530864198,2129.3056969596955,8000,1.0845563105625025,1.2294249503004262,0.24258836894000088,0.018,0.08,2.5,0.003,0.01,0.06,False,0.04,0.0008,0,True,59
0.21334105730056763,0.21299156215455797,0.027385990828104206,256,0.514801025390625,0.5113789122781636,0.02883178729692021,64.65217590332031,60.34228049384223,4.906954913203516,20.29735565185547,20.58728175693088,0.531304821172482,17,1.0,6.54320987654321,22.13541343567582,408164.2054647887,53.51523235750495,1484.112827672856,-0.011321505229821602,,49224.0,6.204301490514907,1.236227552179625,0.00018579632688953517,False,33738,halfplane,172.0,1338.3950617283951,4881.104114315779,0.03484412655234337,0.03447818744605706,0.0040484971748002765,20303,31289.0,30564.41975308642,3824.4251302507896,4460.0,4400.395061728395,615.0921777555843,8000,3.1852510522259765,2.9376842557225062,0.2731993651875737,0.018,0.08,1.2,0.01,0.01,0.01,True,0.035,0.0,0,True,49
0.24294190108776093,0.26240645201853763,0.04188824979470705,256,0.339599609375,0.31544984417197147,0.05091429937532584,10.478208541870117,14.178918391098211,5.474623251235899,10.240328788757324,12.92193360976231,3.145366900419721,43,1.0,9.0,19.781522741571454,416756.43510502286,56.87074625794671,585107.1094899613,77.66845450917712,,30039.0,4.106751580849142,1.3494261182299403,0.0003374085197714663,False,22256,halfplane,25.0,490.98765432098764,3612.603409580038,0.03843707591295242,0.04094185813525577,0.006383884042918613,2020,22247.0,20263.48148148148,3797.9473959622674,10259.0,8955.358024691359,2165.460897017002,8000,1.0232296908698777,1.0740052542434042,0.1289184294911369,0.013,0.08,1.5,0.003,0.01,0.06,True,0.03,0.0008,0,True,71
0.3059687912464142,0.30762095547016755,0.037158497460630976,256,0.372772216796875,0.36822019977334103,0.03917150724800972,84.31342315673828,81.40394907821843,7.9150585100862925,18.89478302001953,20.075852664900413,1.0702032996351116,9,12.0,26.555555555555557,23.731002798599988,121037.90562005277,16.7832373664835,4289.844687049976,-1.7723215696617312,,7696.0,1.697015356820235,0.3149826899896875,7.882285557466634e-05,False,24430,halfplane,179.0,1413.5061728395062,4439.9705735968955,0.03441973403096199,0.034936375801026084,0.004415219907157703,10939,24403.0,23704.814814814814,3560.777651612772,7059.0,6530.950617283951,1410.101536500248,8000,4.46225951698731,4.0811535838309485,0.5150800295929656,0.013,0.06,1.2,0.003,0.01,0.03,True,0.035,0.0,0,True,73
0.26544827222824097,0.2798226484913885,0.03772665127470307,256,0.432220458984375,0.39668857904128085,0.08025818304269508,8.781508445739746,11.547056351178957,4.421521507885459,8.684017181396484,10.813376626850646,2.7696701866884865,41,1.0,21.123456790123456,34.68318079452793,276831.4418120805,37.30448671506719,954562.5498303804,134.64979860986008,,30934.0,4.283682475158086,1.1232050891043674,0.0008857583287182835,False,28326,halfplane,66.0,1526.111111111111,4088.336523681019,0.04208255559206009,0.04427347520803228,0.007641233205158358,392,27207.0,24579.333333333332,5716.506647150301,7897.0,6650.271604938272,1863.4317539259118,8000,1.0112264350773141,1.050620759116517,0.12261260061216145,0.018,0.08,2.5,0.003,0.003,0.01,False,0.035,0.0008,0,True,80
0.30732816457748413,0.30400533514258304,0.03657273920695359,256,0.3712310791015625,0.3684861924913194,0.04021057363142548,76.81783294677734,76.86716772008825,5.860688716979201,17.175504684448242,17.783733556300035,0.9757825575133251,14,10.0,15.814814814814815,20.297850710955213,198214.89900911856,23.393540150164352,0.48559670778922737,-0.015678420138278568,,13176.0,1.494255194218609,0.5410607697618812,6.916568933583165e-05,False,24329,halfplane,131.0,810.7901234567901,3913.841195880221,0.0351894311606884,0.03481133937559746,0.004104293814785749,7375,24327.0,23739.234567901236,3615.604029831455,7994.0,7445.641975308642,1479.3503104248575,8000,4.472522504007563,4.343660427891305,0.40171833454491884,0.013,0.06,1.0,0.01,0.03,0.03,False,0.035,0.0,0,True,68
0.45519906282424927,0.34164077489648337,0.08460524495935254,256,0.406280517578125,0.19610727569203318,0.11940786918767551,65.26526641845703,62.191387647463955,8.528931155320036,14.20893669128418,14.666687706370412,1.571345254026019,40,104.0,69.18518518518519,22.324824864097366,2765.759371196764,3.9771195682491847,1357.2319753651973,5.667733588505252,,-47.0,0.2588642728093936,-0.0017651919176746578,3.155021400566142e-05,False,26626,halfplane,17874.0,10153.32098765432,7541.524671185711,0.0397496372461319,0.039606481721555745,0.01704169248413452,2,26626.0,12447.506172839507,7630.0859777423,350.0,262.58024691358025,128.50718039193262,8000,4.593254713437993,4.286004227991269,0.644577920176655,0.01,0.05,2.5,0.01,0.01,0.15,True,0.035,0.0,0,True,81
0.3410576283931732,0.33848147333404166,0.04035037203460803,256,0.5152130126953125,0.5057874137972608,0.05253423336981678,80.15229034423828,65.47909630669488,12.202393311740389,19.169307708740234,20.66810016867555,1.0778568871503609,20,9.0,19.679012345679013,21.601798713683873,65048.28799999994,9.038207061784208,6341.4945556027815,-2.830874157486462,,1101.0,1.6102172538392054,0.015352044175208857,5.988676563288214e-05,False,33765,halfplane,1667.0,2608.4444444444443,5895.704022924313,0.0351916141808033,0.034981737603191974,0.005396267182092018,11542,32514.0,31434.20987654321,4797.203665192312,3778.0,3630.740740740741,693.0119407835532,8000,4.181282393010513,3.2055595828544945,0.7258562006213831,0.018,0.05,1.0,0.003,0.003,0.01,False,0.035,0.0,0,True,77
0.33304068446159363,0.18445506135438694,0.1002471910525152,256,0.1775054931640625,0.06509719660252701,0.07431631412671699,12.061463356018066,16.82973686265357,5.583952129262461,7.787268161773682,10.347031287205072,3.388592148378411,53,52.0,42.76543209876543,12.097618993302682,86590.69238095239,7.734564977902561,62266.26514242569,6.894563386904449,,13762.0,2.2391707317073184,1.1885327874336185,0.018092116132866307,False,11633,halfplane,40.0,429.9753086419753,3615.517888813248,0.0397115983068943,0.04392174484185231,0.007763222644068096,39,11510.0,3774.3086419753085,3674.827348399187,5871.0,1954.3456790123457,1885.6673191553998,8000,1.5488695951173386,1.6297941666029008,0.12814564391478345,0.01,0.05,1.0,0.01,0.03,0.03,True,0.03,0.0008,0,True,76
0.39290931820869446,0.3673046808919789,0.05062080760276795,256,0.2462005615234375,0.2565865222318673,0.08158837884301594,63.64592361450195,63.24329343254183,8.905070589950276,13.83197021484375,14.688451296017494,1.4599416450021105,35,39.0,61.03703703703704,19.914288216541102,15940.826186836523,1.796419761013551,13273.946248458233,0.41197790551860924,,-876.0,0.7953807588075875,-0.05429191199256267,9.348791841873323e-05,False,16135,halfplane,7001.0,7952.765432098766,5221.570761426377,0.047524649649858475,0.04176254979806182,0.009385901253431863,3832,16135.0,16410.913580246914,5364.632835681062,944.0,965.6913580246913,204.27025441531254,8000,4.6013634955066625,4.368549016126387,0.7750737448900376,0.013,0.05,2.0,0.01,0.003,0.06,True,0.04,0.0,0,True,81
0.3834027647972107,0.3758733848362793,0.04868642443056539,256,0.297271728515625,0.28781862612123843,0.04869589232094454,75.93619537353516,78.05435637485834,6.484645099653541,17.202598571777344,18.412440547236688,1.317160643470459,32,13.0,23.925925925925927,16.95875736317832,104145.29848648648,14.535169964798206,1114.513316073455,0.056475773250684334,,494.0,1.6984270551038843,0.025694972176309117,0.000272375670550987,False,19482,halfplane,287.0,620.8888888888889,3594.758942106112,0.040257107466459274,0.03996186073363563,0.004634047470340558,2752,19457.0,18431.802469135804,3466.991396542196,5824.0,5464.740740740741,1110.675289835559,8000,4.414228518632584,4.270803431750725,0.47312400700131046,0.013,0.05,1.0,0.003,0.01,0.03,True,0.04,0.0,0,True,81
0.17757754027843475,0.17879986339881096,0.021929310852372843,256,0.6001434326171875,0.5979504997347608,0.01599808178263061,60.734535217285156,53.87252284862377,5.504030843847011,20.61346435546875,20.56653138148932,0.5113087799278387,2,1.0,4.728395061728395,19.02435887901368,212886.05217158177,23.957767379268052,14031.243364197435,1.5959224032884243,,71869.0,10.772835140018069,1.8272863644453485,0.00026421551907311624,False,39331,halfplane,35248.0,35421.358024691355,3187.8944725499646,0.030033642426133156,0.029691530184613332,0.0033519265038612035,32717,39331.0,38393.71604938272,4490.99216191527,627.0,655.0,440.151236634763,8000,2.9463527497393915,2.6237233106983724,0.2813958252366997,0.018,0.08,1.5,0.01,0.01,0.1,False,0.03,0.0,0,True,12
0.3848801553249359,0.38106927238864663,0.04422370203668219,256,0.43658447265625,0.42461348168643903,0.04086956567415525,69.02306365966797,67.25964162379135,5.906538340916516,14.896270751953125,15.897301885816786,1.4554223512550675,25,21.0,25.530864197530864,19.014670372547073,70375.01468677493,9.998815227319794,0.510288065765053,-0.016873730245513772,,-154.0,0.11601038843721774,-0.005324568189400303,1.0209964059725481e-05,False,28612,halfplane,610.0,1371.888888888889,4277.166293958284,0.03913719207048416,0.03983823711305489,0.0046757834675240076,6539,28611.0,27419.827160493827,4041.415043072589,4818.0,4771.901234567901,829.7531033190606,8000,4.633580315951349,4.282721339710669,0.5716125905832093,0.018,0.05,1.2,0.01,0.01,0.06,False,0.04,0.0,0,True,58
0.3558080792427063,0.34494711495476005,0.04597531439378027,256,0.2496337890625,0.20970304512683255,0.06986447753444534,8.44890022277832,13.83147782455256,8.737806707388705,7.8903985023498535,10.458077978204798,3.900230325240033,49,11.0,24.691358024691358,21.70432168111343,182074.7239259259,24.522356409382294,490861.6491325749,63.93047648000403,,7250.0,1.2399586720867208,0.4431540342298286,0.0002160801120338135,False,16360,halfplane,51.0,536.2716049382716,3605.96615026376,0.03647727146744728,0.0409545683198505,0.008708576675590553,1794,16360.0,13338.555555555555,4320.087410523994,7159.0,5514.172839506173,2270.396374759607,8000,1.0707823960880196,1.2427618697380203,0.28230621072209644,0.01,0.05,1.5,0.003,0.003,0.1,False,0.03,0.0008,0,True,71
0.3134590685367584,0.3227035462120433,0.04540639557552015,256,0.4779510498046875,0.4346400131413966,0.09174702693922368,9.522076606750488,13.02268123626709,6.331589528547861,7.907210826873779,9.2985291775362,2.5281609303213495,45,1.0,9.814814814814815,20.474079433991903,193355.55200000003,24.797057441585522,291109.24947657215,37.6939881472257,,53675.0,7.363225158084915,1.7135469992281616,0.0004841990832861544,False,31323,halfplane,229.0,582.1481481481482,3599.017043826804,0.03805462270975113,0.04020027991062329,0.007523190329267442,1451,31317.0,28072.35802469136,6764.4245825899125,6010.0,5621.037037037037,1219.968097583738,8000,1.2042269259010951,1.3582096685574967,0.2704119975810434,0.018,0.06,1.5,0.01,0.03,0.03,False,0.03,0.0008,0,True,64
0.3215503692626953,0.3141483612082623,0.0515600002379817,256,0.2550811767578125,0.22060648600260416,0.06554080699684615,13.438654899597168,16.26187233865997,3.256318332543385,13.115418434143066,15.61024080676797,2.7616188386318754,50,6.0,18.97530864197531,19.729013108568644,233605.2772845528,33.645790709820055,370572.84358275856,51.15148990376374,,8154.0,2.1584290876242096,0.4884335097984236,0.0012891920987037487,False,16717,halfplane,44.0,450.55555555555554,3613.2241715094633,0.05050139129161835,0.0528774319883482,0.006670891343398004,411,16705.0,14048.37037037037,4088.5063934757954,8166.0,6759.123456790124,2063.675597668573,8000,1.0246455703774602,1.0383101692085,0.025832979064488806,0.013,0.08,1.0,0.003,0.003,0.03,False,0.04,0.0008,0,True,80
0.25817325711250305,0.2638010905112749,0.036234579540913504,256,0.3344268798828125,0.3311549057195216,0.038895712375947016,75.0654296875,74.11437997700256,5.600517530612111,16.945194244384766,17.24454712573393,0.9676196367811863,31,1.0,9.901234567901234,20.89929110870061,269613.65328315407,38.29360038029432,0.4965706446673721,0.015920773025127823,,24112.0,3.8646436314363153,1.100057302982116,0.00018298583449399863,False,21917,halfplane,65.0,1000.5061728395061,3938.7019799673762,0.029895208775997162,0.029983285032672648,0.004438425990020105,8875,21916.0,21297.320987654322,3261.447935765289,9572.0,8546.592592592593,2254.198369888801,8000,4.429894602363462,4.318311423565361,0.3821340746920281,0.01,0.06,1.2,0.01,0.03,0.06,True,0.03,0.0,0,True,55
0.1777266561985016,0.17681917824127055,0.020282699346192493,256,0.6000518798828125,0.5979764961902007,0.017618503897989,40.133628845214844,36.50704981956953,2.482391174415303,21.251094818115234,21.24939365151488,0.4427908270917179,33,1.0,4.62962962962963,18.516222079834204,208807.5253333333,26.203566776698587,21758.80329450604,1.9076628782870075,,139779.0,20.793826332429994,3.5547143650380244,0.0005202737318065824,False,39325,halfplane,35735.0,35356.38271604938,2585.198063276377,0.029899252578616142,0.02963389571250221,0.003345484972660498,31650,39316.0,38436.9012345679,4484.7513346288515,695.0,691.3456790123457,406.33180385863,8000,1.8885441830896377,1.71972739049535,0.1292214322579397,0.018,0.08,1.5,0.01,0.003,0.03,False,0.03,0.0,0,True,8
0.31483352184295654,0.32562888008944785,0.049305884994410014,256,0.475372314453125,0.4250930974512924,0.09028548194176723,10.139789581298828,14.623433160193173,7.437827234812908,8.712422370910645,11.188929746180404,3.297755213505293,46,1.0,9.777777777777779,18.47454037250477,174654.11502793297,24.978099109919977,362249.66675736033,46.29693779875609,,53795.0,7.455377145438123,1.7268914372277417,0.0007246396141115287,False,31154,halfplane,139.0,569.8518518518518,3600.2606768142623,0.03818150609731674,0.041632424810050445,0.008673388668398502,779,31153.0,27454.246913580246,6643.009760626159,6114.0,5888.876543209876,1280.1994866032253,8000,1.163831289722026,1.2584455600892321,0.21355593023268324,0.018,0.06,1.5,0.003,0.03,0.1,True,0.03,0.0008,0,True,59
0.21423712372779846,0.21708769342045725,0.02810497224270382,256,0.516815185546875,0.5113176887418017,0.028695225001831574,91.36902618408203,82.87094332848066,9.328555007669472,22.967878341674805,22.95105517352069,0.23065359238405747,8,1.0,3.0,12.081002329440658,285485.6779263804,37.79482618734313,504730.5169289573,66.44593466986508,,35670.0,5.141934056007228,1.0533570726572785,0.00015566380672884584,False,33870,halfplane,217.0,879.8024691358024,3761.058031530105,0.03500436991453171,0.03466047843297323,0.003984013126310848,17381,33869.0,33037.88888888889,4229.725394582992,4168.0,3842.641975308642,591.9168966662982,8000,3.9781222320637735,3.6136750226922443,0.41361925740293676,0.018,0.08,1.0,0.003,0.03,0.15,True,0.035,0.0,0,True,12
0.28765225410461426,0.29372502329908773,0.04041718432159453,256,0.400146484375,0.3769043345510224,0.06654458872317143,12.464231491088867,14.353524102105034,3.061017533999743,11.69536304473877,12.550020747714573,1.928218583326794,47,1.0,6.703703703703703,17.236513385542516,330031.83856826567,41.59388183833012,487283.23659021227,59.08705238285788,,32396.0,4.9660776874435415,1.2353569249542407,0.00046622979976979973,False,26224,halfplane,48.0,460.3333333333333,3612.1469864682767,0.04513866454362869,0.04612653490937786,0.005997816303130173,1551,26224.0,24296.11111111111,5057.989694837903,8790.0,8017.814814814815,1740.17832285547,8000,1.0657413056741916,1.1373714241910649,0.09661336367367593,0.018,0.08,1.0,0.01,0.01,0.06,False,0.035,0.0008,0,True,34
0.33392366766929626,0.3385202428440989,0.043697038881848796,256,0.1210479736328125,0.1255960346739969,0.04664581638798691,39.0922737121582,47.36368546662507,5.25213120952785,13.348786354064941,15.474369885009011,1.8660937356812701,52,37.0,41.382716049382715,13.682978432925896,35519.66971059432,4.293078930766317,153520.537511095,19.586719023558924,,1315.0,0.38954629629629534,0.16576326736417513,6.920549376097353e-05,False,7933,halfplane,794.0,1500.0,3529.7459111855155,0.06445005536079407,0.07035774893966722,0.010769470496107634,1767,7933.0,7826.530864197531,1607.7462492986326,1278.0,893.4567901234568,239.50489308554623,8000,2.9285264086726333,3.0867763447813203,0.3435005853192016,0.01,0.06,2.0,0.003,0.01,0.1,True,0.03,0.0008,0,True,81
0.2890213131904602,0.28646088639895123,0.0354233901290982,256,0.5088348388671875,0.5089120747130594,0.05278406444430197,86.58271789550781,84.17660470656406,8.49553725423692,18.869592666625977,19.871951397554373,1.1383307073828006,0,13.0,28.037037037037038,24.877698101427892,70752.02698866208,9.596475720764571,0.5226337448693812,-2.170264979980724,,9260.0,1.22268450767841,0.25607003132299155,3.4910733262352194e-05,False,33347,halfplane,705.0,3928.320987654321,7482.767242181908,0.03537658601999283,0.034756096792809756,0.004788577530118577,14140,32064.0,31629.493827160495,4843.76974690922,4075.0,3774.6543209876545,660.5951891762537,8000,4.588478723723274,4.267382905496943,0.5649547332258064,0.018,0.06,2.0,0.003,0.01,0.01,True,0.035,0.0,0,True,77
0.292885422706604,0.28463379744394324,0.03329985272771663,256,0.5121612548828125,0.5111743314766589,0.03443294438397766,86.08335876464844,86.47116776454595,7.202919069511204,19.9141788482666,20.41467249834979,0.8260410431679464,22,18.0,28.530864197530864,23.82191460194888,60176.36751893093,6.779234026015127,16368.481820136076,-1.059861023912228,,7598.0,0.2747843270099369,0.22673801961640794,8.514117331123575e-06,False,33565,halfplane,2220.0,4303.086419753086,6565.674313432131,0.03631254658102989,0.03452334408130911,0.004153350047626311,19062,33549.0,33063.60493827161,4394.917686778202,3840.0,3753.8395061728397,553.4568237208869,8000,4.322717116043497,4.248604912431684,0.3943170048708398,0.018,0.06,2.5,0.003,0.03,0.03,True,0.035,0.0,0,True,72
0.23430241644382477,0.2544589936733246,0.04349010718287566,256,0.2691802978515625,0.25217089240933643,0.05073663707273994,8.758687019348145,13.163363503821103,9.157126836910527,7.247279644012451,8.678718731727129,2.802399047911862,54,1.0,10.037037037037036,20.107393422151866,512951.9286467065,62.76581486282737,307629.78231403383,43.40632519131247,,33777.0,4.6051528906955745,1.914687375999093,0.0003260312940026443,False,17641,halfplane,43.0,475.8024691358025,3612.094383806266,0.03705707564949989,0.040211555628496924,0.008888543095901579,3188,17641.0,16121.728395061727,3317.7024067212674,10261.0,8608.716049382716,2551.3838667322148,8000,1.208548268238762,1.422607962836637,0.42910339267485054,0.01,0.08,2.0,0.01,0.03,0.15,True,0.03,0.0008,0,True,47
0.33215638995170593,0.20410560503785993,0.09293143709258818,256,0.1455535888671875,0.06485550491898148,0.06756253986661952,11.26732349395752,16.447893648971746,9.559177107389747,7.5133867263793945,9.577676984998915,3.2218039915787573,67,41.0,76.35802469135803,21.970411439347355,70661.43526495725,8.550010127190719,132181.16883163358,15.708551982976951,,6005.0,1.0894419602529362,0.6295209141419438,0.001238708435317015,False,9539,halfplane,58.0,444.65432098765433,3613.9147993280517,0.04904601350426674,0.05304000342701688,0.010462795514120342,120,9539.0,3845.814814814815,3102.335683658606,4854.0,1913.8148148148148,1569.066681074155,8000,1.4996330852290596,1.6531311996505487,0.3949167334175485,0.013,0.05,1.5,0.003,0.01,0.15,True,0.04,0.0008,0,True,55
0.1802545189857483,0.1825939565896988,0.02748200997598869,256,0.6000213623046875,0.5973431622540509,0.02785777032200277,39.437557220458984,35.728921984448846,2.525956875472084,21.6695499420166,21.561185813244478,0.4020736377688261,44,1.0,3.1728395061728394,12.487811463466333,203570.39721485414,23.369070909894475,33241.045385743375,3.9165576227841585,,67333.0,7.80459056007227,1.7123057752460387,0.00019169937001781604,False,39323,halfplane,36236.0,35415.17283950617,4444.485763113835,0.02992584928870201,0.029662275640868846,0.003384057959177297,25772,39323.0,38347.567901234564,4783.375784914918,657.0,649.4938271604939,393.0327515475734,8000,1.819952699437988,1.658238589454811,0.12400570419563837,0.018,0.08,1.0,0.01,0.003,0.1,True,0.03,0.0,0,True,14
0.23452286422252655,0.23310835493935478,0.028182298104158208,256,0.5991973876953125,0.5983624870394483,0.01781200341127884,97.50594329833984,88.52606431937512,11.073367524741506,22.41032600402832,22.764810185373566,0.3370206102001065,7,1.0,6.172839506172839,21.069426755112648,129653.51989371981,14.763209768334072,325088.81208480103,37.400536144682675,,69765.0,7.55786336946703,1.7765922228730036,0.00018984887242812353,False,39269,halfplane,32892.0,33207.851851851854,3203.186307610284,0.030177660286426544,0.029653455004279995,0.0034833576355073914,32768,39269.0,38670.18518518518,4469.01087769606,962.0,957.925925925926,402.6975024303588,8000,4.350938399246225,3.896107964678808,0.5197159045633567,0.018,0.06,2.0,0.003,0.03,0.1,False,0.03,0.0,0,True,22
0.3500014543533325,0.28959092102300976,0.09185631416450407,256,0.27001953125,0.17725513599537038,0.10330319699897224,11.77853775024414,16.279392265979155,5.374917951700416,8.62326717376709,11.00149905828782,3.012299173821642,63,6.0,31.37037037037037,20.947579750264467,180831.336,24.960357308490735,127350.49261601258,15.645010963078334,,19851.0,3.875302845528456,1.122208438571798,0.004428754070367368,False,17696,halfplane,30.0,438.9382716049383,3614.5098513249914,0.044940490275621414,0.04774338545070754,0.007061112919951535,114,17691.0,11208.814814814816,6464.405469710076,8335.0,5261.567901234568,3035.8472689598784,8000,1.3659018987341771,1.4631604555399587,0.12085365465377851,0.013,0.06,1.0,0.01,0.03,0.03,False,0.035,0.0008,0,True,72
0.3502196967601776,0.3450091681270688,0.053101667356528555,256,0.113037109375,0.12909576039255402,0.049993651549623645,59.138362884521484,58.24356008459021,4.477695262075251,17.68088722229004,17.121083389093847,1.3229559103338115,60,44.0,43.53086419753087,14.511882249165902,33934.47583715014,4.276482962011897,141150.37490081013,18.97977860015338,,55.0,0.0013267841011743455,0.008344270279928567,-8.481265079723867e-08,False,7408,halfplane,1593.0,1736.148148148148,3521.0245952384867,0.08728114515542984,0.0872632924605299,0.01703075619217875,236,7092.0,7691.62962962963,1948.297480546113,779.0,769.2222222222222,176.22425387647692,8000,3.3447624190064795,3.4224533120418963,0.31544667367588664,0.013,0.06,2.0,0.003,0.03,0.01,False,0.035,0.0008,0,True,81
0.3520272970199585,0.3256699373876607,0.06971313233127154,256,0.27996826171875,0.2324034137490355,0.08528131147506074,10.708687782287598,12.814594374762642,3.0981206415988245,10.349381446838379,12.045354725402078,2.7762311162180087,65,9.0,23.506172839506174,22.130992433544034,213501.46475757574,31.3833944357838,352638.80130843096,44.21689241650202,,12267.0,3.7067784552845544,0.6685742315238719,0.002292676536727996,False,18348,halfplane,35.0,448.9259259259259,3613.393496758174,0.04372843727469444,0.04502550489556642,0.005753769127256386,341,18348.0,14826.234567901234,5489.967571182204,8152.0,6615.691358024691,2484.4880717794167,8000,1.0347176804011335,1.061243959076638,0.028563827107671347,0.013,0.06,1.0,0.01,0.003,0.15,True,0.035,0.0008,0,True,54
0.3495251536369324,0.3217734184897976,0.07195573303355371,256,0.2870330810546875,0.22538192183883102,0.09262120891020689,9.958535194396973,13.347902250878604,4.292042082150328,8.931533813476562,10.846529242433148,3.0839462070147876,64,11.0,28.135802469135804,23.416651818326518,244302.62909465018,29.636508172957665,239664.88643027126,30.436622726644654,,14941.0,2.87762714543812,0.7942693105098082,0.002024795526589313,False,18811,halfplane,48.0,452.17283950617286,3613.0387463286615,0.043297432363033295,0.045367290990220174,0.006144117975492859,261,18811.0,14366.037037037036,5947.824591310559,8425.0,6284.061728395061,2639.9638341409755,8000,1.1149859124980064,1.2206816038915063,0.08512780226561584,0.013,0.06,1.2,0.01,0.01,0.15,True,0.035,0.0008,0,True,65
0.25109681487083435,0.25982995092132943,0.036030662967896955,256,0.4529571533203125,0.41925538616415897,0.07316062655289902,74.214111328125,70.75939253818842,6.328745212796117,16.56973648071289,17.041521001745153,1.0764260717776934,39,1.0,18.22222222222222,35.058680966504014,206020.78611560696,24.431645032443644,0.5157750342041254,-0.02730719296694639,,23816.0,2.270479448961156,0.7607178516936357,6.549399177909585e-05,False,29685,halfplane,173.0,813.074074074074,3653.569621913253,0.03958642855286598,0.041148535539338615,0.005852345472760548,8649,29057.0,26492.925925925927,5526.829403353453,6600.0,6418.740740740741,925.6191758550395,8000,4.478895064847566,4.182565565191982,0.4905215114390006,0.018,0.08,2.0,0.01,0.01,0.01,False,0.04,0.0,0,True,77
0.4041779637336731,0.38073860403196313,0.053350690882676695,256,0.3094024658203125,0.2427912582585841,0.07888336055171827,10.468560218811035,18.988783706853418,11.825071173106023,8.385848999023438,10.476214444195783,2.955061982699211,66,9.0,32.65432098765432,23.027713037746903,142541.95612618298,18.618833321344,169733.34796638382,26.49752077204139,,9690.0,1.5795630081300815,0.477881343393993,0.00012875918953498462,False,20277,halfplane,106.0,635.9012345679013,3595.6868902155,0.04889994114637375,0.05554823393439069,0.012461053531139658,1894,20277.0,15507.037037037036,5116.592689643634,6963.0,5030.864197530864,2247.454207243488,8000,1.2483602110765892,1.6880347294356906,0.607334235543195,0.018,0.05,2.0,0.01,0.01,0.1,False,0.04,0.0008,0,True,69
0.38646775484085083,0.379742885813301,0.0439632787874754,256,0.427825927734375,0.4269563651379244,0.03995405112115525,86.35516357421875,84.9712072301794,7.371259088470443,19.731285095214844,20.354559815960165,0.9151040852573089,42,13.0,21.432098765432098,16.529762361973987,91806.66176811594,10.857579521016945,8193.569458654616,-1.008229958072239,,-344.0,0.5205752032520328,-0.012328943729175812,2.2745565335097786e-05,False,28038,halfplane,417.0,1268.7283950617284,4168.30891491758,0.04047365486621857,0.039862652481706055,0.0046238220486185646,6888,28038.0,27562.58024691358,4045.61702435586,5024.0,4814.691358024691,800.3237252724414,8000,4.376560382338255,4.19106539897558,0.4271393258874018,0.018,0.05,1.0,0.003,0.03,0.15,False,0.04,0.0,0,True,57
0.21800380945205688,0.2270497806646206,0.03809716675213433,256,0.2842864990234375,0.28565018265335645,0.034839219715634466,91.0936050415039,89.92315457190996,7.369371285790533,20.930431365966797,21.08718768461251,0.5419274097731043,51,1.0,8.098765432098766,17.749007927950775,418442.1170731707,63.63626394533745,39350.80929832533,5.197443811027331,,19649.0,3.2127829719963863,1.0546401159358059,0.0002009998547527453,False,18631,halfplane,22.0,791.9876543209876,3773.6662838769685,0.03545822203159332,0.034919061364583025,0.004516673835936646,9454,18631.0,18315.617283950618,2634.224343248969,10705.0,9511.925925925925,2533.705980281262,8000,4.3522086844506465,4.273484803269832,0.38190740431253034,0.01,0.08,1.2,0.003,0.03,0.1,True,0.035,0.0,0,True,46
0.0,0.0004881310339925098,0.00413840830080524,256,0.0,0.006179244429976852,0.0552108686241032,0.0,0.8543936176064574,5.57776785010287,0.0,0.5527940208529248,3.4984133663770165,81,0.0,1.3580246913580247,11.286732779635411,-2793.0,-0.14727080913666274,-7986.0,-0.16536987030584568,,0.0,0.288607046070461,0.0,0.009618699186991837,True,0,halfplane,0.0,404.60493827160496,3618.337609151857,0.0,0.0007361006221653502,0.006583884117766445,0,0.0,0.3333333333333333,2.8717439962933518,0.0,0.2716049382716049,2.3201338066937582,8000,0.0,0.03994190268700073,0.269139368861779,0.013,0.05,1.5,0.003,0.03,0.06,True,0.04,0.0008,0,True,2
0.3037038743495941,0.31678689593150294,0.04032357535146908,256,0.37939453125,0.3322469452281057,0.08836531707826682,9.302726745605469,14.514133947866934,7.851099208232427,8.487560272216797,11.158142654984086,3.2641930256164065,62,1.0,31.876543209876544,33.89795241860574,222508.8758032787,27.502680309323967,415378.60974653834,50.081422221648566,,19715.0,3.0231957994579948,0.7928349365462244,0.0002529408247101095,False,24864,halfplane,96.0,1548.0987654320988,3820.2495542715606,0.04758204147219658,0.05171191172651303,0.00944480041163683,1962,24864.0,21369.567901234568,6142.768200003128,8160.0,6253.259259259259,2165.2143153854468,8000,1.096042471042471,1.2455217877060667,0.26197900560005044,0.018,0.08,2.5,0.003,0.01,0.1,True,0.04,0.0008,0,True,51
0.3500835597515106,0.3439518411954244,0.03985987879171219,256,0.229705810546875,0.23242470070167823,0.038969003163226594,65.36083221435547,65.53303499575014,4.687059816062709,14.684605598449707,15.030279654043692,1.3498135218127902,57,26.0,32.74074074074074,16.42624952706421,104794.80186743513,13.175756069360675,0.49382716056425124,0.07515885209612506,,1569.0,1.5528457542908751,0.10422479075328828,0.00016615690303188341,False,15054,halfplane,345.0,829.9012345679013,3584.741220768247,0.040946174412965775,0.04017166384024384,0.004914304854173778,5283,15054.0,14827.617283950618,2329.444397105764,5059.0,4673.827160493827,980.836752756851,8000,4.450976484655241,4.3981532215993795,0.4341777096791483,0.01,0.06,1.5,0.01,0.01,0.1,True,0.04,0.0,0,True,74
0.32786262035369873,0.33576463218088504,0.04719750487123463,256,0.07965087890625,0.09557521490403163,0.04898296650857387,48.40574645996094,42.38851537822205,4.438445523495241,13.961652755737305,14.809851552233283,1.486683912527305,76,32.0,44.34567901234568,17.30136688657519,43255.36919526626,4.256726772144499,35556.655572525575,4.879334088465838,,-2.0,0.2844893857271907,-0.00038314176245224374,4.962089475893822e-05,False,5220,halfplane,303.0,1033.1234567901236,3557.5947013161144,0.07825605571269989,0.0712129979589839,0.009189406898952441,659,5220.0,5859.086419753086,1397.492085249178,644.0,679.8271604938271,146.9368546767882,8000,3.4670498084291186,2.8990334798796913,0.44026426712528105,0.01,0.05,2.0,0.01,0.003,0.15,True,0.035,0.0008,0,True,81
0.24771520495414734,0.25972080285902377,0.044601308397671964,256,0.33587646484375,0.29888840663580246,0.08132705937618863,10.902644157409668,14.522609969716013,5.745025779859453,9.197094917297363,10.660614955572434,2.440168291076169,69,1.0,10.814814814814815,21.70401971707745,416270.4133239437,55.28042409613518,313838.51382791094,42.57557196800272,,45377.0,7.195147018970191,2.0818193207672624,0.0012725080325759878,False,22012,halfplane,21.0,438.0740740740741,3614.634833861832,0.03902624547481537,0.04121370797539935,0.006500254638777706,511,21732.0,18968.493827160495,5488.036852725706,10213.0,8753.67901234568,2710.0019262311976,8000,1.185444303107396,1.3309186247434799,0.23527320276096667,0.013,0.08,1.2,0.01,0.03,0.03,True,0.03,0.0008,0,True,75
0.3855842649936676,0.37886846580623107,0.04402694531686859,256,0.289581298828125,0.2893535472728588,0.03927483245195086,67.03040313720703,60.31135723914629,6.260606058667097,14.353933334350586,15.114699293065954,1.5166198008757086,55,17.0,25.753086419753085,19.138566108677924,108820.80063387979,14.853674326782329,0.5061728395521641,0.03565494868830113,,-433.0,1.0736899277326117,-0.05888927702337554,0.0001275120914062952,False,18978,halfplane,273.0,799.0123456790124,3616.4913884607204,0.041293684393167496,0.040234651968435,0.004871984362341031,5825,17938.0,17501.20987654321,2777.0578432207376,5861.0,5449.432098765432,1131.2186364333438,8000,4.669828222151965,4.050475651768284,0.6418779870583287,0.013,0.05,1.2,0.01,0.003,0.01,True,0.04,0.0,0,True,81
0.26050418615341187,0.2686807123231299,0.042483450838334255,256,0.3253021240234375,0.3210765697337963,0.06361677165444767,61.33251953125,56.4864498656473,5.542890642256179,15.595939636230469,16.07515200862178,1.2118363881067427,56,1.0,20.62962962962963,29.9672432047882,246649.78261971835,35.071569528387684,0.48971193423494697,-0.05698640990813869,,14904.0,2.3086985094850956,0.673869916049564,0.00012809505434041772,False,21319,halfplane,64.0,1637.0,4788.261987840424,0.04025229066610336,0.04004510607064506,0.008539694879186675,6112,20771.0,20049.666666666668,4403.306490511728,9338.0,7835.432098765432,2557.4659861043665,8000,3.9325953374923777,3.545750427285817,0.4643455474179459,0.013,0.08,1.5,0.01,0.003,0.01,False,0.04,0.0,0,True,80
0.21794694662094116,0.22405329512225258,0.037084601281706944,256,0.2850189208984375,0.28469057436342593,0.03323990420944871,48.62803268432617,45.197511743616175,3.2443495685952923,18.055240631103516,18.169158982641903,0.8232976206907702,68,1.0,5.567901234567901,16.84126199165986,551442.2532947976,71.0122063170632,1249.7098925814498,0.3143918906942694,,18595.0,3.6033373983739856,0.9955029712511374,0.00020901662357757726,False,18679,halfplane,17.0,609.4197530864197,3688.146574790742,0.03540179505944252,0.034736072529613235,0.003932610147774457,7363,18679.0,18252.814814814814,2533.9061053818928,10778.0,9909.876543209877,2209.145694789686,8000,2.6932919321162805,2.4964196647973957,0.22401683911677137,0.01,0.08,1.0,0.01,0.003,0.15,True,0.035,0.0,0,True,42
0.24004732072353363,0.253650916211399,0.038717065891078845,256,0.4739837646484375,0.44410667890383876,0.06437124077950686,10.119434356689453,13.204011681639118,6.35644912714728,9.294225692749023,10.90240885887617,2.384658284805935,72,1.0,5.691358024691358,16.456933677237796,334239.12574570446,45.65434387214276,333457.16433397157,45.65856520428475,,86601.0,10.032007226738937,3.038057325406368,0.0003216275644565055,False,31063,halfplane,68.0,553.395061728395,3606.971574976945,0.037964385002851486,0.040464082571827334,0.00802162696889608,5405,27929.0,25847.48148148148,4644.353276912532,6938.0,6764.0123456790125,1198.966216163702,8000,1.0887873032224833,1.1774037263747528,0.26693748992345795,0.018,0.08,1.5,0.01,0.03,0.01,True,0.03,0.0008,0,True,61
0.30584999918937683,0.3170255297495995,0.04091834058849086,256,0.485992431640625,0.4670519416714892,0.051817330954185746,8.633406639099121,10.444953471054266,3.581269826577125,8.42109489440918,9.82640215791302,2.600344352526984,70,1.0,8.098765432098766,19.77940376479172,221134.32967930025,27.25111674240519,874639.0263168723,117.02742696641448,,42327.0,5.710765356820236,1.3665360752233262,0.00022690136526052327,False,31850,halfplane,112.0,1011.0493827160494,4029.445018616729,0.03723521903157234,0.03776342601135925,0.00496170207332039,5857,30611.0,29035.16049382716,4630.987097019409,5739.0,5281.197530864198,996.2307906012802,8000,1.0252119309262167,1.051238790803947,0.07265612580619038,0.018,0.06,1.5,0.01,0.003,0.01,False,0.03,0.0008,0,True,74
0.0,0.001501245619614183,0.011540704043901149,256,0.0,0.006177925769193673,0.05521099997609062,0.0,1.9951690862208238,7.725409589072429,0.0,1.6124338691617235,5.714691122230913,90,0.0,1.4197530864197532,11.290621255453372,-2249.0,-0.17722976061427284,-4236.0,-0.9839691596871378,,0.0,0.2886386630532978,0.0,0.015222476924017377,True,0,halfplane,0.0,404.65432098765433,3618.3320936261885,0.0,0.0036523442853380133,0.014579944912288846,0,0.0,0.32098765432098764,2.324465479476881,0.0,0.2345679012345679,1.5577096588234574,8000,0.0,0.09178743961352658,0.35565531051798965,0.01,0.05,1.2,0.003,0.03,0.06,True,0.035,0.0008,0,True,4
0.32550984621047974,0.3258828191477575,0.05285288655058512,256,0.4615631103515625,0.40255812656732254,0.11280000686453867,11.15769100189209,14.26565835505356,4.989295117940185,9.788543701171875,11.261464213147576,2.548170794635617,75,1.0,14.432098765432098,24.22524867515216,186170.9260231214,26.93321782443912,240751.50154644513,33.106730123981116,,56292.0,9.359496386630534,1.8609540811266485,0.0011337195208655111,False,30249,halfplane,93.0,510.5679012345679,3606.6235909602356,0.039098549634218216,0.041150221716106675,0.00650345856539396,626,30249.0,25976.666666666668,7911.101983452911,6509.0,5805.395061728395,1578.4686881537393,8000,1.1398723924757843,1.2440679560001282,0.16071172003400747,0.018,0.06,1.0,0.01,0.03,0.06,True,0.03,0.0008,0,True,47
0.3448680341243744,0.33223390726395596,0.05076165602902358,256,0.1322021484375,0.1313009379822531,0.04831730080798374,57.277584075927734,57.68070541193456,4.403717616523793,15.808262825012207,16.614550684705193,1.3110454367392426,80,32.0,38.7037037037037,18.721114009037205,22850.623457943933,2.985896858502078,133344.6654167942,18.961644655766296,,-2.0,0.2883744354110203,-0.00023084025854092083,0.00021771767065396067,False,8664,halfplane,1672.0,1926.0864197530864,3500.970106111969,0.08831232041120529,0.08566271210158313,0.01729234513960163,219,8664.0,8200.395061728395,1889.1893334849715,663.0,664.3333333333334,145.4213970365069,8000,3.623268698060942,3.492703388819299,0.312651669089594,0.013,0.05,2.5,0.003,0.03,0.06,False,0.035,0.0008,0,True,81
0.322343111038208,0.3226448761092292,0.0388658424042061,256,0.32794189453125,0.32364268361786264,0.037829735855596965,70.22538757324219,70.25823475402079,5.1632455535533754,15.861321449279785,16.238890954005864,1.076382551100334,58,18.0,26.617283950617285,14.595422841826737,111782.92266666668,16.314221540038087,1252.6239617720712,0.038483449436861515,,6654.0,2.4074503161698293,0.3096035734226692,0.0001250328321874076,False,21492,halfplane,208.0,1004.1358024691358,3657.624550432706,0.030576206743717194,0.030009754921919034,0.0035484039634705996,8795,21492.0,20805.666666666668,3144.3795949339574,6877.0,6213.111111111111,1440.4405876049707,8000,4.427461380978969,4.35085227576478,0.3812889655737503,0.01,0.05,1.2,0.01,0.03,0.15,False,0.03,0.0,0,True,69
0.17846953868865967,0.17858238223894143,0.022043620371035445,256,0.6006011962890625,0.5975403962311922,0.020993096399954357,87.68814086914062,77.3060420471945,8.784839502146774,23.069934844970703,23.129424177570108,0.2173732374568535,48,1.0,4.753086419753086,19.138566108677928,208719.0066666667,25.05510909552357,616283.9720819609,73.8068855503502,,66355.0,3.2422479674796745,1.6867428745476287,7.805068372929565e-05,False,39361,halfplane,36558.0,35702.0987654321,3348.832417148792,0.030170921236276627,0.029714820561585604,0.003388836161325668,29249,39348.0,38469.25925925926,4550.760690116606,556.0,632.4814814814815,406.04920066510186,8000,3.800970503798176,3.3451876266229656,0.39016395170288315,0.018,0.08,1.2,0.003,0.03,0.03,False,0.03,0.0,0,True,18
0.3428170382976532,0.3442266950452769,0.05381478750980439,256,0.1523590087890625,0.13109277795862267,0.04937820909257519,45.550025939941406,45.997845261185255,7.379865691731564,14.301522254943848,14.397509068618586,1.402546469252726,83,29.0,38.901234567901234,17.817736300408754,21543.19197202797,3.5237037250643364,30473.086318299116,3.406609917771522,,-9.0,0.2876470189701901,-0.0009013520280420906,8.213175784443398e-05,False,9985,halfplane,897.0,1743.8148148148148,3514.632204599463,0.09061060100793839,0.08085561516108336,0.0152796903830594,117,9985.0,8186.753086419753,2000.7894462360316,596.0,660.4074074074074,155.60180088597136,8000,3.184977466199299,3.239690436403368,0.6443830622232525,0.013,0.06,2.5,0.01,0.003,0.15,False,0.04,0.0008,0,True,81
0.3498327434062958,0.25413118668452456,0.10854582882590047,256,0.22247314453125,0.1199798583984375,0.0926605457337547,10.607407569885254,16.694616188237696,5.841280410320626,9.200238227844238,13.406967221954723,3.6323834516362874,92,17.0,48.91358024691358,25.23822181272389,126267.78472131149,14.501481511101144,167255.37096983247,17.717235469340018,,10594.0,2.437411246612465,0.727245222776302,0.016218217279833077,False,14580,halfplane,41.0,441.320987654321,3614.2512460821576,0.03921651467680931,0.043193318593649214,0.006671349368974061,26,14575.0,7455.604938271605,5458.651908552243,7042.0,3542.716049382716,2632.3902260280665,8000,1.1529492455418382,1.2275350137043257,0.1251420983289659,0.01,0.05,1.0,0.003,0.01,0.03,False,0.03,0.0008,0,True,71
0.2257119119167328,0.23269370547783227,0.0368225441400025,256,0.3703460693359375,0.36886860411844136,0.07361548936497189,83.76647186279297,83.12595489878713,6.7925390961175,19.30930519104004,19.53988774617513,1.0402872907992715,59,1.0,22.209876543209877,31.8316233976985,224641.14612903225,29.569852448968636,6183.833381580887,-1.1700468011950818,,25916.0,3.480551716350498,1.0671211589712586,0.00014232576282240242,False,24271,halfplane,94.0,2869.8024691358023,6965.765182538492,0.03533285856246948,0.034868367637197174,0.007912549741551016,7905,24268.0,23764.172839506173,5424.37228954269,8929.0,7297.876543209876,2502.687845875754,8000,4.338140167277821,4.2692642493813135,0.37763797613117217,0.013,0.08,2.5,0.003,0.03,0.03,False,0.035,0.0,0,True,69
0.18472087383270264,0.1901863357167185,0.03603548289136441,256,0.334075927734375,0.33519678940007713,0.048050170086954336,49.42888641357422,46.97900400044006,3.236924142284546,18.030590057373047,18.172484197734313,0.8128110081145586,78,1.0,8.876543209876543,23.28056611040574,461180.4221132076,61.07226281056803,825.903386394144,0.11164588050522993,,40123.0,5.043541779584463,1.8326025395085406,0.0002333881717812524,False,21894,halfplane,37.0,1109.5432098765432,4696.0645568610935,0.02996787056326866,0.02978366544401204,0.004559485681646995,4786,21894.0,21562.58024691358,3777.5061531899046,10950.0,10148.444444444445,2501.8821853028576,8000,2.7413903352516673,2.594471029205827,0.22723917516697933,0.01,0.08,2.0,0.01,0.003,0.06,False,0.03,0.0,0,True,33
0.332064151763916,0.3349761318093465,0.05334143188205734,256,0.1243438720703125,0.13284697356047453,0.05144853681745215,40.94072723388672,41.559517989923926,5.458582770258062,14.21015453338623,14.342402717213572,1.5217421676141842,89,37.0,45.098765432098766,18.035359602921876,24239.80496912115,2.648369862228287,34524.81161845877,3.9653198699597803,,44.0,0.24171205962059616,0.005399435513560036,6.614524404806637e-05,False,8149,halfplane,1617.0,2387.617283950617,3529.5412585070785,0.059955306351184845,0.06625659269407208,0.011813377641122379,313,8149.0,8301.728395061727,2234.4475993808637,661.0,702.5555555555555,214.05860510559506,8000,2.881089704258191,2.9310974809730372,0.4749215566042103,0.01,0.06,2.5,0.01,0.003,0.15,False,0.03,0.0008,0,True,81
0.2558244466781616,0.2691595353830008,0.03801552139868737,256,0.3257293701171875,0.30657035921826775,0.049995025970284074,12.191174507141113,14.887258647400657,2.8974556511132747,12.120203018188477,14.651529877274125,2.5762841689465192,88,1.0,7.08641975308642,19.215604211331044,440514.63441148325,57.68496689860762,897872.2212522046,114.48684824152492,,23297.0,3.952226287262873,1.091347730360238,0.00039322620612048027,False,21347,halfplane,20.0,452.95061728395063,3613.2368645767824,0.040007516741752625,0.041585494936616334,0.005404327489190314,1915,21347.0,19686.827160493827,3683.837709023404,9791.0,8900.160493827161,1949.1758591254118,8000,1.005855623741041,1.0135961913285603,0.020476079689285547,0.013,0.08,1.0,0.003,0.003,0.06,False,0.03,0.0008,0,True,50
0.25896310806274414,0.27141980918837183,0.04360062946925064,256,0.326690673828125,0.3189685962818287,0.05402503903532031,70.70439147949219,67.93899578518338,5.228680673637705,15.70801067352295,15.733665901937602,1.1207147058832363,73,1.0,18.160493827160494,26.65715422473061,265025.46545454545,35.14797081193819,0.5048010973259807,-0.01259093781258154,,12436.0,1.861911472448059,0.43533927664192484,0.00010854802322334338,False,21410,halfplane,49.0,1597.148148148148,4468.069075339227,0.04024349898099899,0.039854850712013834,0.006560163368760002,5834,20268.0,19480.962962962964,3799.1662290120044,9149.0,7777.555555555556,2601.317913844613,8000,4.501167678654834,4.347307158159833,0.42408636927454185,0.013,0.08,1.5,0.01,0.01,0.01,True,0.04,0.0,0,True,80
0.35230427980422974,0.3408934573332469,0.052797476469369116,256,0.29156494140625,0.24993199477961034,0.07610461062177849,9.724199295043945,13.103080302108953,5.575202554240298,8.492230415344238,10.147435400221083,2.7273183128801377,93,11.0,30.604938271604937,31.799013499857043,203189.96660215055,28.15291812240735,245735.7799675312,33.72856054992949,,11943.0,1.7001962511291782,0.6275012850631498,0.0002490337304085717,False,19108,halfplane,63.0,500.51851851851853,3608.422726156779,0.042618583887815475,0.04545045441683428,0.007370569585034178,1571,19018.0,15903.814814814816,4953.592673314374,7936.0,6521.7037037037035,2169.3984399415544,8000,1.1450701276952062,1.2587191205112584,0.18220093702909895,0.013,0.06,1.5,0.01,0.01,0.03,True,0.035,0.0008,0,True,79
0.18514887988567352,0.19156647243617494,0.04083120396602302,256,0.3348541259765625,0.3345140998746142,0.05857946611453657,90.49879455566406,89.26411701720438,7.259027183650465,20.93651580810547,21.061002801965785,0.4914043511455819,71,1.0,9.382716049382717,21.251909370273886,396509.8098260869,54.47911858841057,71241.86923128052,8.363377281913776,,44148.0,5.917962962962963,2.0118480281884397,0.00027544949654163483,False,21945,halfplane,30.0,1440.1604938271605,5501.606969408727,0.030044876039028168,0.029823788188765816,0.0050846377238048775,2656,21938.0,21514.753086419754,4364.883094982138,10901.0,9813.543209876543,2733.6840924416833,8000,4.322533606744133,4.246476972745508,0.3696362475973818,0.01,0.08,2.0,0.003,0.03,0.06,True,0.03,0.0,0,True,64
0.3564688563346863,0.352234027635904,0.04273652495329534,256,0.2643280029296875,0.2644414077570409,0.04442878293547777,67.55948638916016,66.8396314456139,4.745396393577423,15.245062828063965,15.63490128222807,1.1616855676276145,77,20.0,25.765432098765434,18.976445181510442,127762.91623529413,15.884005615876847,0.5267489711986855,0.06077221838780282,,1925.0,1.8114439927732608,0.11112393927148867,0.0002498661168895782,False,17323,halfplane,236.0,600.5925925925926,3597.172771098202,0.035304225981235504,0.03495911747953038,0.004062129112243785,3955,17323.0,16925.814814814814,3013.2156856381166,5946.0,5592.3456790123455,1145.2716768694465,8000,4.4315649714252725,4.302918966677414,0.3841512826307981,0.01,0.05,1.2,0.01,0.03,0.06,True,0.035,0.0,0,True,63
0.2726016640663147,0.2846312169675474,0.03737349362481643,256,0.4164276123046875,0.39998485423900465,0.043642694580775486,10.395002365112305,12.226855584132819,2.8872908290540846,10.234865188598633,11.743030748249572,2.2336968122282266,91,1.0,6.45679012345679,19.645028512380637,310458.7395524476,40.938762798121545,721647.4516760558,95.70949523982843,,30988.0,4.508777326106595,1.1356111045900308,0.00021316759261769483,False,27291,halfplane,56.0,506.5061728395062,3609.492711265386,0.043453723192214966,0.04433012891698767,0.005433844923174535,6396,27282.0,25801.30864197531,3994.989107177706,8682.0,7992.172839506173,1475.6605868753727,8000,1.015646183723572,1.0351777124794073,0.049908849401772294,0.018,0.08,1.5,0.01,0.003,0.03,False,0.035,0.0008,0,True,60
0.3180508017539978,0.3246796500903589,0.04023142432922878,256,0.3647003173828125,0.34500197422357254,0.047419219438188207,11.893058776855469,14.305212397634246,3.8589293502498214,11.679033279418945,13.641257521546917,2.710963868285826,95,1.0,11.506172839506172,19.248936771529074,238873.1136588629,31.04702218924455,592331.4016818751,81.60191328679483,,12643.0,2.2392208672086724,0.5289736831094933,0.00019164209776382317,False,23901,halfplane,60.0,524.9382716049382,3605.8705712263886,0.04978005215525627,0.0513584609200925,0.007104741957915478,3380,23901.0,22205.48148148148,3811.9204230132427,8297.0,7506.234567901234,1520.6169984874598,8000,1.0183255930714197,1.0395867716490315,0.06556680645112276,0.018,0.08,1.5,0.003,0.003,0.15,True,0.04,0.0008,0,True,62
0.3037959039211273,0.31739698515997994,0.040558659699252944,256,0.48712158203125,0.4626178505979938,0.053322564038079126,8.710029602050781,10.733906475114233,3.1645144853418854,8.626531600952148,10.376329998911164,2.6151476706686014,87,1.0,6.790123456790123,19.456006752419427,221677.07828070183,27.2957132015271,903565.4337920095,110.82971326057312,,42399.0,6.628469512195123,1.3281230422252852,0.00026328746842878005,False,31924,halfplane,119.0,616.7037037037037,3596.4212988917307,0.03707794472575188,0.03819281902210212,0.004937818888910079,6068,31924.0,29913.074074074073,4829.082582344769,5800.0,5581.0123456790125,936.4853586725625,8000,1.009679238190703,1.027395751128813,0.042881110361027486,0.018,0.06,1.5,0.01,0.003,0.06,True,0.03,0.0008,0,True,49
0.2692967355251312,0.2811709337028456,0.03730443904784923,256,0.421051025390625,0.40302794656635804,0.0487801333901261,9.396282196044922,12.136313709211938,5.371312186192119,8.901741027832031,10.556761353104203,2.419441936366465,94,1.0,7.395061728395062,18.606171160211957,328257.54600000003,39.046837588360255,478556.3615030374,62.726999941399825,,34802.0,4.256885727190607,1.2612162064216856,0.0001868783825454935,False,27594,halfplane,53.0,591.283950617284,3621.6422413471932,0.043279979377985,0.04432206191582444,0.006886159835316936,6087,27594.0,26008.271604938273,4262.59416466669,8523.0,7663.740740740741,1513.6479586288153,8000,1.0555555555555556,1.1220770401608744,0.20815003254698533,0.018,0.08,2.0,0.01,0.01,0.06,False,0.035,0.0008,0,True,45
0.31146711111068726,0.31364083216514116,0.0383067999502412,256,0.269439697265625,0.24953319408275462,0.050967648674101834,10.462736129760742,12.354318088955349,3.1236412244138103,10.118352890014648,11.48905216028661,2.279308783127828,102,11.0,20.0,24.607536735673705,266974.2542040816,35.204161718751564,367249.937781697,46.75436845439927,,11748.0,1.8531068202348684,0.6651846222159032,0.00026361940468432813,False,17658,halfplane,42.0,468.69135802469134,3611.433228853681,0.04825069382786751,0.049667670862910185,0.006263092855390327,2227,17653.0,15943.62962962963,3311.0553777727187,8609.0,7501.506172839506,1803.5868454890535,8000,1.0340355646166044,1.0672409687934845,0.06223464508047075,0.013,0.08,1.5,0.01,0.003,0.03,False,0.04,0.0008,0,True,76
0.3279865086078644,0.1927613406729551,0.099442879699695,256,0.1466217041015625,0.06434838565779322,0.06879756034261951,10.196274757385254,12.310255450966917,2.983506904823808,9.25611686706543,11.049752565077794,2.427862335639889,110,47.0,67.79012345679013,25.480428727415607,77384.25859459458,8.687648059222997,145493.75220458553,18.378587734724746,,5924.0,1.0808310749774155,0.6165053595587471,0.0010257088847260751,False,9609,halfplane,24.0,431.7901234567901,3615.3092100603094,0.04806267097592354,0.04985030105820409,0.00661054925789973,36,9609.0,3811.864197530864,3213.374215019972,5095.0,2019.1975308641975,1706.1603228891797,8000,1.1015714434384432,1.112013319516935,0.06357639995884548,0.013,0.05,1.2,0.003,0.003,0.1,True,0.04,0.0008,0,True,67
0.21372170746326447,0.21507334653977994,0.028172228271864625,256,0.5151824951171875,0.511060173128858,0.028680096997577377,82.37940979003906,75.68956073713892,7.565437890241443,20.253376007080078,20.397385585455247,0.525398670335575,61,1.0,3.049382716049383,12.215049647486717,316762.4002292993,36.92410324838485,0.4938271604478359,-0.0309044464907843,,40123.0,5.334801490514907,1.1883718863845036,0.00016184146687146762,False,33763,halfplane,150.0,948.6296296296297,4184.183630405009,0.03491044044494629,0.03472199199008353,0.003949233701939257,18162,33763.0,33045.950617283954,4209.76095887815,4337.0,4182.716049382716,575.8925704550982,8000,4.067440689512188,3.7186769133500803,0.3933301429694871,0.018,0.08,1.2,0.01,0.03,0.15,False,0.035,0.0,0,True,20
0.27138566970825195,0.29681881581559594,0.07596861693614536,256,0.04119873046875,0.3018962718822338,0.17686004485787288,80.1844482421875,72.04473745087047,7.631261257008438,15.721298217773438,18.101846789136346,1.656054370549917,86,51.0,74.19753086419753,20.21454051479667,111503.74197134667,2.4228096382761675,512794.2202280089,25.30634162331755,,-185.0,0.5094200542005429,-0.06783187636192767,4.69666609406767e-05,False,2700,halfplane,1779.0,15399.691358024691,11518.954565734522,0.08207642287015915,0.03599498510636665,0.019337426635212176,1835,2693.0,19369.40740740741,11699.174554376572,548.0,833.9135802469136,358.0714184066838,8000,5.100370370370371,4.009396426439334,0.46991305000897043,0.01,0.06,2.0,0.003,0.01,0.03,True,0.03,0.0,0,True,81
0.3792693018913269,0.35988791121376884,0.05399873377540835,256,0.27093505859375,0.22297084478684415,0.07277759927346114,8.981245994567871,13.655166696619105,7.434435691840537,8.192705154418945,10.961026321222752,3.9368839250154326,105,16.0,24.530864197530864,20.664328672862233,153134.05892307693,23.330153785308095,485990.45695287245,62.571206191459666,,6661.0,1.4073694670280037,0.3751407974769094,0.00045963338525085903,False,17756,halfplane,81.0,543.0864197530864,3605.011913124032,0.04225284233689308,0.04586486122858377,0.008358119688456976,1213,17756.0,14208.061728395061,4599.053014025739,7184.0,5619.777777777777,2225.6150599467396,8000,1.0962491552151385,1.1912212662898538,0.20784788560671227,0.013,0.05,1.5,0.003,0.003,0.15,False,0.035,0.0008,0,True,75
0.3561544120311737,0.3673647818741975,0.043376342970036605,256,0.165985107421875,0.2146094051408179,0.0505583425145015,48.61546325683594,37.12935052094636,8.38519103984103,14.385479927062988,14.388023918057666,1.379245231218525,100,21.0,35.97530864197531,22.858110540841572,35490.307437939104,3.3498932377735477,19801.913241817092,2.7764790220757685,,88.0,0.16210094850948592,0.008089722375436592,6.557750049189906e-05,False,10878,halfplane,666.0,2542.185185185185,3751.5126730529405,0.08254577964544296,0.07174102044491856,0.012567507809715793,3944,10878.0,13660.086419753086,2989.6526376430747,1200.0,1438.5802469135801,531.3060744947311,8000,3.3794815223386654,2.6059942620205456,0.6373246128730886,0.018,0.06,2.5,0.01,0.003,0.15,False,0.04,0.0008,0,True,79
0.32231035828590393,0.2685878355010056,0.08798336988229702,256,0.2464141845703125,0.1520724826388889,0.098104223130498,10.768096923828125,16.176404552695193,6.204501881250016,7.878845691680908,10.36738207899494,3.123018180434807,113,8.0,41.72839506172839,25.51591725230826,222329.3432195122,25.094962651136488,137741.97204345794,16.34003532690404,,24199.0,4.388016711833786,1.5832303392004277,0.012581544703045972,False,16149,halfplane,36.0,442.037037037037,3614.178070057568,0.03943290188908577,0.04298475315725362,0.0074897524247804345,85,13997.0,8205.876543209877,5316.043479981585,8313.0,4720.123456790124,3031.5149917577924,8000,1.3667100130039012,1.5346735266946354,0.16215345779020882,0.01,0.06,1.0,0.01,0.03,0.01,True,0.03,0.0008,0,True,73
0.21371126174926758,0.21551193112944378,0.028089687406193452,256,0.5142669677734375,0.5107427526403356,0.02976273853677232,93.41204071044922,86.14114238597729,8.87166904653733,23.13251495361328,23.233383531923646,0.21813727602947133,74,1.0,4.580246913580247,17.019860727934674,285700.1235705522,36.775561170858246,507319.1811292635,62.77605143362403,,35715.0,6.176275067750679,1.0595195384309601,0.0001871779836801362,False,33703,halfplane,168.0,1011.8888888888889,4322.410772808259,0.03505495563149452,0.0346730017091757,0.003961128615285964,18638,33703.0,33047.30864197531,4212.200420946469,4426.0,4050.4938271604938,625.7957526509508,8000,4.038127169688158,3.711201890494188,0.39736303590067135,0.018,0.08,1.2,0.003,0.03,0.06,False,0.035,0.0,0,True,24
0.31436681747436523,0.30974451737639347,0.051533379911609695,256,0.251434326171875,0.2216109287591628,0.07254617315613197,11.935186386108398,16.330265586758838,6.623373840027846,8.38884162902832,9.836628749046797,2.5819484934024897,108,7.0,24.679012345679013,26.892482386367426,274869.2655221239,34.07939822945526,176846.28100687874,22.58394789317195,,15806.0,2.2393620144534774,0.9604017921669314,0.001172829669206168,False,16478,halfplane,32.0,460.08641975308643,3612.449048545058,0.049830466508865356,0.05265923989591775,0.007787031918635239,286,16361.0,14013.296296296296,4549.517487492341,8395.0,6748.888888888889,2319.327675038077,8000,1.4227454788202452,1.6236684686100924,0.25955639509258843,0.013,0.08,1.5,0.01,0.03,0.03,True,0.04,0.0008,0,True,76
0.38280680775642395,0.3702220799010477,0.044415127653838544,256,0.2467498779296875,0.22935561191888504,0.04471828125913703,34.793582916259766,34.175261838936514,3.383687924095962,14.211846351623535,14.848900006141191,1.980069881914153,106,79.0,52.69135802469136,26.703974816406546,35731.99561290321,4.803628528209302,151146.17148736038,21.210211980509634,,4354.0,0.8949116982836497,0.2692474182177973,0.0001185393395948534,False,16171,halfplane,1421.0,2099.777777777778,3562.8969521104627,0.06290281563997269,0.06340373316664755,0.008436175040869028,5345,16171.0,14626.493827160493,2707.4043791395693,2160.0,1955.469135802469,374.2291199687519,8000,2.4482097582091398,2.3438428502309034,0.375405711360638,0.018,0.05,2.0,0.003,0.003,0.1,False,0.035,0.0008,0,True,73
0.3608868420124054,0.35343824326992035,0.041918402203724545,256,0.361541748046875,0.3568994969497492,0.04101367837835133,82.3646469116211,84.0575712227527,6.910986916312702,19.281023025512695,20.155051360895605,0.90324289572547,85,24.0,21.765432098765434,11.613393295055342,84130.9956117936,12.34207141563659,13829.823774065124,-0.1820264165584521,,1110.0,0.7051016260162603,0.046847303114712746,3.944977418991845e-05,False,23694,halfplane,267.0,856.3827160493827,3588.1597902948693,0.03591013327240944,0.03490302523161158,0.004338771345311715,5044,23694.0,22983.88888888889,3571.9382399648866,5895.0,5602.555555555556,1031.6865252680936,8000,4.271798767620495,4.184240084524866,0.3842471869561173,0.013,0.05,1.0,0.003,0.03,0.15,False,0.035,0.0,0,True,58
0.21362797915935516,0.21322751486742939,0.026849472363127645,256,0.5142822265625,0.5106129587432484,0.031068010736123985,67.60277557373047,62.04826708193178,5.624397926739872,19.470727920532227,19.834738013185103,0.6260852758471849,84,1.0,6.08641975308642,20.746082498478692,372875.9194576271,43.74910461561071,0.4993141288869083,0.07203276890543281,,60318.0,5.213415989159891,1.7394274391122106,0.00016020752887437528,False,33704,halfplane,277.0,1293.5185185185185,4599.151996744969,0.03506680205464363,0.03448070965155407,0.004012117859104978,17552,32868.0,32190.172839506173,4139.525179397662,4574.0,4322.271604938272,571.1992368745481,8000,3.47202112508901,3.1374025931104144,0.3257728124807295,0.018,0.08,1.5,0.01,0.01,0.01,False,0.035,0.0,0,True,55
0.21403095126152039,0.2133031894027451,0.027691513764668968,256,0.513519287109375,0.5113947362075617,0.03042785757971997,95.08816528320312,89.39807628113546,8.217469629224237,22.7412052154541,22.901672033616055,0.2678611619238205,79,1.0,6.530864197530864,22.056653440210678,417876.32456939504,50.103190463140876,465498.70495096827,52.59749818709324,,44216.0,6.238621951219515,1.243688191959535,0.00019071064241477084,False,33654,halfplane,155.0,1376.8765432098764,5052.28491611937,0.03528149053454399,0.0344916169796093,0.004028883458401382,21063,32709.0,32146.604938271605,4103.02973477162,4617.0,4304.098765432099,636.0561471632476,8000,4.181315742556605,3.9078502400371358,0.37743748805470917,0.018,0.08,1.2,0.003,0.03,0.01,False,0.035,0.0,0,True,43
0.35079506039619446,0.3554283571831974,0.04246464868688759,256,0.484649658203125,0.46340546784577547,0.0678702138371319,8.105125427246094,9.703620781133205,3.502562832015325,7.846714019775391,8.99022443206222,2.5997181345021905,104,1.0,16.97530864197531,28.853386436523483,135387.6172820513,17.17224118198807,725438.2206468154,97.1215760706717,,26125.0,3.7913952122854577,0.8365408030463155,0.00021267624216876507,False,31762,halfplane,272.0,1396.111111111111,4157.665872358292,0.03690994158387184,0.03735839189202697,0.006181958265599921,2982,30570.0,28768.58024691358,5376.306747532216,4938.0,4469.308641975309,909.1054026542756,8000,1.0329324349852025,1.0655344013082422,0.07649306507785751,0.018,0.05,2.0,0.01,0.003,0.01,False,0.03,0.0008,0,True,81
0.31367582082748413,0.28684999195881833,0.0872480509911427,256,0.17694091796875,0.3247661826051312,0.22230320043209686,66.56114196777344,72.95221385249386,9.29595292076939,15.91888427734375,17.747810257805718,2.139255729164671,97,62.0,67.93827160493827,18.128039586090733,16679.829894736817,3.426439126282658,569776.2141588853,43.21774734952286,,-8.0,0.2588572719060524,-0.0008676359466019967,9.761273241854637e-06,False,11596,halfplane,4954.0,16192.654320987655,14604.741736475453,0.07549811154603958,0.045518515804023656,0.027808437886052095,1325,11592.0,20873.16049382716,14694.0804982922,497.0,799.5802469135803,378.0598575703481,8000,4.1812694032424975,4.133028921827411,0.38534023991697347,0.013,0.06,2.5,0.003,0.03,0.03,False,0.035,0.0,0,True,81
0.2074386179447174,0.2847563342915641,0.08665435158710003,256,0.09844970703125,0.2834998236762153,0.20782595685069677,70.84996795654297,71.41567866007487,8.51206878500337,16.95941162109375,17.23092684333707,1.8812946380729898,101,81.0,74.35802469135803,19.23237281251043,39845.47477064218,6.525148133075532,13228.27789046662,35.503129509685614,,-21.0,0.2934478319783198,-0.0032548047117173518,1.1603405625353561e-05,False,6452,halfplane,3729.0,13961.864197530864,12958.987724101353,0.018497735261917114,0.05202629554004949,0.03590824490837414,1082,6452.0,18174.765432098764,13679.04865227833,1222.0,760.4074074074074,404.3365783442127,8000,4.17761934283943,4.167003088740858,0.3928397112146613,0.013,0.08,2.5,0.003,0.03,0.1,True,0.04,0.0,0,True,80
0.30627450346946716,0.3126464315034725,0.06640156407766981,256,0.14117431640625,0.22582518024209106,0.11903694669638581,61.2745361328125,64.44696831408842,4.838773516497457,13.937945365905762,15.094335191043807,1.306716101005289,107,62.0,62.135802469135804,17.627667006984495,30877.525794988585,2.1057698203435535,17683.532726264442,0.42205677895991145,,235.0,0.5990261969286356,0.025399913532209162,5.7766687148941746e-05,False,9252,halfplane,1732.0,7588.506172839506,7194.044459277457,0.052588656544685364,0.04331187096734842,0.014792692603596199,1930,9252.0,14395.148148148148,7707.979080726434,1318.0,1245.8395061728395,400.586158695015,8000,4.396238651102465,4.304530446148893,0.42645128579711694,0.01,0.08,2.0,0.01,0.01,0.15,False,0.04,0.0,0,True,74
0.2362183779478073,0.2370788190099928,0.029270175119830228,256,0.6000213623046875,0.5972314528477045,0.029673890481785245,66.3946762084961,58.75545779569649,6.489564641778115,19.94193458557129,19.9782255196277,0.5665253854951251,82,1.0,5.222222222222222,19.54797832999933,159842.95150753774,20.40783396870367,0.5267489713151008,0.033933871644378194,,44909.0,6.837540424570914,1.1420542684942658,0.00017549183880830057,False,39323,halfplane,35268.0,33965.53086419753,3631.8548778806776,0.030165936797857285,0.029682825330966785,0.0034305199709510083,25197,39323.0,38579.543209876545,4774.497964816211,839.0,875.716049382716,426.5046924775627,8000,3.3294000966355566,2.9470021624678844,0.34152893209160756,0.018,0.06,1.2,0.01,0.01,0.15,True,0.03,0.0,0,True,19
0.3023827075958252,0.3182966815836636,0.04265577306028713,256,0.4884796142578125,0.4612754539207176,0.057207131679974134,8.382563591003418,11.29959519704183,4.9602651189705105,8.302939414978027,10.66090500207595,3.5567608916759754,111,1.0,11.25925925925926,20.722611124010946,193295.84802816907,23.988023670366324,1111830.034979424,149.94840005665748,,31817.0,4.939038392050589,0.9940063709357982,0.00018185587496082975,False,32013,halfplane,174.0,1224.4814814814815,3939.318155925931,0.03688783943653107,0.038724441495206624,0.006309347310914425,8197,32012.0,29825.382716049382,5009.377279669763,5338.0,4992.79012345679,1015.749868549344,8000,1.009589854121763,1.039597783317292,0.08023474023459921,0.018,0.06,2.0,0.003,0.003,0.1,False,0.03,0.0008,0,True,41
0.0,0.0034422642884798993,0.02846895662127802,256,0.0,0.007285412446952161,0.05597861932021113,0.0,0.8876994568624614,5.838488843820954,0.0,0.5408941669228636,3.4340516018521345,130,0.0,2.8395061728395063,17.962551435615218,-4825.0,-0.09115329039119104,-8877.0,-0.15934576405444495,,0.0,0.288607046070461,0.0,4.9920801794224876e-05,True,0,halfplane,0.0,473.8888888888889,3663.4704722755114,0.0,0.0001510660520490305,0.001351175845896614,0,0.0,72.92592592592592,652.1575167180063,0.0,2.4814814814814814,22.083517741290763,8000,0.0,0.04312626205616385,0.2953452085734879,0.01,0.05,2.5,0.01,0.003,0.06,False,0.04,0.0,0,True,2
0.2202863246202469,0.22487281134099135,0.03293671996855935,256,0.372772216796875,0.3732454276379244,0.04491597612001786,72.22001647949219,68.86984672075437,5.579537413645499,16.781932830810547,17.109077100400572,0.9640600547999583,99,1.0,9.864197530864198,23.42192340438721,293957.3221134752,41.43319000395067,0.5020576131064445,-0.007102985018587701,,33251.0,3.872843270099369,1.3516655976314857,0.00015800073411426102,False,24430,halfplane,71.0,1464.2469135802469,5437.41821798777,0.03539218753576279,0.03460118038878764,0.005377260435022934,11611,24373.0,23997.777777777777,3872.422577313064,9700.0,8891.283950617284,2224.638043715176,8000,4.303438395415473,4.047524048341584,0.408512072199717,0.013,0.08,2.0,0.01,0.01,0.03,True,0.035,0.0,0,True,64
0.33522289991378784,0.2761577833213924,0.08236971765879714,256,0.6141815185546875,0.2995398250626929,0.2070909662457099,56.27686309814453,52.90799680168246,8.146142801149958,15.025006294250488,17.68702671851641,2.3697153519566365,114,56.0,69.4320987654321,16.325348215600663,4904.883495934948,1.7656454038179166,42453.81853957509,9.458270291289695,,508.0,0.33464317976513136,0.004029905814660895,4.5928982824018694e-05,False,40251,halfplane,38285.0,13653.037037037036,12962.546363781932,0.03049035370349884,0.039274209960835214,0.025401756776273772,639,38164.0,18255.987654320987,12908.181693386456,958.0,1158.4567901234568,477.59151535628644,8000,3.745546694492062,3.075253389163022,0.702813755268756,0.01,0.06,2.0,0.003,0.003,0.01,False,0.03,0.0,0,True,81
0.3682076334953308,0.3506660615956342,0.05614731155692908,256,0.2108154296875,0.1959128674165702,0.058103775389979746,64.260498046875,54.861089965443554,8.558347841312196,14.210169792175293,14.921397032561126,1.587423260556185,115,15.0,25.641975308641975,18.447328182851034,121948.05680385852,16.772488883446876,0.5048010973259807,-0.0668853466931769,,1805.0,2.2789071815718165,0.13064562825709314,0.0008236143886849874,False,13816,halfplane,81.0,502.81481481481484,3607.4784706666974,0.040820252150297165,0.03995713872122176,0.004754784676368758,1262,13816.0,12434.814814814816,3386.4620057404645,5371.0,4865.802469135802,1331.149854933771,8000,4.522148233931674,3.748530162747578,0.7775440203796016,0.01,0.05,1.2,0.01,0.003,0.1,False,0.04,0.0,0,True,65
0.1846245527267456,0.18574683478584997,0.023256510987938964,256,0.4340362548828125,0.4339394275053048,0.02290635232059218,82.13404846191406,78.2771511313356,6.45453816330184,19.801862716674805,20.000206064294886,0.60070687290389,96,1.0,4.987654320987654,18.560208217196568,398744.2386415095,51.0155277009166,0.4938271604478359,0.114386213011811,,58067.0,7.200547425474257,2.0413780980840226,0.00025532686522220497,False,28445,halfplane,44.0,1055.0123456790122,4852.735780505996,0.03002997674047947,0.029464418091523795,0.0035646312308516706,18735,28445.0,28029.345679012345,3446.3035347086775,8430.0,8047.185185185185,1361.9722456075283,8000,4.147793988398664,3.9242179021772197,0.360822898492621,0.013,0.08,2.0,0.01,0.03,0.1,True,0.03,0.0,0,True,27
0.3558551073074341,0.35162817787976913,0.04280932151148009,256,0.1301727294921875,0.15041398413387347,0.04445845375223116,51.0622444152832,49.91278650731216,3.7219394885036574,16.093246459960938,15.770689481570397,1.7429747647408709,124,42.0,39.08641975308642,16.406260120223905,30682.289879518066,3.484123501620164,171354.35271650442,17.97127960675096,,349.0,0.30667163504968337,0.04090962372523732,5.819006181327587e-05,False,8531,halfplane,950.0,1634.2345679012346,3519.933193360158,0.07521922886371613,0.07292416167479975,0.009597771525111314,3034,8531.0,9452.987654320988,1744.960832938539,820.0,936.9135802469136,175.35918676669928,8000,3.172898839526433,3.202328915600283,0.37437589907385804,0.013,0.05,2.0,0.003,0.01,0.06,False,0.03,0.0008,0,True,81
0.3806557059288025,0.3549057620543021,0.07192275625696622,256,0.332366943359375,0.2735051284601659,0.09824271703260588,11.656826972961426,16.053253644778405,7.079207688732762,7.924502849578857,9.755437603703252,2.8526240243657326,123,8.0,27.987654320987655,27.18364333322817,169934.18197435897,23.53644195527133,177422.174611467,22.463823811641653,,16942.0,2.4561892502258362,0.7787015789293421,0.0008769006012042563,False,21782,halfplane,118.0,494.8888888888889,3608.643587722384,0.049989715218544006,0.052747446951674826,0.008553773592076671,392,21728.0,17465.95061728395,6516.772983695084,7780.0,6246.62962962963,2284.345941696289,8000,1.4709852171517768,1.6064354017351468,0.2324538574122491,0.018,0.06,1.5,0.01,0.03,0.03,True,0.04,0.0008,0,True,76
0.3133305311203003,0.3120466305149926,0.038091791404080276,256,0.439727783203125,0.4280717637803819,0.04091752381196521,70.226318359375,69.08503855010609,5.442659261274574,15.310803413391113,16.20247083828773,1.338949530623845,98,15.0,26.22222222222222,20.89893375506907,89064.87353846151,11.98516878710656,0.5130315499845892,-0.013566050723445943,,8163.0,1.876827687443541,0.2837876286166212,7.869890031890448e-05,False,28818,halfplane,427.0,2435.4691358024693,5878.187053775242,0.029749015346169472,0.029938281893178268,0.004073203627685169,13925,28809.0,27642.79012345679,4057.1868491346736,5533.0,5276.765432098766,1199.940515723257,8000,4.5867166354361855,4.305309751272318,0.5024399293644554,0.013,0.05,1.5,0.01,0.01,0.03,False,0.03,0.0,0,True,71
0.24199837446212769,0.2626046898924274,0.0414351372293371,256,0.465576171875,0.4300279028621721,0.059951971236482514,10.831574440002441,15.495133364642108,7.690151595324541,10.266627311706543,13.255218235062964,3.3076606301001066,120,1.0,6.580246913580247,17.194504000996023,317902.7473424658,39.46116690663604,569538.4225784658,72.31689323970839,,66062.0,7.614493676603432,2.1651863262429942,0.0002373842326000667,False,30512,halfplane,85.0,561.6543209876543,3607.202664904095,0.03928820788860321,0.04265572356037152,0.010424193638835207,5407,30511.0,27777.11111111111,4982.499206791609,6950.0,6782.246913580247,1224.3694827917382,8000,1.0550275301520713,1.13084205796967,0.23149455015962542,0.018,0.08,2.0,0.003,0.03,0.06,True,0.03,0.0008,0,True,43
0.23185083270072937,0.23214199734322818,0.02667310497148617,256,0.6025848388671875,0.5975535828390239,0.019937572919568557,63.356689453125,52.26336834754473,9.012206504208901,21.537565231323242,22.075698240303698,0.587538954373375,103,1.0,4.802469135802469,14.895868805934594,107054.27058548015,11.901828226664433,86691.72564545379,4.9774187479832745,,72646.0,3.4314144083107525,1.8463971827383765,7.369997774052884e-05,False,39491,halfplane,33836.0,32797.82716049383,3250.070642309648,0.02970702014863491,0.029718311779476977,0.0033494715171476144,30037,37961.0,36991.46913580247,4518.411479539033,986.0,1089.7037037037037,394.92707388831457,8000,2.9416829150945785,2.3790985122303376,0.45654177717979033,0.018,0.06,2.5,0.003,0.003,0.01,True,0.03,0.0,0,True,52
0.3080931305885315,0.3217279881606867,0.03963769172934516,256,0.3699188232421875,0.3556825614269869,0.043207127717970854,10.292867660522461,13.6625785474424,4.953301331121684,10.006817817687988,12.496276160817088,3.089490717234463,127,1.0,19.567901234567902,24.55929497500402,224491.974509804,28.032885941704944,723554.1040597402,88.13947270352317,,15654.0,2.2833852755194215,0.6458187218944675,0.0001319143536226871,False,24243,halfplane,97.0,1250.358024691358,3837.1030524057182,0.04782012850046158,0.04962774103990308,0.005869818925681303,5714,24239.0,22898.012345679013,3667.4467907265603,8383.0,6726.888888888889,2047.3746272232472,8000,1.0285855710926866,1.0742358499041178,0.10793725069893394,0.018,0.08,2.0,0.003,0.003,0.03,False,0.04,0.0008,0,True,76
0.2573912441730499,0.2556678233323274,0.03320198952084398,256,0.4301605224609375,0.43368115837191357,0.048601273398653194,55.25767135620117,50.421106785903746,4.8024653384284735,16.993967056274414,17.866975878491814,1.1226933895624716,112,1.0,11.246913580246913,24.27493289418579,164930.6524931506,23.182363661777362,0.4759945130208507,-0.052166817206969425,,29415.0,3.0049387985546527,1.0432279621877378,0.0001090749454801148,False,28191,halfplane,133.0,2005.320987654321,6336.497912743403,0.030550669878721237,0.029858274316346203,0.005676396999973617,14128,28185.0,28010.345679012345,4440.285098622523,7416.0,6625.444444444444,1503.4897594563536,8000,3.2516051222021214,2.8448740683498914,0.3767276413992246,0.013,0.06,2.0,0.01,0.003,0.03,False,0.03,0.0,0,True,58
0.29096782207489014,0.27784355922981546,0.05482479799570835,256,0.360870361328125,0.3256276448567708,0.11802466566809892,71.28604888916016,66.6739823612166,7.656022859514336,17.37859535217285,18.785697230586297,1.5955847387870827,116,97.0,63.864197530864196,12.72089084389203,60116.836936170235,12.414355078200709,1151.7592988287797,-1.7508173317012221,,18576.0,3.915771002710027,0.7854545454545456,0.00021618243729517944,False,23650,halfplane,1891.0,5077.9876543209875,6261.322270902089,0.032185256481170654,0.031424591317772865,0.009493638071227327,6167,23650.0,20935.753086419754,7979.598290472102,7424.0,5211.962962962963,1863.683631317452,8000,4.101945031712473,3.60079168832976,0.6141314482359135,0.01,0.06,1.5,0.003,0.003,0.15,True,0.03,0.0,0,True,66
0.4390204846858978,0.33431849725268503,0.08388035507347755,256,0.280120849609375,0.20438093020592207,0.14451835003334604,62.12267303466797,61.61700451226882,11.589479243081186,13.6989107131958,14.40607504197109,1.617665535714996,125,40.0,63.27160493827161,22.009544700379433,4886.369967213104,2.2121952359403516,6083.567935528117,3.559588665139956,,-309.0,0.5497723577235781,-0.0168318988996623,0.0567354367368914,False,18358,halfplane,9880.0,9292.296296296296,7847.851247071336,0.03934215381741524,0.043500266037881374,0.022872461941412233,6,18358.0,12989.765432098766,9333.78850116522,359.0,268.69135802469134,156.18860409381043,8000,4.534862185423249,4.335888850122741,0.8986256765182042,0.01,0.05,2.5,0.01,0.003,0.06,False,0.035,0.0,0,True,81
0.31642964482307434,0.31210460099909043,0.04600515581632102,256,0.255828857421875,0.23837883089795525,0.060946186903980126,11.70899486541748,13.171319349312489,2.7074151218825127,11.293390274047852,12.21611127735656,1.9925118652400595,134,11.0,17.320987654320987,17.99164906454036,276086.07336170215,35.74348119882273,313638.1703512298,42.794546283894476,,10714.0,2.8569004065040655,0.6490994866338498,0.0011276705650322507,False,16766,halfplane,46.0,456.61728395061726,3612.5768497713284,0.04996881261467934,0.05020136505733302,0.006143330523976663,485,16155.0,14626.74074074074,3761.158882932384,8312.0,7252.20987654321,2012.0510800037928,8000,1.036800668018609,1.0727055966584453,0.06173006804052554,0.013,0.08,1.2,0.01,0.003,0.01,False,0.04,0.0008,0,True,80
0.2714340090751648,0.1527983435648091,0.07990689352946259,256,0.0946502685546875,0.0413458553361304,0.05960603100914494,11.168950080871582,13.164859924787356,2.6349169825945538,9.155675888061523,10.604033128714855,2.373678475011052,143,89.0,50.148148148148145,19.574555864984152,69395.07445454545,7.375498083732883,67793.30025421275,7.640039115755328,,5979.0,1.6154819331526653,0.9638884410768982,0.02384784412450528,False,6203,halfplane,25.0,425.1111111111111,3616.051465000307,0.04577002674341202,0.045429711862478725,0.006056441399469375,20,6203.0,2304.5925925925926,2008.5337553461438,3607.0,1294.320987654321,1135.7112725062607,8000,1.21989359987103,1.2480497694516435,0.09191454154280251,0.01,0.05,1.0,0.01,0.01,0.15,True,0.035,0.0008,0,True,44
0.38136419653892517,0.3794224236482455,0.04386980664848801,256,0.3017730712890625,0.2883639865451389,0.03840527137431931,69.34964752197266,67.66626541702836,5.026828390647055,15.519060134887695,15.816672242717978,1.143064002767613,118,28.0,35.160493827160494,16.8906846926276,62492.226968523,9.53635494348237,1045.7592554907314,0.180992547702382,,684.0,1.170999096657633,0.03458562977195734,0.00011610286806249852,False,19777,halfplane,608.0,991.2592592592592,3561.9604526325065,0.03925453871488571,0.040041785411260744,0.004739737797617889,6643,19777.0,18493.654320987655,2864.4392817835287,4960.0,4687.691358024691,883.091338507823,8000,4.468675734438995,4.303473481870475,0.3742210526165312,0.013,0.05,1.5,0.01,0.03,0.15,True,0.04,0.0,0,True,74
0.3164617717266083,0.3194436079558031,0.04079095273824848,256,0.2671966552734375,0.24547699351369598,0.05592643671743605,8.585118293762207,11.120810143741561,4.763412974999495,8.305746078491211,10.039518509382082,2.9789807964369976,135,10.0,18.098765432098766,18.548970846478152,256129.32319354836,33.98704058568065,391250.5007103664,57.008630626653684,,13996.0,2.331145212285456,0.8016196510697244,0.0003248224772691692,False,17511,halfplane,55.0,501.679012345679,3609.4355765018922,0.03692319244146347,0.038682428637036574,0.006243562639637134,2374,17388.0,15590.172839506173,3583.152387473201,8423.0,7135.222222222223,1992.1109964613472,8000,1.033636000228428,1.0831575421157624,0.11674060698285509,0.01,0.06,1.5,0.01,0.003,0.03,True,0.03,0.0008,0,True,79
0.32541367411613464,0.1892714501347071,0.09912235010787535,256,0.1644744873046875,0.06757458345389661,0.0725242845016521,13.08275318145752,18.741114533977743,5.9574190335623625,9.418848991394043,12.692608609611606,3.5457662091331144,144,46.0,44.901234567901234,14.408163785195784,98406.20456281408,10.799571465995662,53176.12513096357,4.378029785355474,,11842.0,2.332168925022584,1.0986176825308471,0.017078430796837882,False,10779,halfplane,28.0,427.61728395061726,3615.7735834278733,0.05201835185289383,0.05478360940828735,0.007864290323868268,46,10779.0,4024.0246913580245,3571.227969377883,5896.0,2160.2345679012346,1929.0508973925457,8000,1.3889971240374803,1.4737961421976833,0.16445409489022603,0.013,0.06,1.0,0.01,0.03,0.15,False,0.04,0.0008,0,True,62
0.3529563844203949,0.2950817714502782,0.0923950004339704,256,0.2235870361328125,0.14950505009403936,0.09060151194349661,10.436566352844238,20.500186614048335,11.841665249408159,5.10846471786499,9.464390413260753,4.506561620927108,139,13.0,39.123456790123456,27.853400491049552,155899.9004390244,18.472182997507318,300330.17891848966,34.96156856127938,,11937.0,2.2230548780487807,0.8148122866894199,0.0017288391640542555,False,14653,halfplane,41.0,481.44444444444446,3610.0635198406067,0.039380695670843124,0.046664368315243426,0.011664946506598103,86,14650.0,9391.493827160493,5456.381374753054,6849.0,4111.0,2512.1542179601183,8000,2.0429946086125708,2.09333467299669,0.27416619584318513,0.01,0.05,1.5,0.003,0.03,0.06,True,0.03,0.0008,0,True,77
0.34503790736198425,0.34408083125764943,0.04859225226408948,256,0.132843017578125,0.13506175853587962,0.048985097419173965,53.429473876953125,52.03999620602455,4.55430650862122,14.993456840515137,16.259552519998433,1.5634187603749794,138,30.0,41.111111111111114,15.593604260310075,34181.35156892231,3.753820410882904,112768.65633174009,15.834644082611444,,27.0,0.289095980126467,0.0025264108255289575,0.0001197450683002921,False,8706,halfplane,969.0,1572.037037037037,3524.4109758970108,0.08027508109807968,0.08007097488016258,0.011848332691714794,767,8703.0,8438.308641975309,2012.3266040904632,823.0,796.1728395061729,161.86656523606078,8000,3.563519411899839,3.2350807362072387,0.402174614253416,0.013,0.06,2.0,0.003,0.01,0.03,True,0.035,0.0008,0,True,81
0.18474678695201874,0.18628472365714885,0.023367197979511894,256,0.4335479736328125,0.43415060161072533,0.020753587829244628,72.06381225585938,65.05065946225767,6.384452194553765,22.485218048095703,22.719574021704403,0.3089147353568708,119,1.0,5.012345679012346,18.637208122370566,374457.78016117215,49.140476770742595,363637.03224918025,46.48438726384474,,54609.0,6.728916214995484,1.9219723366064834,0.00023874334219834914,False,28413,halfplane,44.0,1024.7407407407406,4707.500631125173,0.030238667502999306,0.029515373187116636,0.003565957187930147,19353,28413.0,28042.296296296296,3388.5175550453446,8474.0,7880.259259259259,1342.819897999597,8000,3.204941400063351,2.867133972827377,0.30353644429408283,0.013,0.08,2.0,0.003,0.01,0.1,True,0.03,0.0,0,True,14
0.320080429315567,0.31341170032083254,0.052139582332290414,256,0.250335693359375,0.22081615306712962,0.06608250554945905,13.175728797912598,16.242803420549556,3.5000495838877512,12.836163520812988,15.593331784377863,3.049306734001025,142,9.0,19.530864197530864,19.115688353508784,270080.6490877193,35.69316138461031,408776.87909479236,53.68691782654897,,8579.0,2.6779227642276417,0.5229184444715349,0.0014292967279389078,False,16406,halfplane,49.0,448.5308641975309,3613.444866689259,0.0509847030043602,0.0526610521806611,0.0065222798344180336,422,16406.0,14066.827160493827,4128.528502960363,8153.0,6790.6543209876545,2086.125341928048,8000,1.0264537364378885,1.038262004483794,0.022360800013815366,0.013,0.08,1.0,0.003,0.003,0.1,True,0.04,0.0008,0,True,57
0.0,0.0013001710808847422,0.011185318479443703,256,0.0,0.006180563090760031,0.05521073468920717,0.0,1.0,6.740333728045823,0.0,0.5488595844786844,3.4769048044815682,152,0.0,1.4197530864197532,11.336452944864744,-22910.0,-0.9190346996386628,-807.0,-0.04047329494128281,,0.0,0.288607046070461,0.0,0.0072151761517615185,True,0,halfplane,0.0,404.61728395061726,3618.3362473942966,0.0,0.0009761261351314592,0.008730737571072353,0,0.0,0.5061728395061729,4.4169243999995835,0.0,0.24691358024691357,2.09956411818234,8000,0.0,0.04787714543812105,0.3351339307988507,0.01,0.06,1.0,0.003,0.03,0.01,False,0.04,0.0008,0,True,2
0.0,0.0031570272842123184,0.011960115243013882,256,0.0,0.006199777862172068,0.05520860659985475,0.0,6.3552139894461925,15.116236083984457,0.0,4.222971833782432,8.88793223702821,154,0.0,1.8888888888888888,11.339867397487179,-8776.0,-8.412786318105566,-775807.0,-88.46431325903193,,0.0,0.28810930442637744,0.0,0.009273975979523529,True,0,halfplane,0.0,405.14814814814815,3618.277525240022,0.0,0.010786548072909132,0.023913666920063928,0,0.0,1.4691358024691359,4.753391043629428,0.0,1.1728395061728396,3.4846758832463554,8000,0.0,0.28809881819141075,0.7113925852439043,0.01,0.06,1.0,0.003,0.03,0.06,True,0.04,0.0008,0,True,9
0.35974186658859253,0.3549184683296416,0.04442723964598555,256,0.2735137939453125,0.2597893608940972,0.04750473895224408,68.2792739868164,60.89178655176987,6.752635657758725,14.375048637390137,14.842703948786228,1.4267808257326149,131,32.0,47.03703703703704,19.61068267989332,45531.76071662764,8.682787539752601,849.312314400333,0.0001603401374124502,,459.0,1.2344329268292697,0.025692804830608873,0.0002436315968241166,False,17925,halfplane,777.0,1431.716049382716,3587.9852086712467,0.035701505839824677,0.03544935045970811,0.0049541773484644315,1775,17917.0,16616.0,3168.5350043946296,4260.0,4018.432098765432,950.3539943227601,8000,4.749846582984659,4.158613942239698,0.6477391295410942,0.01,0.05,1.5,0.01,0.003,0.03,False,0.035,0.0,0,True,81
0.2842436134815216,0.2674417343036628,0.06930230226152713,256,0.62286376953125,0.2887997097439236,0.2368562092491672,66.25139617919922,63.139480496630256,9.973745886520334,15.819632530212402,16.00441539434739,2.5605460456034055,132,54.0,71.58024691358025,17.840074321338616,4115.825910750544,-0.2857633024890162,70259.58913487825,11.940405282351495,,-39.0,-0.28864950316169846,-0.012368164585439656,-0.0007582734609395658,False,40820,halfplane,38625.0,13497.802469135802,14458.435706261334,0.025147512555122375,0.04522813887645801,0.04275718771170985,655,38890.0,17566.58024691358,14887.473893677141,922.0,769.7777777777778,400.47826346279123,8000,4.187922586967173,3.98976109629385,0.5189986999400025,0.01,0.06,2.5,0.003,0.01,0.01,True,0.03,0.0,0,True,80
0.3095915615558624,0.30936831750987487,0.03617690720308276,256,0.3689422607421875,0.3683914372950424,0.03865611632634348,59.4466667175293,52.741402143313564,5.371301892783315,15.481630325317383,16.517912134712127,1.3301605025955925,126,35.0,29.45679012345679,23.57287067100656,109432.28018556704,15.525212119950499,0.5226337448693812,-0.04482562756244945,,7373.0,1.6125390695573625,0.30502253351541175,7.457796517637474e-05,False,24179,halfplane,307.0,1649.1851851851852,5023.748681767262,0.035178087651729584,0.034874619985068286,0.00403599170774479,11507,24178.0,23738.024691358023,3540.480493216581,6952.0,6381.259259259259,1347.975269745838,8000,3.8398196782331775,3.2300518488961405,0.48379685847231785,0.013,0.06,1.5,0.01,0.003,0.15,True,0.035,0.0,0,True,51
0.2115209549665451,0.21274337761196088,0.026106150402249933,256,0.5165252685546875,0.5110334231529707,0.02309323701572058,68.56208038330078,61.48982097484447,6.421345319088892,19.71421241760254,20.14063882239071,0.6007601384023404,117,1.0,5.049382716049383,18.735917335011717,250246.38958944276,32.054777474438836,0.5102880659978837,-0.08710294045727272,,56962.0,5.534843721770554,1.6818401680194786,0.00016448390471878154,False,33851,halfplane,175.0,1055.6666666666667,4226.294141779475,0.035195156931877136,0.03454513974303817,0.003940584298068756,21450,33808.0,33009.049382716046,4037.712568730568,4400.0,4240.283950617284,525.0489744251353,8000,3.477799769578447,3.0620778510711375,0.3598829790192831,0.018,0.08,2.0,0.01,0.01,0.03,True,0.035,0.0,0,True,39
0.35819539427757263,0.36685677663779553,0.04269519011246723,256,0.168792724609375,0.17728132083092207,0.0425667235306956,49.57566452026367,49.56074010589976,3.346082575510557,14.249493598937988,14.522305759382837,1.2492482400792078,140,35.0,38.74074074074074,21.834833297516045,36714.76290556902,4.0702514304567465,21415.89844522602,3.34785027915302,,249.0,-0.018473351400180683,0.022509491954438632,-1.4953672500619985e-06,False,11062,halfplane,1020.0,1557.148148148148,3527.820381583903,0.08015669882297516,0.0819093922590032,0.010793269929374722,2790,11062.0,11213.74074074074,1939.6712320236625,1564.0,1367.2222222222222,232.74831423187103,8000,3.479117700235039,3.4351603073970938,0.2902206295452218,0.018,0.06,2.5,0.01,0.03,0.06,False,0.04,0.0008,0,True,79
0.21799425780773163,0.22039722310908047,0.0293369778946494,256,0.37164306640625,0.3717781349464699,0.035201253617371794,67.3292007446289,63.31053058012032,5.231985950662459,19.047435760498047,19.34643253279321,0.6524798797672496,129,1.0,5.617283950617284,20.063213620236013,489770.96254545456,61.639538066413024,2336.344356328482,0.2042648386168457,,22010.0,3.5190510388437226,0.9036904955766856,0.00014794961972910164,False,24356,halfplane,26.0,753.8765432098766,4174.378201298305,0.03479577228426933,0.034590819459638475,0.004088769535063107,9785,24350.0,23951.320987654322,3417.3512334149204,10376.0,9679.79012345679,1877.260018797092,8000,3.5348168829035966,3.282143961133209,0.3114373775777202,0.013,0.08,1.0,0.01,0.01,0.03,False,0.035,0.0,0,True,44
0.3653889000415802,0.3541409996924577,0.06027440592784004,256,0.3353118896484375,0.2829233805338542,0.08751661452875235,9.156359672546387,14.073741159321349,8.060934834934635,7.841120719909668,10.589501216087813,3.8431587926608985,145,7.0,18.469135802469136,15.559591872962562,160782.3635652174,23.983833887641755,343394.47161937767,47.067647223699225,,12141.0,2.140688572719061,0.5524004177861253,0.0009778522556425718,False,21975,halfplane,75.0,526.6296296296297,3605.3511855945135,0.03748511150479317,0.04110612154558853,0.008434785233560775,561,21975.0,18137.123456790123,5871.747011955875,7575.0,6176.765432098766,2154.725786865428,8000,1.16773606370876,1.2673511371362434,0.2214759970344758,0.013,0.05,1.5,0.003,0.01,0.06,False,0.03,0.0008,0,True,69
0.3556860387325287,0.34855468212454405,0.050913859592620986,256,0.25030517578125,0.18542197898582177,0.06725191321815559,8.079188346862793,18.70715344393695,10.209789053040927,7.350582599639893,11.4054711483143,3.413886682956279,148,14.0,45.135802469135804,25.596948644547435,148671.47988405798,17.656899879324346,239874.26034364034,30.6998579265843,,7750.0,1.540584236675702,0.4723395737242029,0.00011785341733118725,False,16404,halfplane,81.0,933.2222222222222,3597.1335741972775,0.03618735820055008,0.04574286206452935,0.011700914024732043,338,16404.0,11747.246913580248,3979.6011697025474,6958.0,3804.3456790123455,2337.275691544281,8000,1.0991221653255303,1.5350711820484098,0.47300118588892553,0.01,0.05,2.0,0.01,0.003,0.1,False,0.03,0.0008,0,True,74
0.370207279920578,0.26427244477801853,0.10060941755717942,256,0.260009765625,0.3256376290027006,0.2554358294851368,57.92852020263672,54.440235608889736,6.007996027221653,20.336265563964844,19.038713455200195,1.7186402946006252,137,86.0,61.82716049382716,18.55042518793718,10072.922206185583,6.628837871445435,226996.55337788048,19.357274216392877,,-478.0,1.1198597560975607,-0.02805164319248843,8.968246240104611e-05,False,17040,halfplane,9534.0,15456.79012345679,16289.838321364603,0.04691876471042633,0.04467061820819422,0.027087392545650145,1125,17040.0,20935.9012345679,16854.993398378454,738.0,1162.8148148148148,537.3734961350648,8000,2.848532863849765,2.8982649410773846,0.4800340400900677,0.013,0.06,2.0,0.003,0.003,0.1,True,0.035,0.0,0,True,79
0.37065503001213074,0.33130920338041986,0.0753642590297171,256,0.2523651123046875,0.19760941870418597,0.08196700548397902,9.380494117736816,11.387311864782262,3.2370210200627634,8.908130645751953,10.268594047169627,2.475478779853053,153,11.0,43.71604938271605,34.64430709398375,180845.09724242426,24.355844699403153,301946.5938597103,38.18413761567292,,8895.0,2.1685582655826567,0.5723684308435812,0.0016164750076732171,False,16539,halfplane,47.0,462.679012345679,3612.021836702926,0.04234575852751732,0.04375698996914758,0.005273497060618008,556,14670.0,10996.604938271605,4637.756494331753,7506.0,5616.938271604939,2326.2217145675104,8000,1.053026180542959,1.101143262356283,0.05754467846276427,0.013,0.05,1.2,0.01,0.003,0.01,True,0.035,0.0008,0,True,79
0.1756334900856018,0.17549467068395497,0.01996948401601168,256,0.60003662109375,0.5989357277199074,0.011187684119639357,42.78285598754883,38.96405952359423,2.718632948318939,20.962047576904297,21.193839532357675,0.4609152874977576,128,1.0,3.3580246913580245,14.845133585114153,201869.15268783073,23.148945021571343,18788.358354140655,2.086145212934096,,96855.0,12.572624661246612,2.4629996948428436,0.000285398044468088,False,39324,halfplane,36115.0,35787.06172839506,2199.3830691988364,0.030125882476568222,0.02963870858060725,0.003348915886989814,32768,39324.0,38267.11111111111,4424.742841101225,618.0,633.0864197530864,311.8205481683677,8000,2.040967348184315,1.8412315622177857,0.1512693796049427,0.018,0.08,2.5,0.01,0.003,0.1,False,0.03,0.0,0,True,6
0.3094034790992737,0.3087384735728488,0.04397905794912998,256,0.43133544921875,0.4264780680338542,0.07320886285519755,86.71338653564453,87.79128001648702,7.3344517686839685,20.08418083190918,20.683492943092627,0.8101947033615465,121,9.0,34.53086419753087,26.740678043313068,102247.21679012344,14.426178537010248,8536.124423072673,-1.3466339838950774,,7339.0,1.0328154923215902,0.23113456356781192,3.899078898932887e-05,False,28268,halfplane,326.0,3602.4074074074074,7385.580122617279,0.030187662690877914,0.030103484007679385,0.0055414026857720676,7897,27418.0,26683.432098765432,5442.540921066941,5990.0,5094.814814814815,1408.206732079615,8000,4.317496816187916,4.2549966560034145,0.3762089643585324,0.013,0.05,1.2,0.003,0.03,0.01,False,0.03,0.0,0,True,76
0.27616408467292786,0.29413593698430945,0.043784912382534465,256,0.3124847412109375,0.2852986653645833,0.049794662637577855,9.22095775604248,12.923635129575375,5.325849340627356,9.05862045288086,11.854562088295266,3.495967250156242,151,1.0,19.530864197530864,25.233275316608818,255883.8973962264,39.800321366060714,684609.9500144165,88.20603401185193,,18541.0,2.6816117886178863,0.9053664729723132,0.0001569545276042651,False,20479,halfplane,50.0,957.5802469135803,3718.9926249987375,0.042283136397600174,0.04513264189899704,0.007474412097649091,7007,20479.0,18292.69135802469,3515.2224439807587,9313.0,7383.456790123457,2617.7456612318815,8000,1.017920796913912,1.065783995437009,0.09917805702936638,0.013,0.08,2.0,0.003,0.003,0.1,True,0.035,0.0008,0,True,63
0.1845742017030716,0.18967388147189293,0.029768758133963274,256,0.333038330078125,0.33561668866946376,0.03418668207585287,77.12618255615234,72.57266583854769,6.368923236794491,21.872276306152344,22.072888598029998,0.38560689076660765,136,1.0,7.37037037037037,22.933314192737733,555276.4924712041,75.31657256565443,219320.7520251245,26.029424318091987,,24839.0,3.4576635049683833,1.1380463667185925,0.0001610613774435733,False,21826,halfplane,13.0,1002.6296296296297,4979.363109267781,0.029915111139416695,0.02964194594985909,0.0034679214531398426,13319,21826.0,21588.46913580247,3064.6157316017184,11156.0,10269.864197530864,2188.5340928084374,8000,3.526207275726198,3.2931432692569933,0.31378468166187545,0.01,0.08,1.2,0.003,0.01,0.06,False,0.03,0.0,0,True,15
0.3182351589202881,0.3290895098521386,0.040557451185450386,256,0.349365234375,0.31207652150848764,0.06831550365770879,8.744060516357422,14.45300324757894,10.1904434339051,7.8523688316345215,10.32811853620741,3.7383657679295332,150,11.0,20.74074074074074,20.904118430408346,203779.9214098361,27.072663557803434,388795.145115351,53.09838384278628,,18385.0,2.881293134598013,0.8028841352426359,0.0001756812178258259,False,22896,halfplane,84.0,751.2592592592592,3611.4517780430515,0.03657625615596771,0.04141200494803028,0.009843459625820214,4275,22896.0,20047.679012345678,4813.716556066852,8224.0,6471.469135802469,2409.230126949885,8000,1.1135569531795948,1.2924546575541314,0.36000671472543366,0.013,0.06,2.0,0.003,0.01,0.06,False,0.03,0.0008,0,True,62
0.34203043580055237,0.33663228264561407,0.03911512196595099,256,0.4531097412109375,0.44313670970775465,0.039700635853672235,71.7135238647461,69.66644310656889,6.0702829131260545,15.39770221710205,16.423154206923495,1.4411452387087509,122,26.0,27.51851851851852,20.489148655325515,68529.47372413799,10.43807308993477,0.5006858711130917,-0.01722566625748229,,3328.0,1.3492635501355015,0.11213282593641072,5.1712148291628016e-05,False,29695,halfplane,986.0,1859.1234567901236,4692.387566173342,0.04047946259379387,0.03983964927402543,0.0049469426498522685,12536,29694.0,28635.14814814815,4109.5404660679105,4904.0,4868.913580246914,860.9915644262189,8000,4.657417073581411,4.292126453571079,0.5729033778043654,0.018,0.06,1.5,0.01,0.01,0.1,False,0.04,0.0,0,True,61
0.1492753028869629,0.06709444229663522,0.0437554815388761,256,0.022552490234375,0.012347374433352624,0.054914765685606985,15.52029800415039,16.98832568415889,4.964276867570671,11.966093063354492,13.277360657115041,2.9406421615905782,168,89.0,47.55555555555556,27.572575388966605,23544.916363636363,-7.620236394414919,35558.01981930845,-2.813158788940903,,772.0,0.3973150406504066,0.6479840906614363,0.007915352194839971,False,1478,halfplane,21.0,420.85185185185185,3616.5321535358016,0.053297728300094604,0.056965222743190366,0.016167576827925523,4,1064.0,268.85185185185185,312.2790027891571,763.0,214.02469135802468,227.18214671359755,8000,1.2970230040595399,1.2777303535996591,0.19054445224595373,0.01,0.06,1.0,0.003,0.01,0.01,True,0.04,0.0008,0,True,64
0.2895503044128418,0.28748058021804435,0.03288692419278967,256,0.5144500732421875,0.5109919795283565,0.04116528782899229,52.4512825012207,45.89776093282817,5.057784575668732,19.241344451904297,19.90297684846101,0.6651212890421588,133,1.0,4.530864197530864,15.927370974732238,166397.48334383208,20.04040608988522,0.510288065765053,-0.15094902721070297,,26232.0,3.5751395663956647,0.7780743904609362,0.00011243151144606991,False,33715,halfplane,381.0,1352.4074074074074,4550.812861260803,0.03531544655561447,0.03469401025385768,0.0039719348801823245,10372,33714.0,33078.0,4591.219381319891,4208.0,4007.432098765432,654.0998515209988,8000,2.7259676701764795,2.314726622370339,0.30221899750587305,0.018,0.06,1.0,0.01,0.003,0.06,False,0.035,0.0,0,True,43
0.3240754008293152,0.3111493398009995,0.0603439492803881,256,0.249786376953125,0.20830733687789352,0.07680203025480906,10.613072395324707,14.194357083167558,4.296252208749944,10.399617195129395,13.507875642658751,3.6028179186551164,159,8.0,21.419753086419753,19.023613784465745,277936.00779723504,31.540872922207047,436867.00560800446,62.0161178001543,,10854.0,2.3344004065040647,0.6630421502748933,0.0016841675937990992,False,16370,halfplane,34.0,449.7901234567901,3613.302124082963,0.03853282704949379,0.04134649884553603,0.006567192442599445,395,16370.0,13247.012345679012,4791.559800402708,7966.0,6223.382716049383,2341.367847378601,8000,1.0205253512522907,1.0432617346561943,0.03587514148201347,0.01,0.06,1.0,0.003,0.003,0.15,False,0.03,0.0008,0,True,61
0.2775461673736572,0.27759293126471246,0.03450174532555941,256,0.606597900390625,0.5971150339385609,0.026036750263854734,93.57682037353516,91.11750784038026,9.457245143758938,20.910804748535156,21.809352804113317,0.7478062155282222,109,9.0,17.25925925925926,24.0830752403332,59987.932368420996,7.333199253782399,17330.47578932182,-3.9754133264240017,,22054.0,2.3595011291779584,0.554923962941622,6.0567859604617675e-05,False,39754,halfplane,32241.0,27243.543209876545,5961.422849981459,0.02945716306567192,0.02972033652074543,0.003532204389596756,30649,39752.0,38658.87654320987,4629.002744059621,1462.0,1540.1604938271605,461.82473445328,8000,4.475046536197615,4.193363995776175,0.5065247648873993,0.018,0.05,2.0,0.003,0.03,0.15,False,0.03,0.0,0,True,41
0.218300461769104,0.2213370513032984,0.028846934309614682,256,0.3720245361328125,0.37144545566888504,0.03010585266096369,51.3590087890625,46.53672668080271,3.7982102645562024,22.302284240722656,22.540165677482698,0.35107041332254085,146,1.0,3.740740740740741,12.90686273360582,459504.6642105263,61.686921515804556,228925.07556857914,27.143100848470233,,20691.0,0.9664078590785902,0.8486526393503135,4.236040159631918e-05,False,24381,halfplane,21.0,566.5308641975308,3678.438440447048,0.03483378887176514,0.0346611061213929,0.004132577388877334,10140,24381.0,23925.85185185185,3210.923347494334,10309.0,9338.604938271605,1713.7378156288535,8000,2.3028587834789387,2.067408938221302,0.19035902131083088,0.013,0.08,1.0,0.003,0.003,0.15,True,0.035,0.0,0,True,26
0.35065850615501404,0.3136288239448159,0.08124601864854876,256,0.2741546630859375,0.21167029863522377,0.09485414134569747,11.048311233520508,14.382998042636448,4.320334694880553,9.936676979064941,12.178604973687065,2.9343585960638476,162,5.0,24.617283950617285,20.246364039516,229557.0074567901,29.178152206184816,187490.05175876932,25.972262679279762,,13485.0,3.0376833785004513,0.7505426615461681,0.0031680809151724233,False,17967,halfplane,43.0,446.2098765432099,3613.7045754213186,0.04397004842758179,0.046481727725929685,0.006730500740225215,231,17967.0,13467.469135802468,6037.167282116447,8233.0,6075.7037037037035,2739.7962727020795,8000,1.1118717649023209,1.1684666254312257,0.07843403180140973,0.013,0.06,1.0,0.01,0.01,0.15,True,0.035,0.0008,0,True,70
0.3817816376686096,0.3446919363865882,0.08456882878319501,256,0.331634521484375,0.260552677107446,0.10836294945524327,11.839192390441895,15.965835924501773,5.876319167518601,7.830822467803955,9.686548874701982,2.85045187861796,160,11.0,29.08641975308642,25.081200244413157,193724.2271034483,23.73842142120765,153252.31745278044,20.539704315476186,,16100.0,2.700785004516712,0.7407748228581945,0.002481408860238678,False,21734,halfplane,87.0,474.641975308642,3610.5599966074888,0.05037318915128708,0.05246313863698347,0.007350041898314637,160,21734.0,16671.04938271605,7129.464116618719,7653.0,5897.493827160494,2451.052447789265,8000,1.5118708015091562,1.626056276872389,0.17255263302096965,0.018,0.06,1.5,0.01,0.03,0.15,False,0.04,0.0008,0,True,62
0.32608845829963684,0.2486834959299476,0.06535904968338495,256,0.0491180419921875,0.040821216724537035,0.0538522136462842,50.08946990966797,47.87047138920537,7.728770996446653,15.581562042236328,14.681503513712942,1.981071721747041,175,74.0,55.69135802469136,21.07461287977343,24537.87466666667,6.1548257561522455,28532.200602676152,5.891855209739821,,155.0,0.3128538843721769,0.05017778366933223,0.00013312179943289379,False,3219,halfplane,276.0,796.0370370370371,3580.9070422927543,0.06954789906740189,0.07744912343260682,0.013622415173377719,283,2981.0,2041.111111111111,1033.6713545106115,629.0,363.4567901234568,124.64359554619864,8000,3.2146629388008696,3.264352197235908,0.3879460219150033,0.01,0.05,1.5,0.01,0.03,0.01,True,0.035,0.0008,0,True,81
0.2724805474281311,0.2853679057256675,0.04020265260264107,256,0.309173583984375,0.2920119674117477,0.046152483055285874,9.005330085754395,12.245379577448338,6.798241252580212,8.325697898864746,9.842750773017789,2.5514698764512964,163,1.0,11.296296296296296,22.901530729175487,340351.70377777773,45.85390265888603,381938.05070821964,53.139455508670906,,23489.0,3.017954155374888,1.1592636462343302,0.00019992491009483598,False,20262,halfplane,43.0,529.2592592592592,3609.764329292364,0.042188648134469986,0.04445542611273719,0.00745987791490719,4176,20262.0,18732.728395061727,3348.4576401988525,9676.0,8352.345679012345,2241.4440349889405,8000,1.0816306386338959,1.1951819460633115,0.29784267176810925,0.013,0.08,2.0,0.01,0.01,0.1,True,0.035,0.0008,0,True,59
0.3968777656555176,0.2947320902697098,0.08951661310093298,256,0.2663726806640625,0.2667963475356867,0.19340896850911585,47.656185150146484,49.681952394085165,6.674715658699686,20.00466537475586,17.77394406589461,1.8021004049355436,158,88.0,66.53086419753086,18.391548260038107,8885.300892561965,2.939972815550738,303267.49859396426,28.17375448663249,,-55.0,0.5593051038843713,-0.012877121985141349,0.002630111275827172,False,17457,halfplane,7132.0,12384.592592592593,11498.589134901658,0.042293913662433624,0.041619942546534686,0.030474990816923824,117,16555.0,16167.777777777777,11992.060867584514,422.0,709.4814814814815,385.6345455784326,8000,2.382253537262989,2.819188379057712,0.41268931499219846,0.01,0.05,2.0,0.003,0.003,0.01,False,0.03,0.0,0,True,81
0.23813654482364655,0.25134233946417583,0.03788980528226586,256,0.347991943359375,0.33148965717833717,0.042429179933513,9.31158447265625,11.51361205254072,3.0648610615161083,9.174010276794434,11.04730130419319,2.4360448516854962,166,1.0,5.925925925925926,17.093625826481272,472349.45685714285,59.109621255535025,700662.51872428,96.31281378149394,,32441.0,4.959719512195123,1.4224765412610711,0.0003052103466117481,False,22806,halfplane,22.0,466.24691358024694,3613.079212503347,0.03738251328468323,0.0388590834207005,0.0051786867170875986,3662,22806.0,21319.827160493827,3447.9643441130092,10401.0,9504.246913580248,1982.3688942426543,8000,1.0149960536700868,1.0352365448682401,0.04965277165396526,0.013,0.08,1.5,0.01,0.003,0.1,True,0.03,0.0008,0,True,46
0.26254570484161377,0.27611052723210533,0.04406902044896682,256,0.441986083984375,0.4065376564308449,0.07361456126726466,13.303009986877441,17.116842305218732,5.428078117244428,12.672574996948242,15.185125139024523,2.5563720581847065,164,1.0,6.9753086419753085,17.625721460510647,319533.0830526315,41.99189232715242,469389.20636204537,64.366377921014,,74629.0,6.864614498644988,2.7941817295172644,0.00038025421670427807,False,28966,halfplane,51.0,484.7654320987654,3609.559058846231,0.040974073112010956,0.0436064142871786,0.0076793387966961005,905,26056.0,23521.024691358023,5131.305241444112,7424.0,7192.876543209876,1464.607252648814,8000,1.049747980390803,1.1089187837050232,0.15063987039311869,0.018,0.08,1.0,0.003,0.03,0.01,True,0.03,0.0008,0,True,64
0.3143271803855896,0.32030754950311446,0.040397035679248905,256,0.257537841796875,0.24468598542390047,0.047469328909116267,11.174783706665039,14.406169373312114,5.242808227632449,10.692063331604004,13.060637839046525,3.107830878024687,172,11.0,16.728395061728396,14.516922730810455,272588.8185271967,33.383777594489075,449609.6719665794,59.59397225508357,,9862.0,1.7271135953026193,0.5843109373148476,0.00025852635193853547,False,16878,halfplane,33.0,512.4938271604939,3608.5385404773006,0.048660967499017715,0.05136035102201097,0.007554477129408035,1909,16878.0,15631.185185185184,3038.440824620218,8307.0,6931.172839506173,1841.7945944516173,8000,1.0451475293281194,1.082893232441189,0.12101311257582954,0.013,0.08,1.5,0.003,0.003,0.06,False,0.04,0.0008,0,True,63
0.2579422891139984,0.2608458878081522,0.035919648369381364,256,0.333892822265625,0.33152526101948304,0.03328490664699296,76.81194305419922,75.58911274097584,5.797420810342503,17.393993377685547,17.65299978373963,0.8753365899629539,147,1.0,7.518518518518518,18.669385457501487,323507.9375019456,43.024672383697684,0.5089163237717003,-0.021730685360880762,,25218.0,3.635553748870823,1.152454071839868,0.00017204923193692774,False,21882,halfplane,46.0,725.8888888888889,3713.4306457094126,0.030069205909967422,0.029945087791592988,0.003930474936662655,8229,21882.0,21321.58024691358,2987.9953760033204,9760.0,8993.851851851852,2089.4674382681796,8000,4.416004021570241,4.301068944964749,0.3905510802852307,0.01,0.06,1.0,0.01,0.03,0.1,True,0.03,0.0,0,True,36
0.36310407519340515,0.33629895121227077,0.06636192570298961,256,0.1946258544921875,0.20360273196373457,0.09857741857301755,64.89714050292969,66.06851408216689,5.644415069080464,14.595647811889648,15.09203596468325,1.4053481397504868,161,59.0,58.08641975308642,15.790446815673779,17890.362782608718,1.9305868641409476,9654.67492014158,0.7045996418390027,,-398.0,0.24051332429990885,-0.031203449627597024,2.7430710857441307e-05,False,12755,halfplane,7597.0,6387.728395061728,5748.233164966723,0.03842756152153015,0.04238971372215468,0.013927776609162484,703,12755.0,12938.765432098766,6253.960807718903,1031.0,914.6172839506173,275.0065125110445,8000,4.446334770678165,4.419725055580972,0.4995781134319307,0.01,0.06,2.0,0.01,0.01,0.15,False,0.04,0.0,0,True,81
0.3004675805568695,0.31217990429313097,0.04084090743763281,256,0.491851806640625,0.4724107907142168,0.047917210838958196,8.286591529846191,10.105233851774239,3.8572085307316386,8.1885347366333,9.618287804685993,2.738405104886721,165,1.0,7.580246913580247,18.26070746099588,184211.37837465567,24.80089600536895,942545.9525769155,115.26851014655419,,40061.0,5.708010388437218,1.242818142334181,0.00020231667383425385,False,32234,halfplane,188.0,999.8641975308642,3832.1585019446707,0.036448873579502106,0.03782755849354061,0.005456935881089874,8899,32234.0,30555.320987654322,4635.739209707953,5333.0,5059.716049382716,917.7658491902758,8000,1.011974933300242,1.0359912171640469,0.082409600466088,0.018,0.06,2.0,0.01,0.003,0.06,False,0.03,0.0008,0,True,45
0.32353731989860535,0.31651736078438936,0.05596137570340303,256,0.33856201171875,0.2847357855902778,0.0942707103576623,10.199928283691406,13.220521067395623,4.233807236094883,9.518274307250977,11.451392632943612,2.9239702465124275,178,1.0,16.382716049382715,22.95759262836028,281894.49129411764,36.369132092840495,287685.7948694199,43.38790752840684,,24548.0,5.065759259259259,1.1063638002523888,0.0013861129184552083,False,22188,halfplane,52.0,454.679012345679,3612.7591071233537,0.038393668830394745,0.04033198295000159,0.005822525507467713,514,22188.0,18255.88888888889,6312.4322130573755,9185.0,7394.716049382716,2621.796496677294,8000,1.071615287542816,1.1405981560735914,0.07992681197992337,0.013,0.06,1.0,0.01,0.01,0.1,False,0.03,0.0008,0,True,62
0.25312450528144836,0.25748249152560293,0.03672100353165799,256,0.452392578125,0.4397123360339506,0.03902701525530143,58.545265197753906,52.17344349990656,6.037660683565239,16.509098052978516,17.555239100515106,1.1064505844556292,149,1.0,9.901234567901234,25.3258297553472,142350.94645430805,18.479333526768052,0.4938271604478359,-0.04618228310791181,,22374.0,1.1112409665763323,0.7539169203431686,3.2183527219861315e-05,False,29648,halfplane,240.0,1037.8271604938273,3890.8026808090262,0.039585359394550323,0.04043666981620553,0.005386090603326327,13334,29627.0,28386.765432098764,4074.0693924028474,6282.0,6193.925925925926,824.9322273364138,8000,3.546242579600648,2.9991158757313556,0.4654863113310292,0.018,0.08,2.5,0.01,0.003,0.03,True,0.04,0.0,0,True,72
0.17344847321510315,0.17297653357187906,0.019577356275866705,256,0.60028076171875,0.5980058834876543,0.01774471609681154,83.49267578125,73.51459620911398,9.573338074426479,20.105295181274414,20.44275498095854,0.5572221018311896,141,1.0,4.530864197530864,18.02199370984948,258736.99871186446,31.862116772532943,2129.7775912359357,-0.06371966207342301,,259780.0,34.90983739837398,6.543011927430329,0.0008740830548154446,False,39340,halfplane,36970.0,35404.567901234564,2350.7205248880955,0.029851818457245827,0.029604298166102834,0.0033476486402235807,31796,38066.0,36649.06172839506,4426.432697815294,563.0,719.2962962962963,459.93312569300696,8000,4.152770716827656,3.6072194911960778,0.5097988560338629,0.018,0.08,2.0,0.01,0.03,0.01,True,0.03,0.0,0,True,14
0.221378356218338,0.28346442293237756,0.09215002451623176,256,0.01116943359375,0.24893150800540123,0.21184878116375194,55.918033599853516,55.10675378493321,5.686545694959231,14.766233444213867,16.994640738875777,2.0165187346960654,169,48.0,72.18518518518519,21.558482682762957,332173.58869841264,9.258466752113389,262091.5911910301,13.031061629959185,,28.0,0.8517226738934063,0.039974068436777754,0.00010584991889763575,False,732,halfplane,47.0,11845.839506172839,12749.645746186601,0.0538053885102272,0.05131177606498018,0.029994050297238922,591,729.0,15907.654320987655,13877.01080627752,567.0,808.8641975308642,402.9083390869908,8000,3.7868852459016393,3.300391324138997,0.5385862554892066,0.013,0.06,2.0,0.003,0.003,0.06,True,0.04,0.0,0,True,81
0.2837730944156647,0.295548419157664,0.04464617974095301,256,0.2928314208984375,0.2618572093822338,0.06618024745811066,11.354228973388672,17.254282068323207,9.183516405705511,9.151959419250488,11.929723115614904,3.197775998486385,180,1.0,13.777777777777779,24.460095999327077,328546.6906666667,43.793513308128,273559.76329234533,34.43999691245791,,26506.0,3.942904923215899,1.3811682559533116,0.000786479001201979,False,19191,halfplane,34.0,466.91358024691357,3611.690453347744,0.0438905768096447,0.04857025502456559,0.009320492372134056,601,19191.0,16756.53086419753,4390.4214063789605,9354.0,7743.419753086419,2363.5427471561643,8000,1.2406336303475587,1.3833213111828102,0.30011047982689487,0.013,0.08,1.5,0.003,0.03,0.06,False,0.035,0.0008,0,True,54
0.3704252541065216,0.3583405551351147,0.041932754789465516,256,0.3448638916015625,0.34968623408564814,0.04362203605457256,66.4969253540039,66.60917437518084,4.897193546878404,14.566625595092773,15.367166401427468,1.407959627142724,155,44.0,46.03703703703704,14.5521153224077,57135.47321113688,7.517002299092218,0.49108367622829974,0.0015168879687290214,,109.0,1.245374661246613,0.00482279545152875,6.143715883301277e-05,False,22601,halfplane,1024.0,2283.222222222222,3855.4928236971537,0.036902956664562225,0.03519472645388709,0.004764680701415483,10389,22601.0,22512.395061728395,3646.1584813453633,4943.0,4438.3456790123455,941.428152821963,8000,4.565019246935976,4.378006779640562,0.4788456655683476,0.013,0.05,1.5,0.01,0.01,0.15,False,0.035,0.0,0,True,66
0.17695307731628418,0.17726668108392646,0.022771549789213096,256,0.6006011962890625,0.5977668291256751,0.023203593411179176,57.31437301635742,51.91672459355107,4.408897677842528,20.55611228942871,20.584504539583936,0.5105245019785464,156,1.0,4.753086419753086,19.145015703218483,299949.9073254438,36.782115311257954,2970.776198481908,0.3799299845991412,,189478.0,25.79186111111112,4.93099748823974,0.0006962510410632001,False,39361,halfplane,36185.0,35137.7037037037,3364.7936500282194,0.029935332015156746,0.029679157414738044,0.003403644000933053,28509,36987.0,35975.32098765432,4307.888565987627,590.0,716.7654320987655,419.70340119887015,8000,2.7881913569269074,2.5263612014172425,0.2324076845414683,0.018,0.08,1.0,0.01,0.01,0.01,True,0.03,0.0,0,True,4
0.36371418833732605,0.34726230266653463,0.05501475210478366,256,0.2064056396484375,0.1932058452088156,0.05810154787479533,66.85118865966797,66.5730211234387,4.843201725070731,15.20540714263916,15.538382282963505,1.2834086888687137,176,31.0,27.814814814814813,23.334979365809254,173462.97590977442,18.93854469103357,670.2938392197248,-0.023713880756207433,,2506.0,2.1196556007226746,0.18493469469690305,0.0007661861694534246,False,13527,halfplane,73.0,482.12345679012344,3609.7217477070903,0.039637111127376556,0.03992893036316942,0.004681536963283252,1394,13526.0,12254.95061728395,3364.455382710953,5748.0,5089.728395061728,1411.0032418293658,8000,4.396540252827678,4.314737559734832,0.38756473022140925,0.01,0.05,1.0,0.01,0.03,0.03,False,0.04,0.0,0,True,79
0.2834933400154114,0.3106561382243663,0.08263281671083418,256,0.1300811767578125,0.24545495304060572,0.16880834710214823,53.395660400390625,57.64722197732808,9.405161815409269,13.204479217529297,14.475543752128695,2.484203120944298,171,89.0,72.54320987654322,18.43175559701383,29992.312785388145,2.6240271232279513,11022.44285714277,44.404465498057945,,-1089.0,0.23706165311653163,-0.10484352798917618,5.472627468905356e-05,False,8525,halfplane,6712.0,11755.666666666666,9852.509855079794,0.012856250628829002,0.03942009833077958,0.026589392308479357,326,8213.0,14879.0,10535.032343051245,827.0,472.2962962962963,288.36617001821475,8000,4.04375366568915,4.0273318460280505,0.49156713839032323,0.01,0.05,2.5,0.003,0.01,0.01,True,0.03,0.0,0,True,81
0.2438313513994217,0.2643704147618494,0.04245376953332442,256,0.2578277587890625,0.2297581802179784,0.06306728782144418,10.558916091918945,16.544464229065696,9.23159286345522,9.319090843200684,11.855370709925522,3.1543831959139563,185,1.0,11.185185185185185,20.10350446147072,475938.7026666667,56.96384403895873,302780.4236647326,41.509418820385626,,32046.0,4.755056007226739,1.896661931818182,0.0007318524610206611,False,16897,halfplane,21.0,455.6666666666667,3612.970345304454,0.039085857570171356,0.04321537576155898,0.010016101203520375,758,16896.0,14652.691358024691,3980.577833982706,9908.0,7951.246913580247,2611.3960200631354,8000,1.133041368290229,1.3264760253061283,0.3232242017569964,0.01,0.08,1.5,0.003,0.03,0.1,True,0.03,0.0008,0,True,51
0.31947848200798035,0.3270074552224006,0.04003645791687887,256,0.3423614501953125,0.316656795548804,0.06371467945225656,9.302937507629395,13.6147426440392,9.363255541148169,6.8110032081604,8.236639064035298,2.9063536792683053,182,1.0,14.185185185185185,19.221972452526987,245544.3963157895,29.22390182421791,226106.8729570841,32.64009560165296,,28574.0,3.8424936766034334,1.2735214155190087,0.00022100307814667319,False,22437,halfplane,67.0,529.2345679012345,3606.1546370012406,0.03738487511873245,0.0407610020979687,0.009666385605562787,4022,22437.0,20347.876543209877,4561.353078932209,8466.0,7204.074074074074,2006.348152264028,8000,1.365868877300887,1.5567000500128236,0.4187494360308536,0.013,0.06,2.0,0.01,0.03,0.15,True,0.03,0.0008,0,True,67
0.30729398131370544,0.2890346145004402,0.0550605249740224,256,0.1932830810546875,0.16234767584153165,0.06542700287755106,11.837688446044922,14.05246142399164,2.867329881725491,11.32623291015625,12.934717602199978,2.5996553371876154,189,8.0,23.271604938271604,20.505351512082147,202253.31222222224,34.31006817083732,251832.78945547802,33.0447444420072,,8415.0,2.487684733514002,0.6690920919781151,0.0024412641418350305,False,12667,halfplane,25.0,433.34567901234567,3615.1289482679294,0.04941180720925331,0.05118036366723202,0.006314812593210834,295,12449.0,10050.641975308641,3644.6726090794323,7017.0,5681.962962962963,2129.764563841198,8000,1.0451567064024632,1.085348857848908,0.032590357389738825,0.01,0.08,1.0,0.01,0.003,0.03,True,0.04,0.0008,0,True,81
0.32074302434921265,0.31461017707615724,0.05909533887713323,256,0.33843994140625,0.28654743712625386,0.09958367952394527,9.684490203857422,13.728349615026403,6.310048674150745,7.391672611236572,9.085400145730855,2.9568892002284985,184,1.0,18.37037037037037,23.12096181328683,261780.3429433962,32.38901376339842,254590.832515775,31.760451753158105,,31598.0,4.7781616982836495,1.4246167718665461,0.0018021286988806995,False,22180,halfplane,65.0,469.8641975308642,3611.0791785018423,0.03821641579270363,0.04087661197524012,0.007348636252159357,229,22180.0,18374.555555555555,6660.8150615334325,8825.0,6980.938271604939,2576.904873018146,8000,1.3101893597835887,1.4687404509143285,0.22102112173834848,0.013,0.06,1.5,0.01,0.03,0.15,True,0.03,0.0008,0,True,52
0.36684295535087585,0.34529698888460797,0.05004712310711011,256,0.11968994140625,0.11544027446228781,0.05160477778248469,51.95359420776367,50.50632886533384,4.285567193771113,14.513480186462402,14.628498607211643,1.2841614806821027,187,44.0,42.074074074074076,15.534730328038636,36809.005531914896,4.1734433731674825,21173.75673678948,3.283900569564068,,18.0,0.2866845076784105,-0.0004698576488451067,0.0005188245979237143,False,7844,halfplane,1796.0,1529.3703703703704,3535.0804955105855,0.09513337910175323,0.08479854910645956,0.012381817468022072,588,7339.0,6724.444444444444,1936.077796620761,641.0,656.5679012345679,163.33393335276068,8000,3.5796787353391126,3.4801020385750245,0.37925843094712064,0.013,0.06,2.0,0.01,0.01,0.01,True,0.04,0.0008,0,True,81
0.0,0.0025846536880657998,0.023117845379242663,256,0.0,0.006205052505304784,0.05520870518636702,0.0,0.5979351703031563,3.759981074568255,0.0,0.5547570829038266,3.5092275934737867,198,0.0,1.7777777777777777,12.126901021904228,-3327.0,-0.17875748080397483,-1009608.0,-18.018968977321347,,0.0,0.288607046070461,0.0,0.0016873845696986438,True,0,halfplane,0.0,404.69135802469134,3618.3281476052557,0.0,0.00021388620874028148,0.0019130564087719156,0,0.0,2.037037037037037,18.108346376872763,0.0,1.3209876543209877,11.703990203296476,8000,0.0,0.026857266623348496,0.1693571563772984,0.01,0.06,2.0,0.003,0.01,0.01,True,0.03,0.0008,0,True,2
0.18504168093204498,0.19139122889365678,0.041362010870284974,256,0.3328094482421875,0.334021297501929,0.054252091488975016,84.4962158203125,80.72594348295236,6.805055743578203,20.776134490966797,21.010218655621564,0.5433110492601883,170,1.0,8.135802469135802,19.502929875758646,441999.2791481482,55.83737309076509,31124.571584508056,3.6382547774435525,,44347.0,6.189177958446252,2.0337995872506305,0.00036752215039739415,False,21811,halfplane,25.0,1185.3950617283951,4538.3918908614905,0.029978523030877113,0.029960503997166217,0.0053032598895862045,2723,21805.0,21481.432098765432,4114.168442563392,10873.0,9841.444444444445,2696.5714445487174,8000,4.066984549080739,3.8514860169601817,0.3645650478149311,0.01,0.08,2.0,0.003,0.01,0.06,True,0.03,0.0,0,True,62
0.2791581153869629,0.3241427371531357,0.048149591518640754,256,0.5319366455078125,0.48543049376687886,0.09557176959278968,64.3828353881836,60.49673358305001,8.96059014886334,14.641186714172363,15.54466766781277,1.7754021259534862,157,44.0,58.358024691358025,16.259704522526974,11284.941398772993,1.8313037186631673,0.49245541845448315,-0.03842911220322297,,-1721.0,0.7128550135501357,-0.04945140560423589,2.8832338823456472e-05,False,34861,halfplane,25401.0,17200.35802469136,10198.322222589799,0.029453517869114876,0.03600853125070348,0.007529389682502779,17440,34850.0,31386.53086419753,7199.550927501616,2814.0,2874.9506172839506,776.7119824839751,8000,4.397378158974212,3.981304065452571,0.8302564852933131,0.018,0.05,2.5,0.01,0.003,0.03,False,0.035,0.0,0,True,77
0.0,0.003175335240630824,0.027982508276191802,256,0.0,0.006479522328317901,0.055245397510639345,0.0,1.0472518073187933,7.128002261089061,0.0,0.5650840335422092,3.5670007408841733,204,0.0,2.8395061728395063,17.962551435615218,-2310.0,-0.05178220652000652,-8955.0,-0.21398329754795226,,0.0,0.0,0.0,0.0,True,0,halfplane,0.0,410.6666666666667,3618.074353118156,0.0,0.0003525440201715187,0.0031532495766582918,0,0.0,20.11111111111111,179.76747669979784,0.0,2.6419753086419755,23.519001323581946,8000,0.0,0.04790396457063124,0.3353604249314048,0.01,0.06,2.5,0.003,0.03,0.15,True,0.035,0.0008,0,True,2
0.11290998756885529,0.26713357626655954,0.06070378815788664,256,0.007110595703125,0.04686934859664352,0.05399169915297053,33.78540802001953,50.168627044300976,4.975994008680623,11.4668607711792,15.07538632993345,1.5211716637382635,199,49.0,52.54320987654321,17.56191824410824,155716.0786835443,6.9306218581431445,127044.13429054899,7.428221946379778,,275.0,0.30198396567299013,0.6223415361670395,0.00014596407281653983,False,466,halfplane,79.0,884.5802469135803,3570.8949006808616,0.07108763605356216,0.07863218249914086,0.012178680089059713,466,447.0,2568.135802469136,1213.5529690615829,181.0,380.95061728395063,137.014904229797,8000,2.9463519313304722,3.3520592482428846,0.35537538293314275,0.01,0.05,1.5,0.01,0.03,0.01,False,0.035,0.0008,0,True,81
0.36040109395980835,0.3547684969725432,0.041168549779899644,256,0.3708648681640625,0.3549793384693287,0.040962058937879936,83.67797088623047,83.70049304726683,6.671150979868926,19.347713470458984,19.786042837449063,0.7678662495569497,167,19.0,27.71604938271605,14.890741649150957,96270.76385858585,12.229368327629746,16088.34656289639,0.6856867916324504,,-911.0,0.17495686540198738,-0.07356522585425918,2.0215020256135726e-05,False,24305,halfplane,516.0,974.7037037037037,3590.309331714148,0.03483390063047409,0.034961272215033756,0.00421720696932482,6824,23139.0,21740.938271604937,3399.776729581579,5835.0,5527.827160493827,1107.7353919242478,8000,4.324953713227731,4.242475865448752,0.36960242662647036,0.013,0.05,1.0,0.003,0.03,0.01,True,0.035,0.0,0,True,79
0.3457798361778259,0.34324993395511016,0.0399608824952927,256,0.312652587890625,0.3119638702015818,0.03955652633552871,75.20712280273438,68.37488532360689,7.641536218838634,17.379369735717773,18.823239267608265,1.209044070592394,179,15.0,22.209876543209877,15.978161059676298,144394.30046376813,16.12954491016326,3025.6651078687282,-0.6250397920422681,,1628.0,1.8459620596205966,0.0685800477228915,0.00017159658034584526,False,20490,halfplane,201.0,698.5802469135803,3591.7711950560697,0.04080050438642502,0.03993206613777596,0.0045635788763527,4927,19714.0,19187.172839506173,3020.209541377917,6532.0,6077.456790123457,1184.9507574222748,8000,4.327379209370425,3.668459525811004,0.5638487972770676,0.013,0.06,1.0,0.003,0.003,0.01,False,0.04,0.0,0,True,81
0.0,0.0034791223106928814,0.029313498560757344,256,0.0,0.006902624059606482,0.05551497959314243,0.0,0.7504381721402392,4.791950143191683,0.0,0.5669064227445626,3.5773466424330342,208,0.0,2.3209876543209877,14.641246624800864,-3657.0,-0.07168776734241344,-6811.0,-0.1789521933436962,,0.0,0.288607046070461,0.0,7.483484872181799e-05,True,0,halfplane,0.0,425.5061728395062,3620.8578416200144,0.0,0.00044214665705775036,0.003954679924821667,0,0.0,47.79012345679013,427.3360696754531,0.0,3.5185185185185186,31.358977335583003,8000,0.0,0.033464629661497665,0.21760655728215353,0.01,0.05,2.0,0.003,0.003,0.03,True,0.035,0.0008,0,True,2
0.3607829213142395,0.23856578769599213,0.11542173006782448,256,0.2289886474609375,0.11327314965518905,0.09369046859238297,10.847471237182617,13.92172876993815,3.1790238619097893,9.257207870483398,11.55117842591839,2.752488280001096,201,8.0,44.2962962962963,17.071703860550414,129758.69850643777,14.56215777446571,125277.47177376806,11.841133528760805,,12836.0,3.5140636856368563,0.8553341773838874,0.01957357008965961,False,15007,halfplane,29.0,435.51851851851853,3614.8992237412667,0.043658677488565445,0.046124367480292736,0.005986470376236162,60,15007.0,7018.938271604939,5503.375133532797,7462.0,3472.567901234568,2711.383679095595,8000,1.1717864996335043,1.2070365389575284,0.06063204364497661,0.013,0.05,1.0,0.01,0.01,0.15,False,0.035,0.0008,0,True,57
0.2884467840194702,0.2847972703568729,0.05341015407784081,256,0.2875213623046875,0.24462250132619598,0.08658182262515554,12.293318748474121,16.036060286156925,5.736124759137751,9.963996887207031,11.153949278372306,2.364893960914234,194,1.0,15.493827160493828,23.282549739877712,362277.8919512195,48.4847996395458,201315.11820508086,26.953525442303036,,27754.0,4.786279810298105,1.492850890847817,0.002071066752892981,False,18843,halfplane,24.0,442.75308641975306,3614.090458229878,0.04500320181250572,0.04748285561800003,0.007071978251455305,263,18220.0,15098.938271604939,5452.246177393832,9588.0,7646.074074074074,2917.4858099574635,8000,1.2337738152098923,1.4107883538426842,0.23563981476631596,0.013,0.08,1.0,0.01,0.03,0.01,False,0.035,0.0008,0,True,77
0.22013744711875916,0.2345836999607675,0.04350331152685106,256,0.2877349853515625,0.28568446783371915,0.05313368437776054,87.4664077758789,86.31687333848741,6.935367240162345,20.208213806152344,20.341759905403045,0.6436587604759102,183,1.0,15.716049382716049,25.058073077711533,361619.49906849314,53.25589917918972,21500.766786476946,0.9443568338691338,,22849.0,3.8016133694670287,1.2116985734740418,0.00021770217802311926,False,18857,halfplane,41.0,1478.9135802469136,4329.958387156502,0.03479345515370369,0.0354213483263681,0.007229056201199505,7352,18857.0,18318.061728395063,3722.031412507931,10292.0,8497.839506172839,2966.870257087404,8000,4.3282600625762315,4.253537050252535,0.3691484540881748,0.01,0.08,1.5,0.003,0.03,0.1,False,0.035,0.0,0,True,57
0.14845521748065948,0.2545085186943596,0.05096324018600395,256,0.0124053955078125,0.04747367199556327,0.05305060662412245,43.60024642944336,37.134885999891495,3.6180166852829583,14.683927536010742,16.918398174238792,1.986271076918485,209,51.0,52.111111111111114,21.470623053861004,67579.78647513813,6.617244696897122,240035.25814742618,19.14151923957129,,78.0,0.2992685185185179,0.09594095940959413,0.00018580382272210535,False,813,halfplane,131.0,653.4814814814815,3592.820670881564,0.0794433057308197,0.07184738104726061,0.009828371689840196,813,813.0,2706.703703703704,1088.612577691104,171.0,442.4567901234568,155.23029879431002,8000,2.969249692496925,2.228404283804588,0.35185826430772466,0.01,0.05,1.5,0.003,0.003,0.1,False,0.04,0.0008,0,True,81
0.32509589195251465,0.26153866587965574,0.09437705723193379,256,0.2045440673828125,0.39230082947530864,0.2733624950520553,76.91682434082031,82.37269564028139,7.2708855440851154,18.96604347229004,19.764972851600177,1.1682636271313682,174,82.0,74.17283950617283,18.864553031360355,25660.35008528788,1.9635177235767987,223030.11824882007,14.99475722484811,,-136.0,0.4867477416440831,-0.010232372305928328,8.923832642518136e-05,False,13405,halfplane,5445.0,19340.172839506173,18485.304454085952,0.05661609023809433,0.03724648182590803,0.021727436587967875,2557,13405.0,25305.061728395063,18119.752537858418,1550.0,1628.641975308642,857.3566944090132,8000,4.05550167847818,4.18298859443553,0.38861645842052334,0.013,0.05,2.0,0.003,0.03,0.1,False,0.03,0.0,0,True,79
0.3644023537635803,0.35145360001443343,0.063789089062419,256,0.3935089111328125,0.3328009711371528,0.10243031469526008,12.188569068908691,15.6023553683434,4.8714382285604625,11.609640121459961,13.920087543534644,3.193147644612927,196,1.0,16.962962962962962,21.60729440415352,191996.19604984432,24.876374797391332,341099.5222612851,45.68583872797516,,18398.0,2.8805117434507674,0.7130550630139312,0.0008806641022706561,False,25789,halfplane,84.0,488.5308641975309,3609.016278151289,0.04477652907371521,0.04714604549937778,0.0065868298095313116,570,25737.0,21343.41975308642,7019.96484966086,7547.0,6480.864197530864,2039.359617189758,8000,1.0498662220326496,1.1054337646595886,0.07993840919849639,0.018,0.06,1.0,0.003,0.01,0.03,True,0.035,0.0008,0,True,77
0.35739073157310486,0.3647630599177914,0.04795254956630094,256,0.4825286865234375,0.4272406307267554,0.08778402094030846,9.065237045288086,13.0740327835083,6.899995502460868,8.593482971191406,11.192523249873409,3.6727389697496697,193,1.0,13.432098765432098,20.963777267553162,136872.22139267018,19.592870525769758,454970.4521552269,59.03792888479102,,27177.0,4.006323170731707,0.8594061284508112,0.0003008076935508778,False,31623,halfplane,285.0,678.9753086419753,3588.7025853787213,0.03744082525372505,0.0402764362041597,0.007475053342655693,2037,31623.0,27595.037037037036,6506.180276379661,5375.0,5247.432098765432,1095.2941984653673,8000,1.0548967523637858,1.1249497541584992,0.16736082418338652,0.018,0.05,1.5,0.003,0.01,0.1,True,0.03,0.0008,0,True,60
0.3536246418952942,0.29171999732469334,0.09876939418151352,256,0.274505615234375,0.18187007197627314,0.10636703450377806,11.344913482666016,16.637049816272878,6.2521874020357595,8.033655166625977,10.692655739960847,3.522693351549515,207,7.0,33.77777777777778,22.74550559322342,160418.24247761196,22.54896509286056,143709.1795549004,16.376293751836155,,17568.0,3.3182495483288177,0.9762906642941542,0.006805009137189199,False,17990,halfplane,52.0,445.2345679012346,3613.8139671851327,0.04411577805876732,0.04849607584837042,0.008187168189269635,61,17985.0,11511.074074074075,6692.802627215202,8085.0,5135.444444444444,2990.000280771282,8000,1.4121734296831574,1.539640385676104,0.14459438262203564,0.013,0.06,1.2,0.01,0.03,0.03,False,0.035,0.0008,0,True,66
0.35643187165260315,0.36273551759896455,0.05437316613215487,256,0.163482666015625,0.25469480914834103,0.10214747006480568,68.87268829345703,68.81425617359302,5.5010936863520445,15.016931533813477,15.83723646328773,1.1620261966764478,188,48.0,56.25925925925926,16.306310054682857,26407.73116814159,1.924786442234032,12282.001776549965,0.7346406134775958,,-590.0,0.49727822944896105,-0.05506813515027065,5.4289387352671695e-05,False,10714,halfplane,2644.0,8331.975308641975,6693.041300577951,0.049292970448732376,0.0424655862842445,0.009669659345185209,2425,10714.0,16287.123456790123,6700.662033595048,1234.0,1022.7901234567901,242.88333408558103,8000,4.586335635616949,4.370252990831923,0.3893656494506385,0.013,0.05,2.0,0.01,0.03,0.1,True,0.04,0.0,0,True,79
0.37004101276397705,0.32012791085390396,0.09260130255088933,256,0.3210601806640625,0.23195280852141203,0.11725550069323937,10.418659210205078,15.15896080158375,7.0648642906906645,6.941703796386719,8.903090924392512,3.5049117819299997,202,8.0,29.160493827160494,21.923242522927527,164008.22194594593,21.733705898430493,171529.1144216666,23.86580692013846,,19441.0,3.9090408762420963,0.9239579867877001,0.003938519797024723,False,21041,halfplane,62.0,473.5925925925926,3610.6741642578268,0.038444336503744125,0.042077767076315706,0.0076866448322385796,132,21041.0,14796.567901234568,7611.295627833563,7647.0,5465.074074074074,2779.761881523276,8000,1.5008792357777672,1.6703467179453393,0.1936950533201483,0.013,0.05,1.5,0.01,0.03,0.15,True,0.03,0.0008,0,True,63
0.2522803246974945,0.25295978637389194,0.03074989688474376,256,0.434722900390625,0.4329901801215278,0.03759642686618339,68.66437530517578,63.02036761060173,5.941866361772539,18.649761199951172,19.097271271693852,0.7266993949452535,181,1.0,6.901234567901234,21.027674262637685,281747.96850162867,35.450348001008216,0.48971193411853164,-0.0957337601842302,,33654.0,4.500562104787715,1.181256581256581,0.00016302441313253012,False,28490,halfplane,69.0,1086.0864197530864,5014.920976440111,0.03001546673476696,0.02964840512032862,0.0035188829397636815,13289,28490.0,27970.58024691358,3951.649662909814,8001.0,7445.024691358025,1421.6953535841226,8000,3.681783081783082,3.312950488855059,0.3695125976760595,0.013,0.06,1.2,0.01,0.01,0.1,True,0.03,0.0,0,True,35
0.31814274191856384,0.33853520177028795,0.0613652068532628,256,0.1347808837890625,0.20755607699170525,0.07803308102785901,78.19087219238281,75.32675373407058,7.5839928045260825,17.272544860839844,17.311516031806853,1.555917337471912,195,55.0,56.864197530864196,17.233152865606936,42129.90871497584,2.8798882363643603,49583.427472042036,5.1654391987392225,,-293.0,0.2658012646793138,-0.0018394905230803005,8.267559390623383e-05,False,8833,halfplane,1864.0,5115.234567901234,4306.088243095301,0.02940407022833824,0.04265954139653915,0.01335303962072064,374,8352.0,12435.197530864198,4605.641391559728,1462.0,1118.5185185185185,333.12075114325984,8000,4.52688780708706,4.381799681385019,0.4656297672132181,0.01,0.06,1.5,0.003,0.01,0.01,True,0.04,0.0,0,True,81
0.24415162205696106,0.26164312108799265,0.03893147328812774,256,0.2602386474609375,0.24204772195698301,0.049671648647266656,10.580709457397461,13.589084448637786,3.614767401449899,10.492732048034668,13.080315366203402,2.8881038974505286,210,1.0,9.419753086419753,19.86054106254556,473033.9765581395,60.459515373267834,643547.1024357692,91.91572721757294,,20096.0,3.531410569105691,1.1873251169562251,0.0006066471796303939,False,17055,halfplane,40.0,452.0617283950617,3613.368809945012,0.038561880588531494,0.04061478054449882,0.005657439862745102,1003,16661.0,15214.469135802468,3092.8007207756073,9809.0,8387.62962962963,2152.6804161177524,8000,1.0083846379360892,1.0314595787986334,0.04291807519261647,0.01,0.08,1.2,0.003,0.003,0.03,True,0.03,0.0008,0,True,75
0.3557284474372864,0.35043638153576556,0.05521253388927286,256,0.429046630859375,0.29083157763069056,0.13110712315417328,66.27552032470703,60.97191422073929,5.7886742551647385,14.667037010192871,15.07886967835603,1.3297084980037726,191,70.0,74.1358024691358,16.77869981750433,2988.7807070707204,1.7547340777853961,3891.528247481212,1.4767568103231379,,-942.0,0.5172003161698292,-0.04988303544448969,0.00011670401488716012,False,28118,halfplane,26230.0,13678.148148148148,9561.148687525245,0.031070994213223457,0.03906684171086476,0.014053847760022,4257,27081.0,17942.69135802469,8361.083698208256,963.0,900.641975308642,264.772266863057,8000,4.518671313749199,4.075186965966015,0.4555515608185678,0.013,0.05,2.0,0.01,0.01,0.01,False,0.035,0.0,0,True,81
0.3107011020183563,0.1909414850819258,0.09511312621912878,256,0.1314544677734375,0.06120017722800926,0.06690320068998842,11.1643648147583,14.73745635703758,4.57222612021261,9.123600959777832,11.243446479608982,2.779300455988925,219,42.0,46.82716049382716,16.611605435570677,91243.70846153845,10.433748945075157,73866.13638826649,8.249301275264756,,6128.0,1.1784738030713628,0.7113174695298898,0.005216078686639568,False,8615,halfplane,37.0,428.85185185185185,3615.6360849841876,0.04955596849322319,0.052382503164771166,0.008682136840306996,12,8615.0,3606.283950617284,3008.2748562473594,4693.0,1968.5802469135801,1663.2044102355849,8000,1.2236796285548461,1.302546500426476,0.14449356848475273,0.01,0.06,1.2,0.01,0.01,0.1,False,0.04,0.0008,0,True,71
0.17839011549949646,0.18118081122268864,0.02552329970992831,256,0.5988006591796875,0.5976767834321952,0.018794662224469346,60.39497375488281,53.03209121138961,5.83079654835821,20.734882354736328,20.603885909657418,0.5060527451822705,177,1.0,3.9382716049382718,16.203448557662004,212587.63198927615,24.133068710103398,1503.7374244411476,0.35625787433299594,,65496.0,-0.4460621047877142,1.6687890475716314,-1.7636672187148654e-05,False,39243,halfplane,36059.0,35443.567901234564,3320.071191183289,0.029890181496739388,0.02969702910401939,0.003353383280457481,30626,39243.0,38361.07407407407,4582.974054006658,643.0,662.9135802469136,400.4906619503182,8000,2.912723288229748,2.57699847038642,0.2870878643875781,0.018,0.08,1.2,0.01,0.01,0.15,True,0.03,0.0,0,True,12
0.1847226321697235,0.18582383938777594,0.02324343248781882,256,0.4319305419921875,0.43355287151572147,0.019550584834276886,65.02702331542969,58.71257174456561,5.4998256694225285,19.539306640625,19.860954684975706,0.6348636733884943,186,1.0,5.888888888888889,21.525752592914333,331137.1511944445,42.61000679219907,1233.1078211911954,-0.034070995103640075,,69941.0,6.793846431797652,2.4708022750556404,0.00023653436657393643,False,28307,halfplane,45.0,1004.9135802469136,4549.3917710347605,0.029870880767703056,0.029525164583766902,0.0035018450708425943,19598,28307.0,27959.53086419753,3373.20386256599,8297.0,7913.753086419753,1216.1051320178299,8000,3.328010739393083,2.965241769975348,0.3207183336428945,0.013,0.08,2.5,0.01,0.01,0.15,True,0.03,0.0,0,True,21
0.23446860909461975,0.2523868225606871,0.040832588021886856,256,0.4816131591796875,0.44777745376398537,0.07030358371832113,9.246491432189941,12.758382361612203,5.164431690288801,9.036069869995117,11.798465081203132,3.362472771524988,200,1.0,8.123456790123457,18.861013886870598,289710.5088831169,37.62282882246413,829671.2335540048,114.11136583709488,,49874.0,6.0509365401987365,1.5801413046922033,0.00018649352230912353,False,31563,halfplane,109.0,712.395061728395,3643.123214702802,0.03758249431848526,0.04176217303783805,0.012748395639004323,2401,31563.0,28940.925925925927,5617.124996747084,6372.0,6186.0123456790125,1232.5419231978185,8000,1.0232867598137059,1.0592578209296992,0.10098599336474746,0.018,0.08,2.5,0.003,0.01,0.1,True,0.03,0.0008,0,True,41
0.3454791009426117,0.35377627463988315,0.042402543395276,256,0.4229888916015625,0.3937021891276042,0.0643913829234118,8.516756057739258,11.634463263146671,4.978188935854087,8.32221794128418,10.682143682315026,3.5065955789247183,206,1.0,22.790123456790123,27.112347899559225,171155.35977777775,21.49685599571001,819774.500748223,103.91902581326957,,15659.0,2.5510453929539296,0.5644165386228837,0.00013679333980798903,False,27721,halfplane,130.0,1429.4567901234568,4326.294936520456,0.04222388193011284,0.043935689661237926,0.007613723913623926,5306,27717.0,25388.25925925926,5024.917368715058,6675.0,5624.641975308642,1556.1865887414704,8000,1.0233757800945131,1.0672598190957892,0.08619901348315226,0.018,0.06,2.0,0.003,0.003,0.03,False,0.035,0.0008,0,True,74
0.3441394567489624,0.3542978491312192,0.04280780152234964,256,0.422760009765625,0.375942842459973,0.06737713529290425,8.514942169189453,12.640157723132475,4.511749733195546,8.147361755371094,10.833422213424871,3.047990905356897,205,36.0,47.30864197530864,25.510899135447556,109655.80662210798,15.26553678979589,699028.0588235294,89.49262540471351,,12689.0,1.827509710930443,0.45691617828964937,0.00025695392040160745,False,27706,halfplane,350.0,2550.061728395062,4332.29642393403,0.04165428504347801,0.04502911341411096,0.007509937658463532,1413,27686.0,24214.58024691358,5094.150065078152,6224.0,4746.962962962963,1490.1944395829896,8000,1.0451165812459395,1.1474440044969125,0.12993627580195186,0.018,0.06,2.5,0.003,0.003,0.03,True,0.035,0.0008,0,True,77
0.35262539982795715,0.33602160100399714,0.05255794411754598,256,0.1709442138671875,0.13314235357590665,0.049021213279423284,45.035614013671875,43.30292190740138,6.429389267062366,15.18994426727295,15.348386305349845,1.7457900416565966,215,52.0,44.80246913580247,16.89796521689134,20415.817907407414,2.862162768597879,140801.43364555587,19.25566716010407,,-5.0,0.2510108401084006,-0.0004463090243684853,4.560813232360857e-05,False,11203,halfplane,2835.0,2105.2716049382716,3537.792584462125,0.06598816812038422,0.06702810415515194,0.01325014192858677,135,11203.0,8320.666666666666,1991.7564802312581,817.0,727.2098765432099,199.71144097307072,8000,2.9648308488797643,2.870140965424411,0.5623615092593971,0.01,0.06,2.0,0.003,0.003,0.06,True,0.03,0.0008,0,True,80
0.2172631025314331,0.22493691595248233,0.03813819310240439,256,0.2859954833984375,0.28473653911072533,0.03411129066604996,81.90433502197266,78.48897891574435,6.774272393891152,20.382291793823242,20.648340437147354,0.6007224286107997,197,1.0,7.098765432098766,18.518329217139453,554990.097255814,68.08392965472015,59430.969858145225,7.487138344633133,,18908.0,3.2739810298102987,1.0088032865603154,0.00018020041145800492,False,18743,halfplane,27.0,626.716049382716,3660.369826267703,0.03505479171872139,0.034766986736176925,0.003940966014843555,8068,18743.0,18255.864197530864,2583.6425514009366,10758.0,9771.802469135802,2304.7716065832687,8000,4.018406871898843,3.811848320538583,0.3737539002437737,0.01,0.08,1.0,0.003,0.01,0.15,True,0.035,0.0,0,True,37
0.28298014402389526,0.32362509307302073,0.08071268188004471,256,0.6112060546875,0.3546707718460648,0.21692498733816318,70.36783599853516,71.70272652896834,7.9585988753767225,16.93577003479004,17.67995275097129,2.119172833548852,192,66.0,68.30864197530865,17.598850955272404,1446.1128755019745,5.439532555017048,102433.26393295021,23.10812655979744,,-502.0,0.3526709575429088,-0.012532454563610962,1.2208266960082762e-05,False,40056,halfplane,38457.0,17606.506172839505,14859.30899820994,0.03186145797371864,0.047206734433586216,0.024902067263724393,1332,40056.0,22838.543209876545,14404.935468549354,933.0,877.2098765432099,364.95295540047397,8000,4.154983023766727,4.098987128388264,0.4999728218994769,0.018,0.05,2.5,0.003,0.01,0.06,False,0.04,0.0,0,True,79
0.3547707498073578,0.33359466920273356,0.06269777988612615,256,0.145782470703125,0.13280119719328703,0.05224473203551637,55.81965637207031,57.12240398077317,6.199090038313225,15.462930679321289,16.42898006203734,1.4499498240632642,213,37.0,39.08641975308642,21.154456980617464,27053.97126829269,3.04699156428874,137957.53562408377,17.00059172595402,,0.0,-0.0010130984643179767,0.0,1.8574356362340185e-07,False,9554,halfplane,1557.0,1715.8148148148148,3518.383288629374,0.0852387398481369,0.08892018318084287,0.014432479065872,1,9554.0,8298.728395061727,2311.908681888463,834.0,687.0617283950618,184.85385256166342,8000,3.6099016118903076,3.507087677338852,0.4319849006682191,0.013,0.06,2.5,0.003,0.03,0.1,True,0.04,0.0008,0,True,81
0.31601059436798096,0.3273052492259461,0.04250712060364897,256,0.352752685546875,0.31865550853587965,0.06567926465233039,8.333938598632812,12.680893073847264,7.243684611250798,8.146124839782715,10.64232415328791,3.7783140918485127,212,9.0,24.728395061728396,21.831007705192476,208633.2837894737,28.383323794912823,774417.3550294316,97.420328830362,,14745.0,2.600570912375791,0.6378146898520631,0.0001405435512702306,False,23118,halfplane,83.0,1224.5555555555557,3831.714849954003,0.036832988262176514,0.04004172741630931,0.008140385483009058,2184,23118.0,20478.827160493827,4690.8127353662985,8175.0,6357.962962962963,2509.751861446797,8000,1.0230556276494507,1.1335951232563977,0.22944051495829196,0.013,0.06,2.0,0.003,0.003,0.15,False,0.03,0.0008,0,True,59
0.0,0.0028187497806401902,0.023907143813148138,256,0.0,0.0069824972270447535,0.05559463716207795,0.0,0.8424475399064429,5.485175509467622,0.0,0.5414000381658106,3.436745111761544,228,0.0,2.8395061728395063,17.962551435615218,-56031.0,-1.0128192201728106,-34548.0,-0.6174736672171395,,0.0,0.288607046070461,0.0,7.168606603529441e-05,True,0,halfplane,0.0,452.17283950617286,3638.0443559086248,0.0,0.00014829654016612487,0.0013264045785579325,0,0.0,50.91358024691358,455.27311563014223,0.0,3.1358024691358026,27.935884744443094,8000,0.0,0.04065916389477736,0.2750026162146934,0.01,0.05,2.0,0.01,0.003,0.01,False,0.035,0.0,0,True,2
0.3631405830383301,0.3324783065436799,0.0467991518037991,256,0.1254425048828125,0.09079243224344136,0.05001011400659608,43.02481460571289,43.69103547084479,4.33260079984209,13.672477722167969,14.651594738901398,1.4172229081018333,225,46.0,49.01234567901235,18.34006194852045,22977.297289340102,3.9665106554115144,24632.9366601409,4.623261784759975,,21.0,0.28902687443541075,0.0018237511530074801,6.425319093741963e-05,False,8221,halfplane,1023.0,1099.5925925925926,3554.0642385580177,0.07433700561523438,0.07759861606690618,0.01091299979408762,690,8220.0,5537.456790123457,1461.7290374748338,856.0,612.6913580246913,149.2093269827647,8000,3.146819121761343,3.015217041235843,0.42114898556175595,0.01,0.06,2.0,0.01,0.003,0.03,True,0.04,0.0008,0,True,81
0.32227951288223267,0.33416123154722616,0.04286676897383256,256,0.0793914794921875,0.09794597861207562,0.04899064112979558,61.091678619384766,59.071876855544105,4.9380855269813395,15.891410827636719,17.52587028785988,1.2523013883485725,221,29.0,42.50617283950617,15.251086548452806,44025.24752941176,4.372512599787354,130575.84248272007,16.76825384495006,,14.0,0.0026406955736224015,0.0026907553334616363,4.7229537089037345e-07,False,5203,halfplane,333.0,920.9753086419753,3565.5578407087605,0.08613283932209015,0.08614368405607012,0.011248184662500374,2048,5203.0,6014.456790123457,1442.8852272433537,685.0,738.5802469135803,154.49894036134532,8000,3.844320584278301,3.3855060919479834,0.2920305592801747,0.01,0.06,2.0,0.003,0.03,0.15,True,0.035,0.0008,0,True,81
0.32015782594680786,0.17897284751826967,0.09535297963937493,256,0.139892578125,0.05467374825183256,0.06488143808219958,11.023996353149414,13.808164019643524,3.48049828300767,10.292057037353516,12.496631186685445,2.5789480880781106,233,61.0,70.23456790123457,27.244785028203907,69266.86910280374,7.253137370352353,109625.16124134956,14.980893524099711,,5279.0,1.5581377597109305,0.5768681730166192,0.015734476647875792,False,9168,halfplane,36.0,431.0,3615.3977463340784,0.04403723031282425,0.045923345940716474,0.006884903749043174,13,9162.0,3177.0,2748.089949468607,4709.0,1662.1851851851852,1458.0657414695634,8000,1.0711169284467714,1.099152087661277,0.06983943502773425,0.01,0.05,1.0,0.003,0.003,0.03,False,0.035,0.0008,0,True,68
0.0,0.00296244241943907,0.02649406549356239,256,0.0,0.00622276023582176,0.055207779040213525,0.0,0.9380386729299286,6.238869230229707,0.0,0.5652421550986207,3.5678966524471702,237,0.0,2.111111111111111,13.519076599337895,-2356.0,-0.0774827867045074,-3307.0,-0.06368335778158994,,0.0,0.0,0.0,0.0,True,0,halfplane,0.0,404.8641975308642,3618.3097198099645,0.0,0.0002814267796498758,0.0025171576399439077,0,0.0,3.2839506172839505,29.260952183143804,0.0,1.5432098765432098,13.691530573671413,8000,0.0,0.042627533193570925,0.2912126689055076,0.01,0.05,2.5,0.003,0.03,0.03,True,0.04,0.0008,0,True,2
0.23460091650485992,0.23210123678048453,0.02729022808925313,256,0.5998077392578125,0.5984252176167052,0.017297112316275707,88.48902130126953,81.39330098658432,9.048496921408292,19.5172061920166,20.078242054692023,0.6642636141513262,173,1.0,7.0246913580246915,23.569689317731147,128129.75522891572,15.549856358693544,0.5212620026431978,-0.023489331470770806,,75186.0,7.085055781391151,1.9120048731892592,0.00017770634028225539,False,39309,halfplane,31809.0,33309.03703703704,2910.239824848535,0.030100002884864807,0.029598945567821278,0.0034388524522174723,32768,39304.0,38680.03703703704,4468.441251806997,933.0,986.1234567901234,396.03527036831576,8000,4.533898089496044,4.069913199781329,0.5173614517364509,0.018,0.06,2.0,0.01,0.03,0.03,False,0.03,0.0,0,True,37
0.0,0.0032507091944600328,0.026396410620179164,256,0.0,0.007349650065104167,0.056076536335864464,0.0,1.1599404605818384,8.066723343708077,0.0,0.5272583431667752,3.362928848817824,240,0.0,2.432098765432099,15.295394507041907,-4951.0,-0.09340472047712889,-26842.666666666668,-0.4793231624820052,,0.0,0.288607046070461,0.0,4.784855313162306e-05,True,0,halfplane,0.0,478.5432098765432,3670.234910399555,0.0,0.00013934022942442952,0.001246296899973763,0,0.0,77.12345679012346,689.7013736092026,0.0,1.9259259259259258,17.114557934064898,8000,0.0,0.060420112765238426,0.44260403818689315,0.01,0.05,2.5,0.01,0.01,0.03,True,0.035,0.0,0,True,2
0.3944942057132721,0.3827900555398729,0.044126509260709296,256,0.3927764892578125,0.2886638876832562,0.09029192090889655,10.837457656860352,25.780571513705784,16.471045758265813,4.98021936416626,10.232706234778886,4.894170599792848,218,13.0,31.728395061728396,18.976276512100032,92106.85503412079,13.991498477557407,436044.4544767618,54.96039373449052,,14572.0,2.6281711833785,0.5661007730857388,0.00013593856548451883,False,25741,halfplane,149.0,900.4444444444445,3578.1785006782497,0.043618932366371155,0.05633510253679605,0.015816122859660678,5486,25741.0,18513.320987654322,6074.657246495396,6568.0,4406.444444444444,2042.3390185438525,8000,2.176100384600443,2.355439869010874,0.4665999369989725,0.018,0.05,2.0,0.003,0.03,0.1,True,0.035,0.0008,0,True,65
0.3113793432712555,0.30723283136332474,0.037276658389643724,256,0.1894683837890625,0.1616504810474537,0.06051176667131006,12.250060081481934,18.280124993971835,10.239885645851874,7.496377468109131,8.974440062487567,2.8301166314834205,230,11.0,20.666666666666668,19.68705785315775,246071.82400000002,32.632965270943515,164709.72691752974,23.12823512480412,,12146.0,1.9557926829268297,0.9475576624500235,0.0002687017485981649,False,12417,halfplane,30.0,507.6666666666667,3609.9900482062476,0.050120867788791656,0.05480577070036052,0.01131453858995329,2203,10822.0,8875.987654320988,2847.5729951680864,6880.0,5254.962962962963,2094.597580281142,8000,1.6341306273657084,1.9485890863875506,0.4683442954222277,0.01,0.08,1.5,0.01,0.03,0.01,True,0.04,0.0008,0,True,81
0.38940364122390747,0.3587517547018734,0.0789700131093048,256,0.3669891357421875,0.3042142891589506,0.10887780693143037,10.646001815795898,12.6520995269587,3.1337133510320823,10.316572189331055,11.826518447310836,2.6359416008586907,226,1.0,19.098765432098766,21.014166261382517,185962.7018343949,26.003373719038155,400592.08084274747,54.95610267766222,,16761.0,4.860672538392054,0.6968941000374205,0.0018179489647345702,False,24051,halfplane,63.0,475.39506172839504,3610.468782801002,0.0440816730260849,0.044861474338872935,0.005791435801862422,545,24051.0,19532.432098765432,7322.873376776564,7930.0,6496.530864197531,2353.746192336015,8000,1.0319321441935887,1.0651752177167502,0.0359032962742289,0.018,0.05,1.0,0.01,0.003,0.06,False,0.035,0.0008,0,True,41
0.35859403014183044,0.34950948957307837,0.043465882436683374,256,0.2708892822265625,0.26164641203703703,0.048865703779216944,68.66022491455078,68.59990758071712,5.030984973436092,15.489033699035645,15.866570119504575,1.1638528957215186,211,21.0,22.14814814814815,16.29217119507578,132893.31346268655,18.07443389784453,746.1636933025438,0.01782903061435656,,2610.0,2.3506560523938584,0.1470588235294119,0.0003523134904126024,False,17753,halfplane,120.0,545.716049382716,3602.8535886294962,0.03536836802959442,0.03500070160737744,0.004035417113936788,2926,17748.0,16739.728395061727,3271.914752626202,6219.0,5950.876543209876,1291.1606357179405,8000,4.432828254379541,4.350210110546336,0.3829929503945898,0.01,0.05,1.0,0.01,0.03,0.03,False,0.035,0.0,0,True,79
0.0,0.003308855825000339,0.02959530620978763,256,0.0,0.006189416956018518,0.05520990065731222,0.0,0.5945566671865957,3.7395288267086397,0.0,0.5851309270034601,3.6831791368508515,246,0.0,1.7160493827160495,11.933182875009736,-27214.0,-0.5916481137818639,-539428.5,-9.635910907859094,,0.0,0.0,0.0,0.0,True,0,halfplane,0.0,404.60493827160496,3618.337609151857,0.0,0.00027373676866660883,0.0024483760907186877,0,0.0,1.0987654320987654,9.716480765989406,0.0,0.7777777777777778,6.845743022555274,8000,0.0,0.02511223344556678,0.1578506655783536,0.013,0.06,2.5,0.003,0.003,0.01,False,0.035,0.0008,0,True,2
0.2257060706615448,0.23026436217773108,0.03870145764462696,256,0.3745574951171875,0.3705109019338349,0.07981625477992377,84.5643081665039,83.47650231255426,6.725844816048065,19.498037338256836,19.673164038010587,0.9742481294763046,203,1.0,22.14814814814815,33.440609271101756,228471.9196310679,28.064195571657947,7641.5751881408505,-1.344472518902549,,25077.0,2.9108186540198737,1.0215912331445796,0.00012079838699894984,False,24547,halfplane,96.0,2833.716049382716,7188.047100353677,0.03533110395073891,0.035227029434876676,0.009347894868485177,6648,24547.0,23876.567901234568,5797.010104064336,8623.0,7472.580246913581,2424.3132659501057,8000,4.3370676661099115,4.258141548761,0.38149338295862145,0.013,0.08,2.5,0.003,0.03,0.1,False,0.035,0.0,0,True,48
0.37745389342308044,0.32073128526961364,0.09209544427467528,256,0.3106689453125,0.22054111810378085,0.11158037728298521,13.176915168762207,17.07582864643615,4.973515909508606,9.926444053649902,12.224220841019243,3.0813651935089847,234,8.0,28.679012345679013,21.20145997796799,202182.93963636365,25.723363964376166,116826.01906661634,15.002013329777828,,20637.0,4.147937669376694,1.01360510805501,0.003357603806374058,False,20360,halfplane,47.0,446.7654320987654,3613.6418696741175,0.05069701001048088,0.0537010242725596,0.007818978436280209,181,20360.0,14048.827160493827,7193.590994922165,8276.0,5749.864197530864,2862.338354929567,8000,1.3274557956777997,1.3872322361348968,0.09212189079997336,0.018,0.06,1.0,0.01,0.03,0.15,True,0.04,0.0008,0,True,56
0.34507471323013306,0.3387504381898009,0.03903063348557531,256,0.5084228515625,0.5064561631944444,0.0440570785593695,89.91773986816406,89.69783368522738,7.991275853011041,20.408981323242188,21.18285685409734,0.8276872569549415,190,10.0,14.654320987654321,12.973058972611028,100043.287047619,10.201203972361185,12451.719612497138,-2.1620451264069604,,3825.0,0.7286393405600725,0.1147959183673466,2.7012043318271724e-05,False,33320,halfplane,1052.0,2183.4691358024693,5028.114972330419,0.035135768353939056,0.03480275357027113,0.00425889461559829,11243,33320.0,32782.93827160494,4673.22050464971,3835.0,3652.604938271605,628.4539854495835,8000,4.405792316926771,4.24875211998492,0.4384794364304611,0.018,0.05,1.0,0.003,0.03,0.06,False,0.035,0.0,0,True,59
0.30782148241996765,0.31907758521445,0.03825883079707167,256,0.3718109130859375,0.33884495864679787,0.05971346052310534,10.38880443572998,14.709821159456983,7.41942705637652,9.674909591674805,12.170288498018994,3.1483195767998495,231,1.0,15.296296296296296,22.032212357008255,230329.22701650165,29.84387756526384,361066.07128045976,47.77415609284289,,19237.0,2.7025058717253843,0.7894693643041817,0.00014760804559942303,False,24367,halfplane,78.0,716.6913580246913,3635.4988301808467,0.04837259650230408,0.051081336436816206,0.007242302827704348,5354,24367.0,21801.925925925927,4456.614276480279,8282.0,7065.518518518518,1900.0868408426716,8000,1.0737883202692167,1.1645032730137705,0.22551224025343003,0.018,0.08,2.0,0.003,0.01,0.06,False,0.04,0.0008,0,True,65
0.38880452513694763,0.35911777183229543,0.07705157246528171,256,0.368865966796875,0.3049904152199074,0.10729754849880639,10.501944541931152,12.47071408636776,3.0396417273409773,10.187150955200195,11.71943579779731,2.5083163917621625,238,1.0,23.54320987654321,26.197751945169706,192741.76129032258,25.516486409700505,441240.85950980056,56.54632309754359,,17450.0,3.9320557813911483,0.7219728032452264,0.001409773308004684,False,24174,halfplane,69.0,477.7654320987654,3610.207792219527,0.042998056858778,0.04478235234632904,0.005865118256024408,656,24173.0,19582.271604938273,7226.357007873546,7818.0,6455.975308641975,2303.215417334991,8000,1.0309009679821295,1.0589310935116796,0.039860590931443826,0.018,0.05,1.0,0.01,0.003,0.06,True,0.035,0.0008,0,True,64
0.2179407924413681,0.22151365397888936,0.030912743965017867,256,0.3714599609375,0.37304762852044754,0.033135838182852366,81.9292221069336,77.24993166511442,6.851424902590559,21.860244750976562,22.09038367094817,0.37332706829439793,217,1.0,8.160493827160494,23.068045768088023,354268.40676923085,52.38658719440787,124323.37438106281,15.770874593547358,,27981.0,3.480801038843722,1.1353494565848505,0.00015074012106003768,False,24344,halfplane,34.0,1111.8271604938273,4928.687451524784,0.035295937210321426,0.03458265902727475,0.004215459951483941,14974,24202.0,23893.444444444445,3315.118849702725,10240.0,9464.098765432098,2019.5676447514381,8000,3.7478639500492936,3.5025298633007176,0.3359816205273197,0.013,0.08,1.5,0.003,0.01,0.03,True,0.035,0.0,0,True,63
0.34948354959487915,0.29751753006820325,0.07783882301085596,256,0.17657470703125,0.11873070987654322,0.07137848421811137,9.106118202209473,18.218876662077726,10.243967075849682,8.355216979980469,12.567708733641071,4.312189101379721,248,11.0,39.5679012345679,22.32583526514835,123383.962,15.920284221381467,258366.44040495847,32.608261692804646,,5221.0,1.1100630081300802,0.4511752506049085,0.00058842484097363,False,11572,halfplane,46.0,546.1481481481482,3604.5475602153724,0.04226141422986984,0.05000617640253938,0.011140499139205621,92,11572.0,7376.592592592592,3841.612642916609,5689.0,3148.814814814815,2119.5534476767266,8000,1.0898721050812306,1.3649446577925743,0.3593799413085335,0.01,0.05,1.5,0.003,0.003,0.15,False,0.035,0.0008,0,True,74
0.3622894287109375,0.35861461030112374,0.040968833992736056,256,0.3579864501953125,0.35040980209538963,0.035827340672675886,68.1001205444336,68.45699178436656,5.27681766592189,15.430126190185547,15.914249796926239,1.2151358291913426,214,29.0,41.876543209876544,15.871694438430268,85235.49522772274,9.195552695077398,0.5144032922107726,0.041952552294599266,,761.0,1.544327009936766,0.0324368100251482,8.42372992326134e-05,False,23461,halfplane,965.0,2031.9506172839506,3666.025802247787,0.034416940063238144,0.035164390679126904,0.004550836334023116,10809,23461.0,22559.88888888889,3266.934150046606,5062.0,4625.641975308642,989.8353187465445,8000,4.413452112015686,4.3275395857619285,0.37726139403578046,0.013,0.05,1.5,0.01,0.03,0.1,False,0.035,0.0,0,True,67
0.2887512147426605,0.2875741286042296,0.03317968995039444,256,0.5194549560546875,0.5119794680748457,0.032874376063465646,55.249977111816406,47.051330048360946,6.279333566218558,18.066749572753906,19.34581928488649,0.9930772764629924,216,1.0,7.432098765432099,22.643200419216654,107800.10457692307,14.474834791396686,0.495198902557604,-0.17088981596429345,,20389.0,3.3147944896115638,0.5988425532107007,0.00010155826874911943,False,34043,halfplane,592.0,1604.320987654321,4646.763979073376,0.03403400629758835,0.03463209029517056,0.003996116278766393,17076,34043.0,33143.753086419754,4296.842304633198,3785.0,3920.1604938271603,588.9434452043242,8000,3.0581029873982906,2.452855787247787,0.42380697271021844,0.018,0.06,1.5,0.01,0.003,0.15,True,0.035,0.0,0,True,54
0.18611641228199005,0.18870208623968523,0.026075258204270958,256,0.4339447021484375,0.43311356909481097,0.02413721330654659,44.954532623291016,41.90754586678964,2.7581026952627066,22.757747650146484,22.914280008386683,0.26263489562762965,232,1.0,5.617283950617284,20.380072511795404,409002.4208396947,53.922099134625554,462866.2375161231,58.99561751861787,,36475.0,5.343933604336043,1.2830841819556165,0.00019257937950770127,False,28439,halfplane,34.0,855.6666666666666,4458.005920826424,0.03016376681625843,0.029688585365628017,0.0034816298696616808,16064,28433.0,27971.20987654321,3473.538999086387,8288.0,7587.7037037037035,1311.273939460123,8000,1.975350750729632,1.8302975101899728,0.13360686295028815,0.013,0.08,1.2,0.003,0.003,0.06,True,0.03,0.0,0,True,34
0.3562338352203369,0.35110676803706603,0.04359746749325667,256,0.151092529296875,0.1465248767240548,0.04722306096756647,49.55776596069336,47.07476830188139,5.22487570844767,14.331805229187012,14.140132656803837,1.39155263392904,247,41.0,45.148148148148145,22.490113664008625,22506.395129629644,3.2151022208815863,23613.1766056731,3.6587643142536432,,35.0,0.2541601174345078,0.0035346394667743475,8.465435263095203e-05,False,9902,halfplane,1500.0,1762.2469135802469,3502.7500607974303,0.07916352152824402,0.0749380338339158,0.010963485516151058,2984,9902.0,9198.098765432098,1981.812828955051,793.0,867.4074074074074,214.796301884262,8000,3.4578872954958593,3.354223201100668,0.41331430645991246,0.013,0.06,2.5,0.01,0.01,0.15,True,0.035,0.0008,0,True,81
0.3063315749168396,0.3025755262301292,0.04341342760685883,256,0.1986846923828125,0.18111598638840665,0.05687752160321736,10.306427955627441,12.69947663059941,3.644671814472615,9.782767295837402,11.542869038052029,2.5840198240325862,253,7.0,23.506172839506174,26.40058148292937,280264.5994747475,33.505165018574054,244994.13040329216,34.03378606146676,,7825.0,1.5046327913279134,0.6009523078104602,0.0005171626411195258,False,13021,halfplane,35.0,451.5432098765432,3613.15796365937,0.04923860356211662,0.05001146364727138,0.006435694976700431,1052,13021.0,11465.061728395061,3174.5875180517314,7203.0,5973.2962962962965,1804.7837013073897,8000,1.05352891482989,1.0895401242914764,0.07511197631477176,0.01,0.08,1.5,0.01,0.003,0.15,True,0.04,0.0008,0,True,65
0.3271119296550751,0.35720528533429274,0.0633244222800739,256,0.1118621826171875,0.19077178578317902,0.061536895481695914,67.13640594482422,65.58339582843546,5.140688659334511,14.371390342712402,15.03812927669949,1.2405317671453353,244,52.0,58.074074074074076,21.03188512815472,112456.7062330097,4.389826320163835,7924.346207046998,0.37550011930396854,,372.0,0.3020618789521221,0.05311552549435827,5.879831475111776e-05,False,7331,halfplane,303.0,2153.716049382716,3612.3721020020434,0.04454464465379715,0.041372024143735565,0.007039904332411274,6,7076.0,11650.703703703704,3457.9784911913257,2368.0,2323.246913580247,601.6499234535881,8000,4.671531851043514,4.395515997110453,0.4427636594058146,0.01,0.05,1.5,0.01,0.01,0.01,False,0.04,0.0,0,True,81
0.3861769139766693,0.3203848535080015,0.08270720498751218,256,0.357421875,0.19537560733748072,0.13108279374826093,62.47468566894531,62.28809154180833,7.272176640779169,14.448265075683594,14.456370895291553,1.5689757506051678,243,70.0,62.53086419753087,21.199281620575526,3616.699653767806,1.2516921960635565,4416.048716766527,3.0068702704753134,,-311.0,0.25727393857272113,-0.013276980874316946,4.801199949313168e-05,False,23424,halfplane,21855.0,8702.888888888889,7122.705078102675,0.04253477603197098,0.0491062002716425,0.02825957791830803,101,23424.0,12399.604938271605,8410.633068286734,519.0,415.0740740740741,237.50414045917975,8000,4.324026639344262,4.351437981253653,0.5627635133984381,0.01,0.08,2.5,0.01,0.01,0.06,False,0.04,0.0,0,True,81
0.3229149281978607,0.3098908040994479,0.06743965235957912,256,0.338043212890625,0.2675063521773727,0.10792773909526067,10.11171817779541,14.56963351920799,5.822191105822903,8.095367431640625,10.163468266710822,3.0575713208416935,251,1.0,19.17283950617284,22.572128625865947,268924.27586561267,33.35717031635264,216286.81403761366,28.219504800167353,,30761.0,5.0680115176151785,1.388507718696398,0.0022397515336469776,False,22154,halfplane,36.0,453.55555555555554,3612.896464638522,0.03777112811803818,0.0415689400224774,0.007032548414614484,215,22154.0,17126.74074074074,7126.954302094455,8912.0,6777.185185185185,2836.3202648359006,8000,1.2490746592037556,1.4033654003379645,0.17078427964768766,0.013,0.06,1.2,0.01,0.03,0.15,True,0.03,0.0008,0,True,59
0.30781224370002747,0.31410153412524566,0.037845184836498874,256,0.2714996337890625,0.2788805549527392,0.0395360475177234,80.78694152832031,80.40231473946277,6.416409440474974,18.209299087524414,18.98953503738215,1.0100335263050975,241,21.0,23.34567901234568,14.60945110454117,168158.00952380954,19.707617044985025,1019.7748703628313,-0.5818626517830344,,5024.0,2.2814467028003618,0.27522952101746334,0.00020216655795230227,False,17793,halfplane,122.0,802.320987654321,3626.4712291674496,0.034568216651678085,0.034931743448531186,0.004025314098124122,6114,17222.0,17197.04938271605,2756.134387687481,7353.0,6354.3456790123455,1499.1033053169463,8000,4.436576181644467,4.254522880157633,0.416442236877498,0.01,0.06,1.0,0.003,0.01,0.01,False,0.035,0.0,0,True,80
0.1842968612909317,0.1900020624384468,0.031958143721765725,256,0.3332366943359375,0.3353846043716242,0.04010137058322732,79.24781036376953,77.145342791522,5.960559882251443,18.394407272338867,18.536955256520965,0.772280952565663,235,1.0,7.444444444444445,21.773242158072698,558749.662631579,75.59486281758367,1368.5629965027329,0.0735306823225031,,27684.0,4.866483288166216,1.2655205078335134,0.00022564914227564607,False,21839,halfplane,12.0,1008.9382716049382,5038.835732527851,0.030119244009256363,0.029717574286975978,0.0036431927697486823,11857,21836.0,21571.037037037036,3356.8353057952063,11230.0,10361.481481481482,2318.9734537692952,8000,4.308255872521635,4.17669227588561,0.3686014018099722,0.01,0.08,1.2,0.01,0.03,0.03,False,0.03,0.0,0,True,43
0.2901471257209778,0.2878592614038491,0.03319878520254404,256,0.5146331787109375,0.5117568027826003,0.031571026166042536,56.31289291381836,48.10756132337782,6.214648871931625,17.924528121948242,18.989786524831512,0.9231060666143875,227,1.0,8.308641975308642,23.687076215465062,113871.69100970868,14.62363646225289,0.47050754458177835,-0.09484007912373835,,20476.0,3.7326357271906057,0.6071100305393307,0.00011402974987034484,False,33727,halfplane,527.0,1704.0987654320988,4724.4160305535715,0.03498631343245506,0.03466202725690824,0.003980781487754288,17294,33727.0,33129.9012345679,4252.4062022299695,4158.0,3945.456790123457,583.0577560570982,8000,3.1416669137486286,2.5520254455464806,0.4170562555395017,0.018,0.06,1.5,0.01,0.003,0.15,False,0.035,0.0,0,True,42
0.21807922422885895,0.22097744194813718,0.02995380334053073,256,0.37347412109375,0.3719830925081983,0.03159740317479815,81.24468994140625,75.58961778805579,6.786996140077687,22.114110946655273,22.29237570586028,0.3486185792402488,242,1.0,7.604938271604938,23.020484175248278,450933.22460869566,59.14188355510022,181382.52685970487,21.095034272815248,,23082.0,5.1580370370370385,0.9385321025030731,0.00021478162615055704,False,24476,halfplane,23.0,843.4074074074074,4377.34474671005,0.034864526242017746,0.034608068611518834,0.0040130896050132245,12428,24233.0,23763.197530864196,3234.4202847288584,10229.0,9581.25925925926,1916.729472579853,8000,3.6738846216702075,3.39588515226949,0.3289399082922299,0.013,0.08,1.2,0.003,0.01,0.03,True,0.035,0.0,0,True,62
0.0,0.003298291304137236,0.02857281308255679,256,0.0,0.006733647099247685,0.05537646311838357,0.0,0.9598153667685426,6.414122971210289,0.0,0.5655387595847801,3.5695781086297056,267,0.0,2.8395061728395063,17.962551435615218,-2664.0,-0.05618289903790144,-19119.5,-0.38675422588115116,,0.0,0.288607046070461,0.0,9.718299810942517e-05,True,0,halfplane,0.0,417.9753086419753,3618.8371980592055,0.0,0.0004687306045750041,0.004192453979857134,0,0.0,36.71604938271605,328.28654430926065,0.0,3.0987654320987654,27.60461803299309,8000,0.0,0.043639093129631705,0.2996044186916499,0.01,0.05,2.0,0.003,0.01,0.03,True,0.035,0.0008,0,True,2
0.2889607846736908,0.28849102427930007,0.03519156820309334,256,0.513031005859375,0.5122010030864198,0.0403482581637962,75.09663391113281,69.69735176180616,7.237006461784488,17.419584274291992,18.37653769975827,0.9971368582437921,220,1.0,10.839506172839506,25.353528397942377,143253.4496954314,17.110331468662803,0.49108367622829974,-0.026429880417000503,,17541.0,2.4454704155374887,0.417041133741193,7.273992756044755e-05,False,33622,halfplane,496.0,2202.296296296296,6045.8592021693175,0.03485046699643135,0.03475361758912051,0.005008839112373547,19140,32620.0,31989.753086419754,4368.409939076667,4211.0,3976.0493827160494,653.2795688617634,8000,4.311046338706799,3.8200150558322252,0.5146286533584084,0.018,0.06,1.2,0.01,0.01,0.01,True,0.035,0.0,0,True,73
0.2504105269908905,0.2510731477796296,0.03295623320780403,256,0.451080322265625,0.44470497413917826,0.03507009241693718,84.01599884033203,81.09810515980662,6.5924423476269824,18.692283630371094,19.112607484982338,0.705669506829317,224,1.0,7.2592592592592595,23.211734887516272,234240.63696096092,32.88150569813811,0.49108367622829974,-0.027824000647658925,,28158.0,5.660773486901537,0.9519338189773592,0.00019359984032134989,False,29562,halfplane,71.0,802.0987654320987,3922.8634181746374,0.040116339921951294,0.039607735373723654,0.004504245316477198,14808,29559.0,28734.271604938273,3932.6697337651854,7275.0,6980.580246913581,1126.620948712987,8000,4.49468912793451,4.257470358745541,0.3944256156236623,0.018,0.08,1.5,0.01,0.03,0.03,False,0.04,0.0,0,True,61
0.3674122095108032,0.27813720303001227,0.11468897278274984,256,0.3006591796875,0.16992677288290894,0.12126543662259745,11.546944618225098,19.4385605800299,7.725020661865098,8.276199340820312,13.062970290949314,4.245117828824082,263,7.0,34.839506172839506,18.56616914695037,154323.56481818183,17.677566685476695,168740.17643161054,16.795711161454264,,22626.0,3.962154245709124,1.148391504915804,0.005575076763525552,False,19704,halfplane,53.0,448.25925925925924,3613.489369932033,0.03954474627971649,0.04572420042973978,0.008487507661117312,89,19697.0,10728.925925925925,7662.613151888896,8018.0,4363.493827160494,3064.2519362764942,8000,1.3951989443767763,1.4631284537958396,0.13494411252658225,0.013,0.05,1.0,0.003,0.03,0.03,False,0.03,0.0008,0,True,69
0.25141799449920654,0.251070409461304,0.03262824446960203,256,0.4516754150390625,0.4467328860435957,0.03037435754755322,70.68572235107422,64.8680812223458,6.20727274616262,18.749488830566406,19.276773970804097,0.7094734721556853,236,1.0,4.864197530864198,17.048770337917503,255951.24261919502,32.65992141729608,0.5006858711130917,-0.08063624316784153,,28460.0,3.630340560072269,0.961454004932266,0.00012551490405225018,False,29601,halfplane,95.0,669.2222222222222,3692.2045172946287,0.040026143193244934,0.03965370002904056,0.0045005301591406885,14399,29601.0,28868.40740740741,3784.724103250184,7239.0,6983.580246913581,1083.045567070267,8000,3.77000777000777,3.377939842887779,0.38055971536693717,0.018,0.08,1.5,0.01,0.01,0.15,False,0.04,0.0,0,True,40
0.30990830063819885,0.30989528769328273,0.03693504109917742,256,0.430633544921875,0.42925290708188657,0.03997282161015054,85.18783569335938,87.69571770562067,7.214089887554009,19.911638259887695,20.76483639375663,0.8181802644497993,229,14.0,24.185185185185187,24.359504500987036,98718.84150122246,13.414921704373391,24184.089800186222,-0.5330008783096688,,9076.0,2.443865176151762,0.32125367461284116,9.721000200485211e-05,False,28222,halfplane,236.0,2029.6049382716049,5533.123743641087,0.02994479052722454,0.029860309589608214,0.0036903514178656003,13982,28210.0,27711.037037037036,4023.2767814751014,5974.0,5577.728395061728,1143.4536165251034,8000,4.2782935298703135,4.235141408248992,0.3854709569758188,0.013,0.05,1.2,0.003,0.03,0.03,True,0.03,0.0,0,True,67
0.25168392062187195,0.25499505356506064,0.033687948251335434,256,0.4315948486328125,0.4313678505979938,0.061117462911915554,72.147216796875,68.55786438930181,5.8140985822295805,17.74029541015625,18.23514050613215,0.8932274404267359,239,1.0,12.209876543209877,27.138290587915463,302315.3863087248,38.72149434789635,0.4951989024411887,-0.014662619909959998,,31182.0,4.191430442637761,1.0354930803930147,0.00014916273075576026,False,28285,halfplane,72.0,2089.185185185185,6995.405734155777,0.02995479665696621,0.029808613092259125,0.004667103525244052,10952,27650.0,27177.444444444445,4861.55785121814,8088.0,7193.111111111111,1731.7509015979128,8000,4.066855223616758,3.7790304814189426,0.4018766906809625,0.013,0.06,1.2,0.01,0.01,0.01,False,0.03,0.0,0,True,71
0.2797589600086212,0.2912862972344881,0.03838065714016059,256,0.2307281494140625,0.21141768090518903,0.05318782942852167,9.830236434936523,15.237386738812482,10.216843075302075,7.063774108886719,8.637997197516171,2.8637295877660436,264,2.0,14.753086419753087,17.757996539342408,325285.9769547739,41.15006043802589,209587.23326417938,29.595542914135425,,18728.0,2.7678265582655834,1.2385424244428278,0.0002660301335644528,False,15121,halfplane,25.0,487.0,3610.867694360019,0.043086208403110504,0.047266170014569786,0.0109722908367103,2596,15121.0,13450.938271604939,3152.846303105247,8478.0,6904.7037037037035,2239.986857569715,8000,1.3916407644997024,1.6588103769387927,0.48187181058660794,0.01,0.08,2.0,0.01,0.03,0.1,False,0.035,0.0008,0,True,50
0.3811062276363373,0.32768402791317597,0.06604906119929269,256,0.2106781005859375,0.20203766999421297,0.1056191842278104,76.14868927001953,73.15606642358097,7.149781736720408,16.3344783782959,17.064031024038055,1.6026181598357494,259,56.0,63.629629629629626,17.795438758388805,19008.583045951847,2.1939751377535233,96507.97700941679,11.058054663359822,,-282.0,0.5320289069557367,-0.01671653334053458,0.00022373898935284581,False,13807,halfplane,2852.0,5664.604938271605,5315.522270146185,0.04951908439397812,0.04341143087978348,0.014455915259006608,1537,13108.0,12170.555555555555,6362.720204052802,1061.0,1026.2962962962963,337.37408055924533,8000,4.6618381980154995,4.321821655390479,0.4738683658080519,0.01,0.06,1.5,0.003,0.01,0.01,False,0.04,0.0,0,True,81
0.34215158224105835,0.33527642764427046,0.041398898892815957,256,0.07745361328125,0.08955289110725309,0.048266600230027455,62.482662200927734,59.207004170358914,4.758381220575192,17.670177459716797,17.209214340021582,1.3437807388376874,266,39.0,38.53086419753087,14.821644516272238,38183.13083236995,4.601715112080701,122320.8454618773,17.31923633107457,,-1.0,-3.1616982836494544e-06,-0.00019700551615442485,2.713685425044845e-09,False,5076,halfplane,422.0,829.9506172839506,3574.786810189117,0.09075423330068588,0.09125177516245547,0.011964004456108672,2393,5076.0,5464.407407407408,1155.1839335962725,658.0,667.3703703703703,124.33978182507508,8000,3.536052009456265,3.4596538132389534,0.3113740559174819,0.01,0.05,2.0,0.003,0.03,0.1,True,0.04,0.0008,0,True,81
0.005335076246410608,0.0063714235014983535,0.011601676577316958,256,3.0517578125e-05,0.00620825496720679,0.055207617408237666,20.0,21.014217117686332,4.500369323787316,20.0,19.940106862857018,1.1378703290077261,273,1.0,2.6049382716049383,11.207007301260697,614.0,-0.837630482384823,-39.0,0.018438406176928726,,11.0,4.21790356820235,5.5,3.673038450142025,False,2,halfplane,1.0,405.98765432098764,3618.1838138710837,0.05246301740407944,0.05064118768513939,0.006832234573741168,1,2.0,2.2839506172839505,3.0519557295837574,2.0,1.8395061728395061,1.5982767735982475,8000,1.0,1.0742622871849927,0.43288648356373416,0.01,0.05,1.0,0.01,0.03,0.01,False,0.035,0.0008,0,True,8
0.30134040117263794,0.31483211193555666,0.04203336081978979,256,0.3810577392578125,0.3755577935112847,0.0528493548599244,8.942177772521973,11.305627893518519,3.5006455319855214,8.748452186584473,10.331766222730096,2.249613236238454,262,1.0,23.493827160493826,27.963434438562015,209690.2798113207,27.427700095055084,546277.6413949562,67.82157627503149,,19334.0,2.6240033875338753,0.8019098130469482,0.001111412483275779,False,24973,halfplane,88.0,1659.567901234568,4333.783326886771,0.04742727428674698,0.0483222698079951,0.006250684276446209,293,23038.0,22616.037037037036,4021.7713020553106,8395.0,6681.617283950617,2143.2417327808275,8000,1.022143915428663,1.0814986820731884,0.11510783593640433,0.018,0.08,2.5,0.01,0.003,0.01,True,0.04,0.0008,0,True,80
0.3549354374408722,0.3598535633013572,0.04626160989538773,256,0.4813079833984375,0.4467025568455826,0.07524668260896844,8.776400566101074,10.547799016222541,3.0872403204276786,8.619546890258789,10.031010863221722,2.4697097899827383,260,1.0,9.604938271604938,21.247907093650124,182282.80633426184,23.46253051756863,719637.0683911424,100.67296368832197,,36189.0,6.259806458897924,1.1649364323209106,0.00040340882952863915,False,31543,halfplane,163.0,643.5925925925926,3592.7504089048366,0.03684018552303314,0.03813486095563865,0.005110348166311785,2359,30389.0,27741.69135802469,5688.794872578109,5777.0,5418.407407407408,1071.1033169123723,8000,1.0181973813524394,1.0437190874848734,0.04881955628884979,0.018,0.05,1.2,0.01,0.003,0.01,False,0.03,0.0008,0,True,78
0.18417377769947052,0.18992468273198163,0.034948102364976606,256,0.334381103515625,0.3353469283492477,0.04542401535671234,91.9543685913086,89.7911652929989,7.333221964297791,21.434141159057617,21.5973181547942,0.41782231808971354,250,1.0,8.481481481481481,23.16239561540901,545249.0512083333,72.2774217081301,157953.75396529422,20.59810651620484,,30028.0,4.638706413730804,1.3261868977740523,0.0002431914684398481,False,21914,halfplane,16.0,1130.0617283950617,4930.537947625971,0.02996928058564663,0.029738898975429712,0.004008853330104394,5829,21614.0,21306.432098765432,3615.520791126561,11166.0,10274.864197530864,2506.875344707704,8000,4.29008852788172,4.1642825956308,0.3621673700495931,0.01,0.08,1.5,0.003,0.03,0.03,True,0.03,0.0,0,True,60
0.23648081719875336,0.23783481856923044,0.02914937805241665,256,0.5989227294921875,0.5972371042510609,0.02910611129567672,94.57417297363281,84.08005424782083,10.784739876918705,22.67047119140625,22.75035869928054,0.25985062982942947,223,1.0,5.209876543209877,19.484540278418205,156077.67099999997,20.424106265647904,392481.58377123554,49.810177649294495,,46677.0,6.5418462059620595,1.1891926320348523,0.00016878854860127976,False,39251,halfplane,34228.0,34136.38271604938,3566.1842684085286,0.030176591128110886,0.029704449698328972,0.00343880005440443,25619,39251.0,38596.92592592593,4749.351781053078,767.0,804.2716049382716,415.65248460601384,8000,4.171689893251127,3.6999954857598456,0.4874731570329444,0.018,0.06,1.2,0.003,0.03,0.15,True,0.03,0.0,0,True,12
0.04282509908080101,0.021066218419115483,0.009462038270373726,256,0.00189208984375,0.006695971076871142,0.05515477911101095,14.379032135009766,19.51087448920733,8.097926304206009,10.016854286193848,13.731927271242496,2.3277876628344583,276,37.0,16.88888888888889,13.965566119461002,17260.096580645164,-7.537895064855814,6053.388056045464,0.9357555035487322,,187.0,0.8666160794941277,0.8529411764705879,0.17210471888471754,False,124,halfplane,10.0,410.69135802469134,3617.659548443418,0.04781334847211838,0.05576521820492215,0.011400011060452122,3,102.0,22.938271604938272,21.557471666848397,74.0,21.19753086419753,17.117906120573018,8000,1.435483870967742,1.404751261448371,0.44385829391461934,0.013,0.05,1.0,0.01,0.03,0.03,True,0.04,0.0008,0,True,48
0.25755512714385986,0.25452664255360025,0.03365333009678865,256,0.4508819580078125,0.4455705807532793,0.035368258954743215,73.08805847167969,61.253329147527246,9.341480059271,19.83795738220215,21.001782570356205,0.8519443876580285,249,1.0,9.88888888888889,24.225789747475496,131478.13174358977,15.910353142892204,1229.345091122901,-3.2070485351975644,,17725.0,1.554813008130081,0.5998510947917017,5.330485359067342e-05,False,29549,halfplane,313.0,1334.8395061728395,4216.9815325475,0.03994576632976532,0.039239937002644124,0.004642959475227581,13772,29549.0,28790.654320987655,3967.047697729582,6011.0,5876.469135802469,808.6737669747179,8000,3.684253274222478,2.9382903301427636,0.5431075374387977,0.018,0.08,2.5,0.003,0.003,0.15,True,0.04,0.0,0,True,48
0.26068663597106934,0.26759593059987197,0.04019403912340751,256,0.322418212890625,0.32413096486786264,0.044858287382784696,87.55276489257812,87.28544136329934,7.076816491639205,20.227312088012695,20.427858517493732,0.6699458218032948,252,1.0,14.74074074074074,23.378146267574195,231722.84038907848,32.04156409378734,9394.984183167457,0.2858106864213202,,15390.0,1.6419083107497745,0.7282499182393809,7.722991767184127e-05,False,21130,halfplane,66.0,1421.320987654321,4447.3935044457985,0.04057527333498001,0.04002260577715473,0.005758916364614399,12027,21130.0,20837.395061728395,3522.620810531617,9139.0,7906.913580246914,2224.61556782973,8000,4.328442972077615,4.282788140685635,0.369707501312061,0.013,0.08,1.5,0.003,0.03,0.06,True,0.04,0.0,0,True,63
0.3116587996482849,0.23923543311747503,0.09175204134623648,256,0.172607421875,0.09757166732976466,0.07780839742604484,15.454119682312012,23.467720879448784,6.580290379193941,11.009320259094238,15.591039586950231,3.4860121914894586,274,15.0,41.7037037037037,24.03466860442545,171816.85466666665,18.22019947101102,92884.38894811452,9.578493062588302,,10969.0,2.1746178861788628,1.0191354667177759,0.021481456351176764,False,11312,halfplane,26.0,432.17283950617286,3615.2640181242355,0.05216371268033981,0.05893386366926594,0.00938843420528717,42,9598.0,4947.777777777777,3619.160290713378,6457.0,3234.1975308641977,2342.4329623713415,8000,1.4037305516265912,1.491329896563203,0.119572153704199,0.01,0.08,1.0,0.003,0.03,0.01,True,0.04,0.0008,0,True,80
0.23519830405712128,0.2355213327172362,0.027323139550756825,256,0.601409912109375,0.5978333273051698,0.020782566508300532,98.09349822998047,88.55733117939513,10.719599973178083,22.728382110595703,22.923089933984073,0.267950448182043,222,1.0,5.790123456790123,21.040652039715006,148418.1029702971,18.991031858149274,450708.1170449711,51.06308703883098,,56877.0,7.542736901535684,1.4430659156644845,0.00019387096390068774,False,39414,halfplane,33329.0,34053.8024691358,2609.054222566139,0.030332939699292183,0.029691248879204563,0.003407350211640254,31082,39414.0,38661.59259259259,4526.8624535681865,861.0,872.7407407407408,422.1561286800978,8000,4.315902978637032,3.8683394343740254,0.48788017088186886,0.018,0.06,1.5,0.003,0.03,0.15,False,0.03,0.0,0,True,29
0.2587617039680481,0.2638228476783376,0.03666481663201558,256,0.3361053466796875,0.33146271882233797,0.03630529104564045,71.28828430175781,67.5750493179133,5.373859518414745,16.531213760375977,16.981601974110543,1.012297188264513,254,1.0,10.82716049382716,22.44762910489729,292543.6726319703,38.20056349873623,0.4938271604478359,-0.01221719395639234,,24340.0,3.7001996386630545,1.105198771452374,0.00017579845385120508,False,22027,halfplane,63.0,900.1604938271605,3773.769083780634,0.029933933168649673,0.02993594330769998,0.004075228970423787,10864,22026.0,21317.876543209877,3133.7870884319213,9353.0,8563.469135802468,2168.7772574096393,8000,4.312343941526309,4.003224321690305,0.4110289182594268,0.01,0.06,1.2,0.01,0.01,0.15,False,0.03,0.0,0,True,43
0.1853436827659607,0.18762813122184188,0.026476494865379688,256,0.4344940185546875,0.43306025752314814,0.025167510766541824,60.641578674316406,56.33914759129654,4.452925812743887,20.099042892456055,20.233032155919958,0.5545037689638308,255,1.0,5.382716049382716,19.61957192447427,428836.4720625,54.43322996141581,4731.345083014108,0.5976875469647648,,43260.0,7.203800135501357,1.518804319061239,0.0002582825509409249,False,28475,halfplane,40.0,825.3456790123457,4380.018676775372,0.029897388070821762,0.02970154422484798,0.0035181046857564115,15636,28474.0,27969.716049382718,3505.7855893343494,8431.0,7977.172839506173,1366.9455071469458,8000,3.017137840210711,2.790555160864409,0.24928764679685153,0.013,0.08,1.2,0.01,0.01,0.06,True,0.03,0.0,0,True,33
0.2803786098957062,0.28805502973220964,0.037143349015213045,256,0.29833984375,0.2857468216507523,0.04807829109553695,10.505319595336914,12.179304947087795,2.785864302931732,10.281824111938477,11.567088162457502,2.13976018702169,270,1.0,7.814814814814815,18.30071921349373,354790.3535506608,48.23749107852688,508443.5740345046,68.1300288827167,,22897.0,3.7852353206865414,1.2039190111532783,0.00042869199341774746,False,19552,halfplane,38.0,467.55555555555554,3612.122928332135,0.04359394311904907,0.04439783344666163,0.005545979068743263,2183,16957.0,15960.061728395061,2998.396058247731,9853.0,8698.098765432098,1986.327820997232,8000,1.021736906710311,1.04711746176935,0.05175115264248441,0.013,0.08,1.2,0.01,0.003,0.01,True,0.035,0.0008,0,True,78
0.3486754298210144,0.3451093225567429,0.03961215927909744,256,0.3160247802734375,0.311404569649402,0.035903176592576275,82.96939086914062,82.98171931137273,6.699511374551547,19.283578872680664,19.765038431426625,0.8116394456629632,256,29.0,30.098765432098766,16.890792976196558,108029.47712299466,13.60921362305786,16990.86875655607,0.7632002780844608,,1407.0,1.5575336495031615,0.06774310566537856,0.00012158359674581413,False,20711,halfplane,299.0,901.6172839506173,3587.3116643226326,0.039480797946453094,0.040047724811751166,0.00464134128400209,6963,20705.0,19997.876543209877,2936.6065844222308,5783.0,5560.962962962963,1093.7631657839775,8000,4.302592825068804,4.21026152735955,0.3636323523056719,0.013,0.06,1.2,0.003,0.03,0.03,False,0.04,0.0,0,True,81
0.3391285538673401,0.3347300747294485,0.0389592227877328,256,0.4480438232421875,0.4424996081693673,0.04878001492985119,86.0621566772461,84.31305873541184,8.546840271943363,19.11212158203125,20.151878827883873,0.909692269750974,245,13.0,19.246913580246915,22.14125854553408,102334.23835207825,13.306873380505328,5412.32227437105,-1.3578424157669855,,2221.0,1.2079286359530266,0.05864063974724365,4.840681042305126e-05,False,29363,halfplane,260.0,1551.0864197530864,4950.465365822756,0.04059593752026558,0.03978708664668195,0.0050121842026171195,9157,27912.0,27164.85185185185,4267.2209307556695,5575.0,5208.62962962963,972.6175252791355,8000,4.50301399720737,4.206752742063283,0.5262327046007171,0.018,0.06,1.0,0.003,0.01,0.01,True,0.04,0.0,0,True,75
0.0,0.003115488739790579,0.0278236335953115,256,0.0,0.006337483723958333,0.05521278636628883,0.0,0.6841540160002532,4.320848918229081,0.0,0.5104854725025318,3.279551577761229,290,0.0,2.8395061728395063,17.962551435615218,-3063.0,-0.07671148826695641,-1164.0,-0.022399258262063085,,0.0,0.288607046070461,0.0,0.0003305922635400471,True,0,halfplane,0.0,406.4320987654321,3618.1727225669724,0.0,0.00022182963144632033,0.0019841045413507897,0,0.0,10.790123456790123,96.39805797559535,0.0,2.7160493827160495,24.18153288236234,8000,0.0,0.03531372715201853,0.23201002079658356,0.01,0.06,2.5,0.01,0.003,0.03,False,0.04,0.0008,0,True,2
0.1789821833372116,0.09067873001374581,0.0570808235295063,256,0.0338287353515625,0.01774879738136574,0.05513376070972299,12.835814476013184,16.54584383081507,3.8330839518729265,5.0250749588012695,7.935984205316614,3.810152630389834,292,89.0,54.641975308641975,29.474956367877446,26477.898848484852,1.8586549741010885,122953.50237115423,13.212769575069462,,1951.0,0.5358245257452582,0.8800180423996391,0.004687497280284767,False,2217,halfplane,31.0,423.81481481481484,3616.2048147198116,0.050139475613832474,0.0532820715488475,0.007904112875254787,4,2217.0,758.6543209876543,759.5519660615696,1203.0,386.4938271604938,389.4454469302929,8000,2.5543527289129453,2.3062918159937644,0.5489007609482625,0.013,0.05,1.5,0.003,0.03,0.15,False,0.04,0.0008,0,True,54
0.27394595742225647,0.2876961569727203,0.0447395728895971,256,0.313720703125,0.31928224916811343,0.07443186363530714,81.074951171875,80.22421010335286,6.687001564259133,18.86958122253418,19.07138417090899,1.0086687168437123,261,35.0,60.51851851851852,22.336987601043326,96043.31466840731,10.597425524679325,12559.813097752398,-1.571324778233404,,17853.0,3.5691817976513116,0.851512564546407,0.0002039386800805695,False,20560,halfplane,543.0,4376.555555555556,5860.159025356661,0.030392540618777275,0.03102174589847341,0.00881151357460176,6445,19777.0,19709.04938271605,5007.531510107733,7868.0,4960.580246913581,2236.5506503233205,8000,4.2965953307393,4.221248094080067,0.3721247474941399,0.01,0.06,1.5,0.003,0.03,0.01,True,0.03,0.0,0,True,81
0.3499487340450287,0.2929406318767571,0.0826020274788665,256,0.19610595703125,0.2517221709828318,0.17840481227132568,71.63585662841797,76.1950452828113,6.919554315388316,16.380172729492188,17.988838030968182,1.7325004028119817,268,86.0,63.839506172839506,17.985904487958393,28528.964734966605,5.695096005532335,83418.75676638179,5.987970786460194,,-156.0,0.8464586720867205,-0.012138188608777023,9.07396780417546e-05,False,12852,halfplane,4291.0,9410.506172839507,10434.54228012139,0.04938545078039169,0.040213543001884296,0.019068621011738767,1529,12852.0,16092.308641975309,11688.800224253895,1091.0,1444.1604938271605,516.6359239788065,8000,4.373327108621226,4.273352941338528,0.4793570069660619,0.01,0.06,1.5,0.003,0.01,0.1,False,0.035,0.0,0,True,80
0.355726957321167,0.3319847732782364,0.0687019059230114,256,0.27227783203125,0.22765322084780093,0.08171049145785772,11.613931655883789,14.601787237473475,3.9748329745301496,11.251370429992676,13.750774724983875,3.317502232917371,280,6.0,20.938271604938272,19.36354324211335,203737.78074157302,28.406751774214868,462017.8499507962,58.01845172517007,,8301.0,1.9580968834688348,0.4651983860121047,0.0014545239282768442,False,17844,halfplane,70.0,459.2716049382716,3612.2518984814183,0.04453036189079285,0.04660447061429789,0.006549869532625762,477,17844.0,14514.888888888889,5227.594676212515,7759.0,6252.962962962963,2278.086236265613,8000,1.0322237166554584,1.0555382686846764,0.03480961916662587,0.013,0.06,1.0,0.003,0.003,0.1,True,0.035,0.0008,0,True,69
0.24397972226142883,0.2648159655523889,0.042475510755711425,256,0.25885009765625,0.23096852243682484,0.06196766802594925,10.668474197387695,16.51205908221963,9.410733169126287,9.494281768798828,12.108359513459382,3.2519792495507494,285,1.0,12.814814814814815,23.471080767044235,422982.1081340782,57.452741198732454,287615.3708453906,40.7486962146384,,30967.0,4.66520167118338,1.825453902381514,0.0007246260944614003,False,16964,halfplane,18.0,461.25925925925924,3612.4573995618043,0.03856316953897476,0.04286029189825058,0.009054066209108922,771,16964.0,14732.185185185184,3913.9982970627552,9886.0,7953.222222222223,2617.2518194510353,8000,1.1236736618721999,1.2935372597993702,0.31644263988602134,0.01,0.08,1.5,0.003,0.03,0.06,False,0.03,0.0008,0,True,44
0.31326186656951904,0.32444746332404056,0.04217862181458212,256,0.3607940673828125,0.310848848319348,0.07649530394815154,7.901289939880371,14.570648817368495,10.83594795868525,5.276825428009033,7.597340530819363,3.4084054915125424,275,1.0,24.506172839506174,25.909206837205367,199679.62657328986,25.9950380805228,272859.1521707819,37.570368874526594,,33559.0,4.932662601626018,1.4192852611545779,0.00031328894486349154,False,23645,halfplane,159.0,805.8888888888889,3619.4394525419657,0.03609374910593033,0.041450129315992935,0.011715950422375354,2310,23645.0,19967.012345679013,5309.7267314627925,8023.0,6370.62962962963,2405.2019367722432,8000,1.4973567350391204,1.7659625887289159,0.48418331743932136,0.013,0.06,2.5,0.01,0.03,0.06,True,0.03,0.0008,0,True,62
0.18591086566448212,0.19029831132035196,0.03730764203820822,256,0.334259033203125,0.33520903410734953,0.054231544449049575,61.031864166259766,56.665338257212696,4.798486375351495,21.478368759155273,21.741024017333984,0.44650508317258175,271,1.0,7.654320987654321,19.89178159834423,437266.79273394495,55.21616291457551,100828.85395212693,11.482447868108027,,45937.0,5.865345302619694,2.098318786885324,0.0003402257691036123,False,21906,halfplane,27.0,1364.2716049382716,5442.626848558562,0.03043520078063011,0.029830905884780264,0.005032111076131742,3280,21898.0,21559.012345679013,4121.013960371401,10846.0,9942.246913580248,2550.6720321469975,8000,2.841550260202684,2.6113326060815787,0.2498703082789316,0.01,0.08,2.0,0.003,0.003,0.06,True,0.03,0.0,0,True,54
0.3125973641872406,0.30934135652618644,0.041692984722015505,256,0.428924560546875,0.4274357925226659,0.06805238398482855,81.9554214477539,81.3153227817865,7.442310036917742,18.23552703857422,19.334081955897954,1.2538761415218755,257,18.0,34.06172839506173,23.956929294260174,79526.4254515366,10.245901452049718,0.4979423868935555,-1.8199095182339708,,5466.0,0.8226307588075882,0.19445037353255068,3.219576053004752e-05,False,28110,halfplane,642.0,3743.8765432098767,7468.433462234242,0.030063657090067863,0.030266076441348336,0.0052866637812378665,14762,28110.0,27607.604938271605,5397.745578054574,5586.0,4911.950617283951,1232.1005941499084,8000,4.494272500889363,4.237950572155747,0.522451764179654,0.013,0.05,1.5,0.003,0.01,0.06,True,0.03,0.0,0,True,61
0.3520294725894928,0.35273991653948655,0.04269668089282548,256,0.1876220703125,0.20553306297019677,0.05081170337673433,51.32783126831055,44.88596134421266,10.020475801393166,15.33387565612793,15.172860581197856,1.700551587023044,277,26.0,36.48148148148148,21.381953340829508,20637.51130396477,2.4019442654192176,116893.47093325766,15.175305863676424,,-15.0,0.2574403794037943,-0.0012199089134676822,0.00011165652475923498,False,12296,halfplane,3051.0,3738.3333333333335,3764.0628528883294,0.08045468479394913,0.07901013302214352,0.014283724421380255,2550,12296.0,13065.271604938273,2926.9559884510604,860.0,898.1481481481482,323.9339252512299,8000,3.34734873129473,3.012916804809692,0.7796779950302358,0.018,0.06,2.5,0.003,0.003,0.1,False,0.04,0.0008,0,True,81
0.2313130497932434,0.26677278364882057,0.05248751423929363,256,0.2742156982421875,0.23415666745032793,0.06940021590949967,8.087418556213379,18.408377370716615,15.641882047365835,5.066195011138916,8.283621470133463,4.67841437896869,284,1.0,25.679012345679013,30.151808151867247,355674.94763265306,52.593001573267955,602979.5259695724,83.46892149688588,,33825.0,5.573592592592593,1.8817634381667574,0.00042586079594166725,False,17971,halfplane,39.0,908.6172839506173,3655.1092722106173,0.03674817830324173,0.044493858185079366,0.014701718040612998,1872,17958.0,14934.716049382716,4432.165068110277,10129.0,6860.037037037037,3622.4999806403544,8000,1.5963496744755439,1.9784553496842547,0.544929897729236,0.01,0.08,2.5,0.003,0.03,0.06,True,0.03,0.0008,0,True,66
0.26042452454566956,0.26230221692426703,0.03464079315349199,256,0.246368408203125,0.24851066683545525,0.03713368741009715,70.4561538696289,68.67689029081369,5.07813316938853,16.278188705444336,16.78816663483043,1.0536491316539802,272,1.0,6.604938271604938,18.728521203706162,341526.5699065421,42.48527627778771,0.4965706446673721,-0.031520780782081974,,13369.0,2.82498261065944,0.8280069367025891,0.00023813784733604584,False,16146,halfplane,27.0,491.51851851851853,3613.277364303142,0.04023004323244095,0.03988913161519133,0.004628870146454315,5425,16146.0,15881.79012345679,2383.1232319516935,8962.0,8392.283950617284,1809.4704172704746,8000,4.328254676080763,4.115242767577357,0.39334239975644064,0.01,0.08,1.0,0.01,0.01,0.1,True,0.04,0.0,0,True,50
0.320907860994339,0.31706471152511645,0.05065514981997073,256,0.3557586669921875,0.3126024787808642,0.08930374045226515,12.836800575256348,15.964236271234206,4.694689861538588,10.545806884765625,11.689628777680573,2.31389640757806,281,1.0,14.530864197530864,24.82734773489627,295973.89047509583,35.85705898417106,181236.7211864486,23.633928662348147,,25257.0,3.9233757904245707,1.0833404821137513,0.00072583236760282,False,23315,halfplane,45.0,454.91358024691357,3612.723695316937,0.050187647342681885,0.0527645073555134,0.0077852328136405165,829,23314.0,20082.135802469136,6116.256449566707,8853.0,7594.049382716049,2308.349792166137,8000,1.2172421188076346,1.3497186852222032,0.16588842850361152,0.018,0.08,1.2,0.01,0.03,0.1,True,0.04,0.0008,0,True,48
0.31034713983535767,0.317570428053538,0.03839208094817817,256,0.2709503173828125,0.25604945053288963,0.04225958537585461,9.593118667602539,12.225083610157908,4.944572454851545,9.077804565429688,10.662637887177643,2.594939286452153,293,8.0,19.765432098765434,17.70211091893083,222951.41325925925,32.15261718427289,337365.39132931374,45.95373835546622,,10532.0,1.7897400632339666,0.5931182069043193,0.00014213466601739426,False,17757,halfplane,76.0,585.0617283950618,3608.1145698655446,0.048269785940647125,0.04963929974186568,0.007379911037532625,5840,17757.0,16375.913580246914,2797.6742598337937,8285.0,6999.950617283951,1925.0237381972918,8000,1.0567663456664977,1.1206852179953,0.1655948935904797,0.013,0.08,2.0,0.01,0.003,0.15,True,0.04,0.0008,0,True,73
0.3920303285121918,0.3653657281840289,0.07526629631881973,256,0.35931396484375,0.30319119677131556,0.10312671291315587,11.34550666809082,13.89031332510489,3.899216609619526,11.082883834838867,13.236211670769585,3.2625765836463736,291,7.0,20.938271604938272,19.411302345310208,198486.9766405229,24.532195558618387,554241.1689494913,74.04960236782327,,12368.0,3.0538342366757005,0.5252250721929674,0.0012410254262404587,False,23548,halfplane,75.0,487.037037037037,3609.191959922128,0.04377666115760803,0.04600633317489683,0.006503171251662014,785,23548.0,19464.444444444445,6953.283100560713,7525.0,6363.481481481482,2140.0695449130785,8000,1.0236962799388483,1.0428989703959326,0.03236572845043409,0.018,0.05,1.0,0.003,0.003,0.06,True,0.035,0.0008,0,True,57
0.2960163652896881,0.3295932436062966,0.06034617155779985,256,0.1981201171875,0.4124471405406057,0.15239997966666027,58.157962799072266,56.35753626882294,6.905216635821527,15.255626678466797,15.883913534658927,1.7067053249703392,265,31.0,74.46913580246914,16.17808792418907,111869.2329230769,5.1839074455741425,0.48559670778922737,0.2095499160879358,,866.0,0.3223870822041557,0.06669747381392477,1.1664543511484204e-05,False,12984,halfplane,1154.0,14399.308641975309,12279.021553533796,0.0364653579890728,0.04230173327672629,0.01273791205187303,11086,12984.0,26624.9012345679,10402.560426276992,4301.0,2913.7901234567903,976.5383143577249,8000,3.812230437461491,3.6173464967610944,0.6664247416052046,0.018,0.06,2.0,0.01,0.003,0.15,False,0.04,0.0,0,True,74
0.33018457889556885,0.33701594872975055,0.042339466269722514,256,0.1728973388671875,0.14117224422501928,0.05123489729186218,17.103961944580078,39.514713569923686,11.39197027355528,5.275040626525879,12.473126935370175,3.814305287322994,297,83.0,53.617283950617285,18.397911785177538,79704.6661772152,7.523884486176732,354140.2021747354,35.38956517684782,,11641.0,1.7926492773261073,1.0273585738240227,0.0002017974629236015,False,11331,halfplane,512.0,1004.7777777777778,3558.8290451831917,0.044749271124601364,0.06304324611469551,0.013087359289954182,3332,11331.0,8847.246913580248,2310.8653263047663,4274.0,2073.222222222222,1079.2176064053572,8000,3.2424322654664195,3.198964001592061,0.2593222677735751,0.01,0.06,2.0,0.003,0.03,0.06,True,0.03,0.0008,0,True,78
0.30455225706100464,0.3124014440877938,0.03688827041058878,256,0.48779296875,0.44748508783034335,0.08754014995952099,8.93265151977539,12.056291827449092,7.2554953194361484,7.405191421508789,8.69422635914367,2.6188914672331776,283,1.0,11.049382716049383,22.405302081144892,138971.12976165797,20.295626973591798,227374.903471104,32.89014393099917,,54437.0,6.921899728997292,1.7027810228425313,0.00026861222126520917,False,31968,halfplane,290.0,849.8641975308642,3601.1662985694998,0.037394020706415176,0.03840851052491753,0.005115916438195563,4196,31968.0,28921.58024691358,6574.1392505434305,5287.0,5033.604938271605,947.3038111360564,8000,1.2062687687687688,1.3278591545761436,0.3300783175014456,0.018,0.06,2.5,0.01,0.03,0.1,True,0.03,0.0008,0,True,44
0.25513121485710144,0.2694109994688152,0.038271350347715755,256,0.3289337158203125,0.30437742633584103,0.053031198035878434,12.211856842041016,15.14301030429793,3.208832438228911,12.139214515686035,14.851398103031112,2.7535674155153376,298,1.0,6.530864197530864,16.902835191906934,423501.3846103286,56.46714370035245,804009.9136795177,105.43547780616876,,21384.0,3.7992606142728103,0.9919747645776318,0.00042923741587818834,False,21557,halfplane,33.0,448.0617283950617,3613.6277464643154,0.03957929462194443,0.04182915817256327,0.00559793786082098,1701,21557.0,19543.04938271605,3846.8009537547246,10057.0,8989.987654320988,2041.3970010502533,8000,1.0059841350837315,1.0160685943844627,0.027283006930644914,0.013,0.08,1.0,0.003,0.003,0.15,True,0.03,0.0008,0,True,48
0.42653077840805054,0.2902688514671208,0.09251824590235566,256,0.3470458984375,0.2800884482301312,0.21331713576840472,59.70655822753906,53.46462675965863,7.3553295321442675,14.934355735778809,15.2098545262843,1.71841079326861,287,102.0,69.8395061728395,19.40946491151151,9780.84633540368,3.058395221133229,4994.014969633776,2.512019909988201,,-1062.0,0.7661910569105694,-0.046693633485754615,0.0001397197173259556,False,22744,halfplane,17441.0,14221.432098765432,13565.979040666736,0.037350405007600784,0.03759578072730406,0.023585307739156524,594,22744.0,17951.283950617282,14030.969016310171,570.0,791.5802469135803,364.95833904631525,8000,3.9979335209285964,3.578032527672028,0.6570950244732133,0.01,0.05,2.0,0.01,0.003,0.1,False,0.03,0.0,0,True,80
0.2564059793949127,0.26421387364834914,0.03757927240561997,256,0.3321075439453125,0.3298288981119792,0.036477749973792634,51.90549087524414,47.91217643831983,4.095031865837062,16.965354919433594,17.26764346935131,0.9109672917080283,288,1.0,8.25925925925926,18.764148754037546,340193.56799999997,43.65476834662016,797.6556757714134,-0.03822742007791781,,24064.0,4.397408084914183,1.049121673078588,0.00021444512867657936,False,21765,halfplane,73.0,794.5185185185185,3713.8290583100916,0.029980318620800972,0.02991053949535629,0.0035693472518650124,8967,21232.0,20593.135802469136,3060.6260585779796,9735.0,8712.79012345679,2246.3917774244615,8000,3.0594991959568114,2.787776843714679,0.2954770563011536,0.01,0.06,1.0,0.01,0.003,0.01,False,0.03,0.0,0,True,76
0.26661089062690735,0.2826583683490753,0.03975339351018233,256,0.4270477294921875,0.38974413459683643,0.08264454933215572,9.118483543395996,12.923258204519012,6.455192755008174,8.831026077270508,11.236963354511026,3.1795147477793613,296,1.0,16.950617283950617,31.08367887190242,282402.3748813559,35.871477563154286,562104.4813639035,78.05705626718488,,35211.0,4.743255871725384,1.257429446590911,0.0005190027470763861,False,27987,halfplane,112.0,1033.3827160493827,3826.5239151587066,0.04238990321755409,0.04634615696138806,0.0111559702614343,794,27984.0,25129.555555555555,6046.1898480789,7886.0,6891.716049382716,1857.8129929847385,8000,1.0325508271697574,1.1114182897122613,0.19814124572997371,0.018,0.08,2.5,0.003,0.01,0.03,False,0.035,0.0008,0,True,66
0.34701865911483765,0.3590641264562254,0.043773887552009984,256,0.483306884765625,0.43767368646315585,0.07995626965508702,8.358274459838867,13.261776688658161,8.895245052550692,5.903576850891113,7.981607607853266,3.1035100605357124,289,15.0,20.962962962962962,23.40435985786949,95136.77911864407,13.349471415736371,261319.2655089766,31.24091357855414,,48043.0,6.042878952122857,1.5173989489669948,0.00031783401558092015,False,31674,halfplane,451.0,1151.8641975308642,3642.8465187728493,0.03717898204922676,0.040735873497194715,0.010003590524801204,1983,31653.0,28258.53086419753,6097.953643978373,4430.0,4383.382716049383,989.9921008277112,8000,1.4157984466755067,1.5666446422708236,0.37714868849218286,0.018,0.05,2.5,0.01,0.03,0.03,True,0.03,0.0008,0,True,55
0.25252586603164673,0.2520750461169231,0.03352229070132892,256,0.4482421875,0.44564103491512347,0.030057001250494986,54.14065933227539,48.71315534615222,4.429033353448175,18.34328269958496,19.269785398318444,0.8081670283105106,278,1.0,7.197530864197531,21.86401279801499,203677.34209195402,25.74193840462567,0.4993141288869083,-0.17371100359831468,,27557.0,1.3295112917795857,0.9379038889637998,4.6435773722215175e-05,False,29376,halfplane,135.0,953.9506172839506,4118.448371075649,0.040352653712034225,0.03954032438312784,0.004607076680999127,15658,29376.0,28799.172839506173,3758.8396055169806,6919.0,6610.395061728395,988.3531467505238,8000,2.951525054466231,2.539842077106183,0.30123072692315916,0.018,0.08,2.0,0.01,0.003,0.06,True,0.04,0.0,0,True,48
0.37038686871528625,0.30679161681069267,0.08244791341572358,256,0.4802703857421875,0.39615452142409335,0.21421751294474037,61.254295349121094,49.22013751371407,6.353844327397768,14.176941871643066,15.846183305905189,1.5136953251619538,279,43.0,60.58024691358025,16.857327378881468,1615.3502409638604,1.6213451080601604,0.49519890267401934,0.3742591924644448,,-1614.0,0.45501784101174336,-0.05127879269261304,2.2570202815165804e-05,False,31475,halfplane,21636.0,18134.765432098764,15553.122659962599,0.043813519179821014,0.04652205594803816,0.021576091784795266,4149,31475.0,25557.037037037036,14307.174320015802,1326.0,1690.7037037037037,680.1430395025839,8000,4.320698967434472,3.1515457581130146,0.5666198301596627,0.018,0.06,2.5,0.01,0.003,0.15,True,0.04,0.0,0,True,80
0.1850041300058365,0.19288106078718914,0.03777801063878882,256,0.33380126953125,0.3340401355131173,0.07708317222015795,88.79461669921875,87.48694893165872,7.042705008628179,20.32830238342285,20.47941674126519,0.6166737592303608,282,1.0,10.617283950617283,23.11141447516419,554483.6365185186,78.25955717886357,37702.84495411592,4.309585893210871,,38349.0,4.455837398373985,1.6896747723273595,0.00020354103742107666,False,21876,halfplane,23.0,1794.2345679012346,6973.370177778885,0.030033905059099197,0.03014322743969567,0.0077158115121934556,2507,21357.0,20904.83950617284,5233.747160936618,11009.0,9770.493827160493,2945.0482949925354,8000,4.3680288901078805,4.281946755107348,0.3731510073627769,0.01,0.08,1.5,0.003,0.03,0.01,False,0.03,0.0,0,True,70
0.28279605507850647,0.28206464372299334,0.03380573761584557,256,0.6007537841796875,0.5955369737413194,0.04731446029860744,102.16751098632812,94.05049924497251,10.929969825475833,22.01397132873535,22.36157469101894,0.3579103002720685,258,1.0,7.1234567901234565,21.819904106368018,96079.49647575058,10.978492447963236,144831.19155006856,12.818063522439262,,35660.0,6.113966576332431,0.90436423426473,0.00016161481599303966,False,39371,halfplane,30352.0,30590.59259259259,4980.150190550377,0.03000769019126892,0.029706584519626184,0.0035383405388614213,16999,39364.0,38593.20987654321,5288.880678602519,1137.0,1202.962962962963,455.3121963654412,8000,4.641030199893322,4.213842542125434,0.521935892722482,0.018,0.05,1.0,0.003,0.03,0.03,True,0.03,0.0,0,True,63
0.35138529539108276,0.3441095433117431,0.0396952084743154,256,0.3231353759765625,0.3116266698013117,0.03867358670520952,69.08169555664062,66.85254706865476,5.631017198613313,15.003158569335938,15.589556070021642,1.2461788905700895,286,18.0,21.925925925925927,18.39335479693335,127461.66677094973,16.86491686516671,0.4965706446673721,0.015434583217215959,,2810.0,1.5994157633243018,0.1326174189913396,0.00013876393956324535,False,21177,halfplane,298.0,636.5555555555555,3594.4355521099005,0.04133964329957962,0.039985290694016,0.004574478958836276,5904,21177.0,20018.20987654321,3086.6292722958824,6411.0,6188.592592592592,1165.6915689920745,8000,4.6044765547527975,4.327816286380635,0.5098953126327698,0.013,0.06,1.2,0.01,0.01,0.15,True,0.04,0.0,0,True,71
0.34008610248565674,0.32076018312830984,0.067878309470354,256,0.26763916015625,0.29071440520109953,0.11839021943998528,65.13375091552734,56.00629312020761,7.27031372448531,14.58615493774414,15.513608108332127,1.5465306316753038,294,34.0,70.17283950617283,17.392910520716452,48154.33409302321,2.747227451727656,0.49108367622829974,-0.3779258527699114,,954.0,0.9980408762420956,0.056797690438190385,0.0003744487166970389,False,17540,halfplane,1800.0,7334.827160493827,7229.956151003625,0.0268827173858881,0.034367214577893414,0.019659649195555396,981,16918.0,17891.64197530864,7517.02427220076,3326.0,2559.1111111111113,928.1040278006302,8000,4.465450399087799,3.668907419497967,0.6721852198709588,0.01,0.05,1.5,0.01,0.003,0.01,False,0.03,0.0,0,True,81
0.2537029981613159,0.25399468857565044,0.03084309443535732,256,0.4315948486328125,0.4333343505859375,0.03547795949589885,58.59034729003906,52.34456771097066,5.420931239588971,21.472246170043945,21.87285750589253,0.4388796172144232,295,1.0,9.012345679012345,25.07740797598679,242858.88622222224,28.920449817808695,87295.70020071196,9.767673586620027,,31770.0,5.867855916892503,1.1232101820753049,0.0002098687399975657,False,28285,halfplane,77.0,1364.4814814814815,5451.997142538655,0.03047054260969162,0.02974750616668183,0.0034590482184989214,17084,28285.0,27994.197530864196,3868.165090951794,7751.0,7144.2962962962965,1419.7319208298868,8000,2.728654764009192,2.398142325500739,0.2767669022527705,0.013,0.06,1.5,0.003,0.003,0.06,False,0.03,0.0,0,True,32
0.292498916387558,0.28180145463089884,0.03393771466743713,256,0.5299530029296875,0.4990552737389082,0.05030069409586434,82.06893157958984,81.76800329891252,7.89175046257191,18.21626853942871,18.986598474008066,1.2207027728423807,269,22.0,32.55555555555556,19.507516753204218,42226.83051835862,6.269512415216818,2052.786258837208,-1.0987776829734646,,5175.0,0.030547877145437812,0.1352914557599556,-1.0441045523266894e-05,False,34731,halfplane,4770.0,3841.9135802469136,4271.221750207452,0.035944610834121704,0.034250445364985935,0.004311002572870886,15776,33534.0,31150.555555555555,4795.616782123823,3550.0,3775.8024691358023,565.2460060905436,8000,4.5052546716190145,4.339906947872571,0.5443106920602361,0.018,0.06,2.5,0.003,0.01,0.01,False,0.035,0.0,0,True,77
0.25027701258659363,0.25153488969361343,0.03337067657516134,256,0.4493255615234375,0.44751598216869215,0.02560622099744326,58.32780838012695,50.911224647804545,5.7700649799737835,22.29290199279785,22.653332510112243,0.3139242638417526,299,1.0,6.160493827160494,21.219870020967424,262527.773625,32.51520394507864,150803.39524599223,18.953235550542747,,27030.0,4.01187149954833,0.9179515044488213,0.00013789064899306596,False,29447,halfplane,121.0,787.3827160493827,3947.012295826423,0.0400291308760643,0.03961469168648308,0.004469283409877261,16853,29446.0,28921.876543209877,3627.2645353557796,7400.0,6897.901234567901,1100.0049674965082,8000,2.6164295174381094,2.2506968537216667,0.27423226875106615,0.018,0.08,1.5,0.003,0.003,0.06,True,0.04,0.0,0,True,50
