F_std_final,F_std_mean,F_std_temporal_std,N,alive_density_final,alive_density_mean,alive_density_temporal_std,base_cfg,cog_load_final,cog_load_mean,cog_load_temporal_std,cog_specificity_final,cog_specificity_mean,cog_specificity_temporal_std,config_idx,correlation_length_final,correlation_length_mean,correlation_length_temporal_std,dyn_excess_pc_final,dyn_excess_pc_slope,eg_excess_pc_final,eg_excess_pc_slope,error,excess_activity_final,excess_activity_slope,excess_pc_final,excess_pc_slope,extinct,final_pop,init,largest_patch_final,largest_patch_mean,largest_patch_temporal_std,mean_intake_final,mean_intake_mean,mean_intake_temporal_std,min_pop,mode,n_distinct_genomes_final,n_distinct_genomes_mean,n_distinct_genomes_temporal_std,n_patches_final,n_patches_mean,n_patches_temporal_std,n_steps,negene_final,negene_mean,negene_temporal_std,param_food_inc,param_gdiff,param_m_scale,param_mu_egene,param_mu_egenome,param_mu_lut,param_restricted_mu,param_tax,param_tax_per_egene,seed,shadow,unique_top_genomes
0.0,0.0021863184225412065,0.01955502645304898,256,0.0,0.0061739697868441355,0.05521142955618739,0,0.0,0.8518518518518519,5.558024142904909,0.0,0.5802469135802469,3.6544044034523546,13,0.0,1.2962962962962963,11.263887937464753,-637776.0,-11.378569105691046,-301414.3333333333,-5.412232685937983,,0.0,0.0,0.0,3.963414634146333e-05,True,0,halfplane,0.0,404.5679012345679,3618.3417146405527,0.0,0.0012729457683033412,0.011385573078387877,0,3b,0.0,0.06172839506172839,0.4539450940950676,0.0,0.07407407407407407,0.561694477337152,8000,0.0,0.037037037037037035,0.24567591039669628,0.01,0.05,2.5,0.003,0.003,0.0,False,0.035,0.0008,0,True,2
0.0,0.002368170538066346,0.021181561221714416,256,0.0,0.006173593026620371,0.055211471165142155,0,0.0,0.43209876543209874,2.9603898292053823,0.0,0.43209876543209874,2.9603898292053823,15,0.0,1.308641975308642,11.266296263151538,-679845.0,-12.12913143631435,-3672.0,-0.06555182926829256,,0.0,0.0,0.0,1.7615176151761536e-05,True,0,halfplane,0.0,404.5679012345679,3618.3417146405527,0.0,0.00023707979715164798,0.0021205061700917834,0,3b,0.0,0.037037037037037035,0.24567591039669628,0.0,0.04938271604938271,0.34787661243470064,8000,0.0,0.024691358024691357,0.15518277888859916,0.01,0.05,2.5,0.01,0.003,0.0,False,0.035,0.0008,0,True,2
0.0,0.002049669439409986,0.018332800791698453,256,0.0,0.006174534927179784,0.055211367528346,0,0.0,1.0603566581820265,7.236212079562565,0.0,0.5502645469006197,3.484559821047797,17,0.0,1.2962962962962963,11.263887937464753,-576767.0,-10.290106820234882,-3350.0,-0.05966962511291763,,0.0,0.0,0.0,6.341463414634145e-05,True,0,halfplane,0.0,404.5925925925926,3618.3389742787563,0.0,0.0005328626728352205,0.004766068636527134,0,3b,0.0,0.07407407407407407,0.561694477337152,0.0,0.08641975308641975,0.6703146647159619,8000,0.0,0.050754458161865565,0.3595325347799907,0.01,0.05,2.5,0.003,0.01,0.0,False,0.035,0.0008,0,True,2
0.0,0.0022014033647231113,0.019689950277670554,256,0.0,0.006172839506172839,0.05521155499999482,0,0.0,0.30864197530864196,2.7605777499997406,0.0,0.30864197530864196,2.7605777499997406,19,0.0,1.2592592592592593,11.26315721999894,-610897.0,-5.518491418247494,-1420.5,-0.012831978319783244,,0.0,0.0,0.0,0.0,True,0,halfplane,0.0,404.5432098765432,3618.3444684796605,0.0,0.0,0.0,0,3b,0.0,0.012345679012345678,0.11042310999998964,0.0,0.012345679012345678,0.11042310999998964,8000,0.0,0.012345679012345678,0.11042310999998964,0.01,0.05,2.5,0.01,0.01,0.0,False,0.035,0.0008,0,True,1
0.0,0.003260778217220012,0.028825491713837834,256,0.0,0.00649741843894676,0.055251577143890715,0,0.0,0.9963672308274257,6.710704129776386,0.0,0.5658485271312572,3.5713354450958943,16,0.0,2.8395061728395063,17.962551435615218,-2584.0,-0.0578549006323397,-194.0,-0.05356286305714784,,0.0,0.288607046070461,0.0,0.00016770753122987412,True,0,halfplane,0.0,414.4074074074074,3618.317274058149,0.0,0.0002604663647987224,0.0023296819901688064,0,3a,0.0,21.28395061728395,190.25767028018086,0.0,3.074074074074074,27.383773593889984,8000,0.0,0.04535586079405,0.313929872911341,0.01,0.05,2.5,0.003,0.01,0.15,False,0.035,0.0008,0,True,2
0.0,0.001999778328118501,0.017886561126415387,256,0.0,0.006172839506172839,0.05521155499999482,0,0.0,0.30864197530864196,2.7605777499997406,0.0,0.30864197530864196,2.7605777499997406,21,0.0,1.2592592592592593,11.26315721999894,-531201.0,-9.47717208672086,-15704.0,-0.14186088527551952,,0.0,0.0,0.0,0.0,True,0,halfplane,0.0,404.5432098765432,3618.3444684796605,0.0,0.0,0.0,0,3b,0.0,0.012345679012345678,0.11042310999998964,0.0,0.012345679012345678,0.11042310999998964,8000,0.0,0.012345679012345678,0.11042310999998964,0.01,0.05,2.5,0.003,0.03,0.0,False,0.035,0.0008,0,True,1
0.0,0.0033957057138100082,0.02952256074817762,256,0.0,0.006673742223668982,0.05533718554410256,0,0.0,0.8387215225784866,5.456402297431685,0.0,0.5079182989803361,3.2672103837282256,18,0.0,2.8395061728395063,17.962551435615218,-2913.0,-0.05890476058972549,-2585.0,-0.05367052976280425,,0.0,0.288607046070461,0.0,0.00010867223977209648,True,0,halfplane,0.0,420.74074074074076,3619.4336975291217,0.0,0.00034100960158271553,0.003050082600476287,0,3a,0.0,32.839506172839506,293.61368996197956,0.0,3.123456790123457,27.825462500365447,8000,0.0,0.04518546376387671,0.31250363412521637,0.01,0.05,2.5,0.01,0.01,0.15,False,0.035,0.0008,0,True,2
0.0,0.0033984198292464386,0.029822055059450077,256,0.0,0.0065722053433641976,0.05528240957878222,0,0.0,0.7307477409456983,4.649095889517284,0.0,0.5833930262812862,3.6729063832963105,12,0.0,2.8395061728395063,17.962551435615218,-2708.0,-0.05832146271353262,-3035.0,-0.05605400333346064,,0.0,0.288607046070461,0.0,0.00013647805390583473,True,0,halfplane,0.0,412.17283950617286,3618.1349563993736,0.0,0.0002271674895360146,0.002031847795522003,0,3a,0.0,26.185185185185187,234.09563895037215,0.0,3.123456790123457,27.825462500365447,8000,0.0,0.03131260191008619,0.2012572415464388,0.01,0.05,2.5,0.003,0.003,0.15,False,0.035,0.0008,0,True,2
0.0,0.003494044524376039,0.030272099323336122,256,0.0,0.006775467484085648,0.05540693812438423,0,0.0,0.7275576179410205,4.62616740534776,0.0,0.5292364049840856,3.3730657131259902,14,0.0,2.8395061728395063,17.962551435615218,-2875.0,-0.05713618174234454,-10322.0,-0.1968192136200942,,0.0,0.288607046070461,0.0,9.052841704334274e-05,True,0,halfplane,0.0,424.82716049382714,3620.624299179012,0.0,0.000286838545659442,0.002565561946646759,0,3a,0.0,39.50617283950617,353.2421658574665,0.0,3.345679012345679,29.813063875176645,8000,0.0,0.03579050552062952,0.23576931483382077,0.01,0.05,2.5,0.01,0.003,0.15,False,0.035,0.0008,0,True,2
0.0,0.0021642906430326863,0.019358004003551272,256,0.0,0.006173404646508488,0.0552114920467375,0,0.0,0.46090534586965304,3.0629284190211514,0.0,0.46090534586965304,3.0629284190211514,23,0.0,1.271604938271605,11.262318189627749,-561252.0,-10.013303523035244,-3539.0,-0.06455149051490504,,0.0,0.0,0.0,1.7615176151761536e-05,True,0,halfplane,0.0,404.55555555555554,3618.3430898754455,0.0,0.00025493847091256834,0.002280239004161422,0,3b,0.0,0.04938271604938271,0.34787661243470064,0.0,0.04938271604938271,0.34787661243470064,8000,0.0,0.024691358024691357,0.15518277888859916,0.01,0.05,2.5,0.01,0.03,0.0,False,0.035,0.0008,0,True,2
0.0,0.003381343627417529,0.0292718759481372,256,0.0,0.006788465711805556,0.05541692098985708,0,0.0,1.0231311468430508,6.929598034122156,0.0,0.5157696759259259,3.3053114312443492,22,0.0,2.8395061728395063,17.962551435615218,-2558.0,-0.05148869208930188,-1502.0,-0.033826739656179085,,0.0,0.288607046070461,0.0,8.840228754508082e-05,True,0,halfplane,0.0,426.25925925925924,3621.1287571687526,0.0,0.0006337891114346775,0.005668782146268513,0,3a,0.0,40.358024691358025,360.86136008311627,0.0,2.9876543209876543,26.610818289811117,8000,0.0,0.054932227208848994,0.3952605096603531,0.01,0.05,2.5,0.01,0.03,0.15,False,0.035,0.0008,0,True,2
0.0,0.003389471451993342,0.027046950238304224,256,0.0,0.007545565381462191,0.05641027103980536,0,0.0,1.4347925068419656,10.410707777981377,0.0,0.5776114758150077,3.6390007329124034,8,0.0,2.2962962962962963,14.501123365973116,-5016.0,-0.09412212135574259,-1264716.0,-22.567261490514973,,0.0,0.288607046070461,0.0,4.1389899172184606e-05,True,0,halfplane,0.0,490.82716049382714,3690.2844240817435,0.0,0.00014071788546847708,0.0012586190302301785,0,3a,0.0,89.9753086419753,804.6518298565979,0.0,2.382716049382716,21.200144363143792,8000,0.0,0.06403590361323311,0.47399082999915476,0.01,0.05,2.5,0.003,0.03,0.15,False,0.035,0.0,0,True,2
0.0,0.05330483040507929,0.12563844110760272,256,0.0,0.03673958484037423,0.10435135747676116,0,0.0,9.18268182542589,20.279695857687024,0.0,3.7544177020037615,7.929245932109933,0,0.0,10.604938271604938,26.448962738346868,-36835.5,-4.568569615971354,-207591.5,-30.389728007800834,,0.0,0.5948724028906948,0.0,0.0037723298751814833,True,0,halfplane,0.0,1759.1975308641975,5416.676244822877,0.0,0.009189209544364318,0.026973843389835057,0,3a,0.0,2003.2222222222222,5941.0843483801755,0.0,36.55555555555556,104.79963245623985,8000,0.0,0.463358425638806,1.037333145680629,0.01,0.05,2.5,0.003,0.003,0.15,False,0.035,0.0,0,True,15
0.3166075050830841,0.31610339913045826,0.06785185380883525,256,0.095855712890625,0.11064637737509644,0.05328206413906101,0,58.9371223449707,57.988902480513964,8.223856134744858,16.420942306518555,16.96316185703984,1.4093893826304458,20,40.0,40.30864197530864,15.142648442708847,24931.343287128708,2.8656655094714676,171773.9561968895,18.560684491110838,,-2.0,-0.00011449864498644991,-0.0003183699458770839,-1.0725957563485445e-08,False,6282,halfplane,1659.0,1633.3333333333333,3516.14808884894,0.08752822130918503,0.08537408727922557,0.013548729651204018,1,3a,6282.0,6846.777777777777,2154.1524872375226,520.0,538.9506172839506,155.66749157006973,8000,3.5891435848455906,3.438653890938009,0.5000320665234904,0.01,0.05,2.5,0.003,0.03,0.15,False,0.035,0.0008,0,True,80
0.3737165927886963,0.31194251748146834,0.08903524206467875,256,0.3439178466796875,0.18102669421537423,0.12136318982143424,0,62.61768341064453,63.21608338532624,7.071638981466679,14.118764877319336,14.628392137127157,1.5710726277884874,7,94.0,66.87654320987654,24.324647214804084,0.0,0.0,0.5144032922107726,3.5754058150412473,,-872808.0,-115.4122448057814,-928187.6114104596,-115.1109138956097,False,22539,halfplane,17503.0,7976.407407407408,6336.94533604669,0.05111594498157501,0.05167207808268291,0.02986422362945266,8,3b,12620.0,6418.135802469136,4326.776802664566,1152.0,724.0864197530864,498.94558444316345,8000,4.435068104174985,4.3696623102184375,0.5896423830620676,0.01,0.05,2.5,0.01,0.01,0.0,False,0.035,0.0,0,True,78
0.26157549023628235,0.31813383801483813,0.08314136908917333,256,0.0100250244140625,0.17784834496768903,0.12005566966271161,0,60.50532913208008,63.29779029186861,6.814275601564237,13.764542579650879,15.099605630945277,1.522467777886092,11,60.0,66.8641975308642,22.79416921675298,0.0,0.0,8323.462025316432,1.8942880331482235,,-910520.0,-114.01301626016263,-911313.2488986785,-114.09969004544311,False,657,halfplane,20.0,6884.679012345679,5991.010046598854,0.012144542299211025,0.05109322824181966,0.0267175808269504,43,3b,454.0,7247.580246913581,4930.499393393309,330.0,705.0,483.41876639586894,8000,4.395738203957382,4.220304040964019,0.4184332003092951,0.01,0.05,2.5,0.01,0.03,0.0,False,0.035,0.0,0,True,75
0.29025891423225403,0.28110512300038043,0.11026026747193671,256,0.0983428955078125,0.13887494876060957,0.13711781342890916,1,18.29681968688965,17.36621144965843,7.211473341600644,10.889555931091309,10.980350935900653,3.135571553216477,39,53.0,59.864197530864196,25.37752144568917,0.0,0.0,143194.29112108744,35.792588490761695,,-462504.0,-59.55322764227645,-704172.013143483,-88.06097371026377,False,6445,halfplane,3070.0,4881.271604938272,6256.487633367276,0.08721422404050827,0.06175636313855648,0.032238992960535506,47,3b,913.0,1522.0740740740741,1565.280306832446,218.0,706.1851851851852,622.9409561445207,8000,1.6802172226532195,1.5293037684341313,0.373700172049745,0.013,0.05,2.5,0.01,0.003,0.0,True,0.03,0.0008,0,True,29
0.3156813085079193,0.2890286848500923,0.05957445306206688,256,0.2934112548828125,0.23591802149643132,0.09943621031718619,0,68.84210968017578,60.62401792738173,10.548879527137807,14.659310340881348,14.481209837360147,1.551491952481651,3,44.0,54.629629629629626,17.309416865062346,0.0,0.0,1754.9267297253245,-0.6293442283147819,,-1200278.0,-157.65179855465223,-1219576.1018882769,-157.94556651551642,False,19229,halfplane,7454.0,9119.111111111111,5758.959274550041,0.044313061982393265,0.04538557974385948,0.026649705232755463,36,3b,10168.0,7670.567901234568,3434.6791211323525,1019.0,851.1358024691358,381.6729177261476,8000,4.696136044516096,4.258742273561608,0.8998120167596362,0.01,0.05,2.5,0.01,0.003,0.0,False,0.035,0.0,0,True,81
0.3085605800151825,0.3360749810566137,0.0812412478149155,256,0.112548828125,0.2016211615668403,0.1341963865822987,0,55.87689971923828,56.75743340857235,9.652614569813338,15.149715423583984,14.355375596034675,1.575748299384127,2,63.0,72.5679012345679,19.37794232320871,18920.467868131847,2.3730682465082946,38971.10547401197,6.126559271236503,,-580.0,0.26067637759710965,-0.07863340563991339,2.9300841205801438e-05,False,7376,halfplane,4971.0,10156.012345679012,7631.215626498782,0.030289093032479286,0.038423208669287924,0.021058038556746376,9,3a,7376.0,12808.864197530864,8638.074334950215,320.0,294.9259259259259,154.1265936128823,8000,3.688313449023861,4.015612606120023,0.8091352818309699,0.01,0.05,2.5,0.01,0.003,0.15,False,0.035,0.0,0,True,81
0.37037163972854614,0.34085183139936426,0.07978459584880446,256,0.4234161376953125,0.19832450960889275,0.12164139804644893,0,56.054054260253906,64.76007970174153,9.436664094921422,14.145929336547852,15.18201188687925,2.2936344799334996,4,72.0,70.65432098765432,20.59495353135557,2801.826823529409,3.553111947267424,113229.90479252394,27.101416385706443,,-165.0,0.27519467028003636,-0.005946160221990127,3.9040773950463314e-05,False,27749,halfplane,26466.0,8793.814814814816,6963.652828709432,0.03594637289643288,0.04359873311801089,0.0349628435653184,22,3a,27749.0,12592.864197530864,7787.619568078119,551.0,258.5061728395062,150.24335185528466,8000,3.9625572092688026,4.307246484730733,0.5148930582023609,0.01,0.05,2.5,0.003,0.01,0.15,False,0.035,0.0,0,True,81
0.4219120740890503,0.3414125665102476,0.08475528241472453,256,0.24462890625,0.20094751428674767,0.13622941293624308,0,64.70484161376953,65.272858278251,7.500121212323156,13.959735870361328,14.84678943068893,1.8830871652314405,6,57.0,67.49382716049382,22.08520171371678,6271.559999999998,4.9269172161821455,8529.632032094174,8.756496220450314,,-222.0,0.3083175248419134,-0.013847305389221631,3.7760691444035475e-05,False,16032,halfplane,4149.0,9644.666666666666,8013.023895547628,0.04990634694695473,0.03990406094601861,0.020177156366959416,2,3a,16032.0,12764.74074074074,8771.687797073482,240.0,260.0987654320988,140.20677894693029,8000,4.635104790419161,4.451309008928203,0.5720983590616535,0.01,0.05,2.5,0.01,0.01,0.15,False,0.035,0.0,0,True,81
0.3420674204826355,0.30435347253525696,0.08715877423536204,256,0.414306640625,0.18864704650125386,0.14242913222578296,0,65.38439178466797,64.94223611148787,6.836510699899324,14.825318336486816,14.875306412025735,1.6481130209625443,10,75.0,64.96296296296296,21.94124839985882,3628.514460285136,7.218317041954686,1489.3928314681398,8.61998083711099,,-486.0,0.3063940831074979,-0.017899233942251014,3.791279131784102e-05,False,27152,halfplane,25880.0,8465.160493827161,8461.99876493128,0.03350687772035599,0.0451526136746929,0.03740232717655051,9,3a,27152.0,11958.604938271605,9149.334853620743,579.0,317.69135802469134,191.63124580756843,8000,4.410319681791397,4.396804143735086,0.4089312648698422,0.01,0.05,2.5,0.01,0.03,0.15,False,0.035,0.0,0,True,81
0.35823413729667664,0.3424596514230893,0.052946976700305654,256,0.2102203369140625,0.1908655990788966,0.05422955722033726,1,49.13863754272461,42.01722983372064,10.561313179282212,14.975180625915527,15.06522090346725,1.7554056498115103,36,32.0,42.46913580246913,20.563713948407475,16969.338175438606,1.98921219157456,91605.29659684654,12.052309469308236,,-6.0,0.2572052845528451,-0.000435508456122502,0.000129519325383682,False,13777,halfplane,2107.0,3895.617283950617,3646.3170208432766,0.0793633833527565,0.06656773487266934,0.014842180816211827,347,3a,13777.0,12103.79012345679,3055.6203698824766,643.0,730.6296296296297,272.62280931558547,8000,3.28133846265515,2.8272479849711436,0.7688473807605524,0.013,0.05,2.5,0.003,0.003,0.1,True,0.03,0.0008,0,True,81
0.3422146141529083,0.34774606748495573,0.05025273772231456,256,0.1812591552734375,0.16473633566020449,0.05491969453333301,1,45.459381103515625,43.74327506548093,7.681327047520747,14.092906951904297,14.139880333417727,1.3847404628639177,38,32.0,40.18518518518518,19.995747147282398,18389.89377777779,3.073067369418964,28126.938006702636,3.568650366323249,,56.0,0.2589893857271907,0.004714201532115547,7.012281054047896e-05,False,11879,halfplane,2561.0,2529.2098765432097,3695.5871740347447,0.06728261709213257,0.06853671822650934,0.012103898635632002,812,3a,11879.0,10391.345679012345,2876.439582301265,789.0,809.5802469135803,213.68222998715802,8000,3.2256923983500294,3.120944482503711,0.6030336611168795,0.013,0.05,2.5,0.01,0.003,0.1,True,0.03,0.0008,0,True,79
0.3442656397819519,0.33449290370867574,0.05082256440101743,256,0.1988677978515625,0.16626692406925153,0.04986746710664448,1,55.81362533569336,52.027005395771546,5.19938555624029,15.771627426147461,15.5730765071916,1.4289836123343893,40,28.0,35.30864197530864,15.158131074177376,16222.688801762095,2.254232828157548,122788.94479415735,14.264198328505547,,-12.0,0.27926129177958375,-0.0009207396608610363,0.00011331246016244408,False,13033,halfplane,5100.0,3028.098765432099,3512.557970542013,0.07754623889923096,0.07300991693764557,0.011342604371436835,295,3a,13033.0,10491.777777777777,2465.496829704705,766.0,681.9876543209876,140.69637160704136,8000,3.538862886518837,3.3715874515670716,0.4279529026833051,0.013,0.05,2.5,0.003,0.01,0.1,True,0.03,0.0008,0,True,79
0.2887541651725769,0.28448100038516666,0.035419056565147725,256,0.36279296875,0.3400213924455054,0.05502501550237223,1,34.713409423828125,34.77348730299208,1.5917322872379014,18.32839584350586,18.803651126814476,0.8575740802822092,37,50.0,48.851851851851855,18.000762062819717,0.0,0.0,57760.52429529163,8.864872791473319,,-715638.0,-95.62860004516713,-1771903.0388377446,-226.25297857016892,False,23776,halfplane,2062.0,2644.6913580246915,3515.99784983563,0.0376453660428524,0.04083108695016967,0.007727976830044255,56,3b,3476.0,3172.962962962963,618.233214305276,2997.0,2998.4938271604938,614.5394767469495,8000,1.8939687079407805,1.854513153235438,0.12773995030285612,0.013,0.05,2.5,0.003,0.003,0.0,True,0.03,0.0008,0,True,4
0.21140074729919434,0.26749780617746305,0.11313240111488025,256,0.0876007080078125,0.1292234821084105,0.1346931053311802,1,20.75701141357422,21.285320835349,11.25499278813875,9.920578956604004,9.843882663750355,3.414535712665349,43,76.0,61.160493827160494,27.899934417429648,1.0,9.033423667570034e-06,122378.40197649575,32.196163482371276,,-493288.0,-65.85663866305332,-653099.4797385621,-83.11159162629983,False,5741,halfplane,2508.0,4603.320987654321,6270.548547148975,0.020111339166760445,0.0627749766924499,0.03522873859079427,38,3b,1530.0,2368.135802469136,2548.4242226510733,1387.0,717.3703703703703,550.3241568753851,8000,2.092318411426581,2.0272471836952164,0.6346535308081427,0.013,0.05,2.5,0.01,0.01,0.0,True,0.03,0.0008,0,True,23
0.3593166172504425,0.3509453722724208,0.046381378765731715,256,0.159393310546875,0.1577674018012153,0.04920586562285668,1,46.68006896972656,46.935886288866584,4.902713274315438,13.913713455200195,14.145433461224592,1.373471382411365,42,27.0,40.79012345679013,20.462984377025457,24215.814401847572,3.0849034611675097,30965.66025688988,3.4367613495242217,,125.0,0.26839024390243904,0.011966302891058822,8.745888272365798e-05,False,10446,halfplane,762.0,2128.8395061728397,3508.0398538524382,0.07451199740171432,0.07014461367586512,0.011266728879186125,2236,3a,10446.0,9934.617283950618,2312.7046085946313,835.0,900.5185185185185,209.96378941841618,8000,3.3549684089603677,3.3467924288974378,0.4170708871860545,0.013,0.05,2.5,0.01,0.01,0.1,True,0.03,0.0008,0,True,79
0.3296183943748474,0.2925880917428452,0.042104022224769035,256,0.4129486083984375,0.2810499403211806,0.07724739725167828,1,48.6839599609375,49.004357797128186,3.9756126965394527,17.24317741394043,16.39664598158848,1.2455801355175464,41,76.0,53.888888888888886,16.104596383994167,1.0,9.033423667570034e-06,54092.2134215876,7.772152930510185,,-1106677.0,-149.0588396567299,-1459114.1275295396,-186.27024691160997,False,27063,halfplane,3261.0,2992.7283950617284,3742.2234494994877,0.04896405339241028,0.05095896692831575,0.013421742187101338,21,3b,7363.0,5534.876543209876,1468.70925429348,2565.0,2603.8888888888887,619.5159002134521,8000,2.823375087758194,3.0057975437823647,0.2791607101198456,0.013,0.05,2.5,0.003,0.01,0.0,True,0.03,0.0008,0,True,5
0.3868965804576874,0.2770481587008194,0.10902753549041827,256,0.18310546875,0.12543346263744212,0.13102565847472689,1,42.829498291015625,27.14488164878186,13.223143745028091,12.45013427734375,9.713985001599347,3.3775495749205295,47,61.0,58.888888888888886,25.42867051087448,1.0,9.033423667570034e-06,25302.3211244141,26.743396777332464,,-541294.0,-69.38364701897021,-633069.9916612165,-80.19919809951931,False,12000,halfplane,5043.0,4262.641975308642,6136.200681019506,0.07540903240442276,0.0656949827608503,0.03572180196640354,30,3b,6116.0,3567.283950617284,3888.327531657553,1118.0,802.7283950617284,520.5948405037766,8000,3.4400833333333334,2.6294275016461324,0.7848261960639593,0.013,0.05,2.5,0.01,0.03,0.0,True,0.03,0.0008,0,True,12
0.15773607790470123,0.28148199139553826,0.09384640878635875,256,0.54168701171875,0.38704841519579475,0.24404000867101375,1,66.40481567382812,53.8340355672954,10.09999719548782,14.326516151428223,15.988605817159018,1.8701049118568034,26,90.0,72.1358024691358,16.732280538239976,3911.6472323231865,4.106154386558828,1116.158174301614,0.5087132315542133,,-302.0,-0.6284663504968385,-0.008507042253521169,-3.9334366072623786e-05,False,35500,halfplane,32751.0,19520.716049382718,16522.605725381487,0.015573102980852127,0.037048179989703646,0.021172321496749098,2511,3a,35500.0,24957.172839506173,16214.74550288141,1280.0,1213.6172839506173,602.0465624891224,8000,4.635098591549296,3.455046380168629,0.8769711443066683,0.013,0.05,2.5,0.01,0.003,0.1,True,0.03,0.0,0,True,78
0.2746312916278839,0.27230471850913246,0.038490933554704884,256,0.5221405029296875,0.46819164134837965,0.07791104884702926,1,65.8023910522461,64.59156606226792,8.334863903632971,14.710691452026367,15.08145280531895,1.3298280634867723,27,35.0,60.41975308641975,18.563115025372397,0.0,0.0,0.5006858711130917,-0.016419275265679417,,-2354480.0,-305.58675158084924,-2452361.9922238705,-309.06772849777985,False,34219,halfplane,11066.0,8780.962962962964,7139.21503525534,0.027235006913542747,0.027858839174847543,0.0056618554671442785,6615,3b,19547.0,17276.382716049382,3755.206754242524,3362.0,3621.4691358024693,703.3707395076578,8000,4.473099739910576,4.337321561309601,0.6853351429620568,0.013,0.05,2.5,0.01,0.003,0.0,True,0.03,0.0,0,True,59
0.35638919472694397,0.34347622795605365,0.04850209516258446,256,0.15557861328125,0.15264685360001928,0.05096636640104543,1,61.36249542236328,55.69696539419669,5.087984206963457,16.89900779724121,16.343545430972252,1.5128916758588706,44,39.0,40.25925925925926,17.73242672270196,24034.86830769232,2.9751882308641,135940.87446721253,19.6160172397972,,63.0,0.2750178410117438,0.006178893683797426,0.00015499708912688231,False,10196,halfplane,1217.0,2356.7654320987654,3507.891217929905,0.09070910513401031,0.07687928895523519,0.012015787360970207,1156,3a,10196.0,9599.271604938273,2414.76181384185,810.0,809.395061728395,186.34228952254065,8000,3.6311298548450375,3.429166416539679,0.32227749793645,0.013,0.05,2.5,0.003,0.03,0.1,True,0.03,0.0008,0,True,80
0.29037806391716003,0.3110854020457209,0.07388751584179262,256,0.094696044921875,0.3866612940658758,0.18859484941714627,1,63.34675979614258,71.9076134952498,13.474118856299416,15.233464241027832,17.210203700595432,2.2752392949578244,24,62.0,79.50617283950618,17.01859800175782,69490.06816267944,3.582293739404408,438881.5286327016,24.886994452132708,,-81.0,0.08456368563685657,-0.013051885272317154,3.438323795517963e-06,False,6206,halfplane,2567.0,18747.876543209877,11870.042255411405,0.10717108100652695,0.03530378996130125,0.017967614977711602,3785,3a,6206.0,24931.41975308642,12644.597140128784,817.0,937.5432098765432,443.0324528809894,8000,4.158395101514663,4.282614723304285,0.9606882933457739,0.013,0.05,2.5,0.003,0.003,0.1,True,0.03,0.0,0,True,78
0.4039933979511261,0.320283591379354,0.0712210168411569,256,0.7061614990234375,0.3908830807532793,0.15603956043028103,1,62.07694625854492,70.7548614313573,7.527329803738832,14.90713882446289,16.904124836862824,2.2394598849671175,28,55.0,73.81481481481481,16.565702417061726,4007.8743232323322,5.110263897065219,108832.16761119687,16.48767983581543,,238.0,-0.18012240289069564,0.005142721320685384,-2.4671318908130096e-05,False,46279,halfplane,42649.0,18773.814814814814,10514.572576756475,0.03970950469374657,0.03408663523279958,0.014775006116083404,2262,3a,46279.0,25208.876543209877,10578.848158241462,418.0,973.7901234567901,372.0331100375103,8000,4.164242961170293,4.252611033733358,0.5911972043734786,0.013,0.05,2.5,0.003,0.01,0.1,True,0.03,0.0,0,True,77
0.3625490069389343,0.35251525780301035,0.04294781618333286,256,0.167236328125,0.14953424901138118,0.04643104772390554,1,50.563961029052734,50.389088571807484,3.5782284339713666,14.023153305053711,14.507931179470486,1.2783204517764204,46,46.0,40.839506172839506,17.965987611797072,19065.96443792325,3.2820776748782574,33549.26116595999,4.14706948772845,,268.0,0.3067393857271911,0.024452554744525568,9.709334760391711e-05,False,10960,halfplane,1104.0,1629.1604938271605,3502.714733618187,0.06574742496013641,0.07289082671941062,0.010981627518686522,3023,3a,10960.0,9395.271604938273,1941.355393980435,1268.0,1013.1481481481482,195.7355933308264,8000,3.6057481751824816,3.49723253623094,0.3102166201935468,0.013,0.05,2.5,0.01,0.03,0.1,True,0.03,0.0008,0,True,80
0.26276588439941406,0.2619807026636453,0.03837778761997264,256,0.5108795166015625,0.5018442412953318,0.060435759556049025,0,72.71237182617188,73.335713563142,6.401493407444664,16.224153518676758,16.615548310456454,1.207739950373739,1,16.0,25.901234567901234,17.204367044138017,0.0,0.0,0.48834019200876355,-0.16622756435746397,,-2576671.0,-332.0926829268293,-2631221.463201663,-334.99904465565305,False,33481,halfplane,2894.0,5231.024691358025,4024.436698487265,0.01974785327911377,0.02080878235951618,0.003941591156796555,602,3b,12025.0,11772.185185185184,2053.403643042936,2686.0,2543.5308641975307,453.78926110238194,8000,4.481735909919059,4.448618954913007,0.494345003049673,0.01,0.05,2.5,0.003,0.003,0.0,False,0.035,0.0,0,True,10
0.31540554761886597,0.3029255386855867,0.043395446308333745,256,0.249053955078125,0.23870435173128857,0.06371890027170717,1,60.24470138549805,58.055069440676846,5.034285465933918,17.934194564819336,17.397433657705047,1.129131850957719,45,48.0,55.08641975308642,16.197239157264875,1.0,9.033423667570034e-06,76920.6134027656,9.977706147106984,,-1009479.0,-136.10808965672996,-1234339.9662530266,-158.35082224725122,False,16322,halfplane,2051.0,3347.8888888888887,3612.437346203656,0.06512060761451721,0.05889185738784296,0.012522244947031674,34,3b,6608.0,6342.419753086419,1648.1237507788728,2222.0,2225.8765432098767,531.1306222059134,8000,3.3592084303394194,3.3564086173712617,0.34528126654930424,0.013,0.05,2.5,0.003,0.03,0.0,True,0.03,0.0008,0,True,7
0.26487118005752563,0.2613871027658015,0.03614170160267577,256,0.502288818359375,0.49048435540846835,0.06748788450119192,0,83.800537109375,83.30296881404924,6.9359196193058175,20.041893005371094,20.240385031994478,0.5481721232282339,9,18.0,29.19753086419753,19.67477532341412,0.0,0.0,14397.585170725593,0.9649942107530143,,-2347921.0,-307.33869489611567,-2570905.6629162915,-328.9277916807133,False,32918,halfplane,2886.0,4298.148148148148,3737.6513260123997,0.02273632027208805,0.021635828171799213,0.004796714361699267,529,3b,15554.0,15257.037037037036,2740.7594623985196,2670.0,2628.5925925925926,503.071842248847,8000,4.1812686068412415,4.125058053867908,0.36928909664761866,0.01,0.05,2.5,0.003,0.03,0.0,False,0.035,0.0,0,True,6
0.26455366611480713,0.26174327823114985,0.03624146278684813,256,0.5162200927734375,0.49485741132571376,0.07469147014681798,0,81.00428771972656,79.03489769829645,6.35053108951844,18.13430404663086,18.23374988414623,0.8357700680184531,5,41.0,26.604938271604937,16.752135675416067,0.0,0.0,1859.7627677535638,-0.04416510976222138,,-2518444.0,-326.031806458898,-2594131.6072242805,-332.86200138185654,False,33831,halfplane,6875.0,4493.530864197531,3683.433831665404,0.01870819739997387,0.021915459269542754,0.005565843252689276,399,3b,14036.0,13132.234567901234,2543.983375361109,2595.0,2543.5308641975307,503.9565454130795,8000,4.466909047914634,4.352858227096408,0.40641358392715443,0.01,0.05,2.5,0.003,0.01,0.0,False,0.035,0.0,0,True,7
0.0,0.002355692379268599,0.021069953176491206,256,0.0,0.0061754768277391976,0.05521126517685628,2,0.0,0.4444444444444444,3.0020569080236226,0.0,0.4444444444444444,3.0020569080236226,63,0.0,1.3580246913580247,11.286732779635411,-689467.0,-12.300788843721762,-1118.0,-0.019556515356820268,,0.0,0.0,0.0,0.00010789295392953922,True,0,halfplane,0.0,404.55555555555554,3618.3430898754455,0.0,0.0003118508805831273,0.002789279071308169,0,3b,0.0,0.1111111111111111,0.8888888888888891,0.0,0.18518518518518517,1.5484848118790278,8000,0.0,0.024691358024691357,0.15518277888859916,0.01,0.08,2.5,0.01,0.003,0.0,False,0.035,0.0008,0,True,2
0.3098989427089691,0.2611724112504794,0.08503985113699215,256,0.2133636474609375,0.24362879623601466,0.1695711387020017,2,65.51605224609375,61.04068595980421,7.768790409210718,14.12726879119873,14.611113489410023,1.4063412691016535,51,94.0,67.64197530864197,19.320754938842263,0.0,0.0,5614.369802294299,2.008228575406611,,-1245527.0,-159.90850632339658,-1260490.8906272023,-158.0480617096328,False,13983,halfplane,6020.0,9487.25925925926,9120.203575237358,0.07071045786142349,0.045615835713199625,0.02284112872574205,900,3b,7095.0,8042.3456790123455,5594.431135723978,539.0,1352.4444444444443,681.0462358082907,8000,4.6375598941571905,4.234226271547073,0.7006816506276047,0.01,0.08,2.5,0.01,0.003,0.0,False,0.035,0.0,0,True,81
0.27558061480522156,0.2749314365195639,0.03896606438869665,256,0.5309600830078125,0.46055320457175924,0.0709011368269254,1,71.24846649169922,70.0682218104233,5.393502783349644,16.661848068237305,16.643515363151643,0.9769463757797336,35,36.0,65.4320987654321,23.382455315531725,1.0,9.033423667570034e-06,0.5048010975588113,0.004989288705155813,,-2320674.0,-300.85130126467936,-2411841.025155862,-305.56354039668895,False,34797,halfplane,8689.0,8764.246913580248,6895.903751961569,0.025426041334867477,0.027742662892481427,0.005164427456252737,6114,3b,22937.0,20054.037037037036,3732.173558097755,3222.0,3711.7654320987654,654.5533633491824,8000,4.276144495215105,4.232322946740695,0.3932458914337292,0.013,0.05,2.5,0.01,0.03,0.0,True,0.03,0.0,0,True,39
0.34506359696388245,0.278753149288672,0.09544233418783539,256,0.77874755859375,0.3855894112292631,0.25558403736226015,1,70.3943099975586,65.98267001870238,6.6939535367652025,15.5134859085083,15.538534305713794,1.8656984724677816,30,44.0,79.44444444444444,20.332422566123483,782.1115871743532,6.755248581295543,0.5075445817783475,2.674970993971986,,69.0,0.05887556458897927,0.0013122344163623012,5.983038343373166e-06,False,51036,halfplane,48572.0,20726.30864197531,17097.67082515864,0.03310336917638779,0.04072195804321471,0.027573249395929512,2165,3a,51036.0,24861.283950617282,16959.256345968148,410.0,1070.2716049382716,530.3896776723457,8000,4.53762050317423,4.319055481643946,0.6502114750207145,0.013,0.05,2.5,0.01,0.01,0.1,True,0.03,0.0,0,True,77
0.2757006883621216,0.27283241664185937,0.04025413343689664,256,0.46697998046875,0.47802772051022374,0.0708176086169463,1,70.04659271240234,68.48896210281937,6.036921249638857,15.576541900634766,15.670328823136694,1.1459281955775165,31,32.0,51.46913580246913,18.95028350532453,0.0,0.0,0.4787379971239716,-0.007572408546196151,,-2426195.0,-314.5082213188799,-2504583.8883352564,-316.996224375465,False,30604,halfplane,5312.0,8360.691358024691,6838.319040510019,0.025752361863851547,0.027409672185226722,0.005040411921632862,6567,3b,19066.0,18951.46913580247,3479.665838527147,3800.0,3592.753086419753,665.1692355131812,8000,4.496928506077637,4.405058503411007,0.4939811878193266,0.013,0.05,2.5,0.01,0.01,0.0,True,0.03,0.0,0,True,60
0.1927444189786911,0.2686909305644624,0.09521226778213981,256,0.57177734375,0.3869141001760224,0.2590601766009957,1,79.43557739257812,79.29991441891517,7.763580876083153,18.094783782958984,18.949679410016095,1.5262592510218322,32,92.0,74.93827160493827,19.470995002705088,5606.171728194691,3.2792742427466024,85396.13376339315,20.670093729275333,,-832.0,-0.27395121951219514,-0.02220324508966698,-2.4779807659685287e-05,False,37472,halfplane,35043.0,20159.9012345679,17369.61237661054,0.017001638188958168,0.03913405408829818,0.024903868501943368,1890,3a,37472.0,24947.962962962964,17186.521629308172,1190.0,1128.0123456790122,595.3636401772576,8000,4.389971178479931,4.206940382041225,0.42316338402260234,0.013,0.05,2.5,0.003,0.03,0.1,True,0.03,0.0,0,True,74
0.23258520662784576,0.3004310605702577,0.07681124717715723,256,0.4220428466796875,0.2570693404586227,0.14769858533805583,2,55.54766845703125,50.721070701693314,7.724515478893071,13.219809532165527,16.260001217877424,2.364006057108895,48,100.0,76.8641975308642,18.55572394229635,4211.416731707286,5.189870729249059,93422.34213266906,34.17077646398006,,-16.0,0.5534647696476959,-0.0005784735529121843,5.489522703372359e-05,False,27659,halfplane,25347.0,12128.555555555555,8899.576290371813,0.027502842247486115,0.040108144398272774,0.02091231321689297,440,3a,27659.0,16442.753086419754,9690.442171020777,1228.0,547.7283950617284,323.3911751372994,8000,4.201851115369319,3.1835701743213254,0.6149174371413678,0.01,0.08,2.5,0.003,0.003,0.15,False,0.035,0.0,0,True,81
0.22016334533691406,0.2807484328010936,0.08937560961799872,256,0.5896453857421875,0.38781832471305944,0.24909089177639734,1,69.4950942993164,68.88141759236653,6.099689402633072,15.993680953979492,16.24026236122037,1.552706759217684,34,89.0,71.44444444444444,19.356308187943966,4765.361408906872,4.7862675135599,1402.4655199053232,2.415490103923171,,-734.0,-0.28386291779584477,-0.018994384493957517,-7.992309466495087e-06,False,38643,halfplane,34883.0,20665.271604938273,16879.18001563775,0.0197235569357872,0.038295155954489735,0.024004411045244187,2137,3a,38643.0,25007.62962962963,16542.847867478242,1367.0,1150.4074074074074,567.0745324710227,8000,4.3451595373030045,4.273928620166342,0.4195730779578497,0.013,0.05,2.5,0.01,0.03,0.1,True,0.03,0.0,0,True,78
0.0,0.05982291601519395,0.12671250043041757,256,0.0,0.020148006486304014,0.06554417717352143,2,0.0,7.723665531770683,15.884878325990066,0.0,2.9768670753196433,5.69624016947509,67,0.0,11.382716049382717,25.947510121627555,-7897664.0,-1050.5248635953033,-103631.0,-14.568055664244543,,0.0,3.5078875338753397,0.0,4.302505159898878,True,0,halfplane,0.0,1016.8518518518518,3951.005835715077,0.0,0.020014089658672428,0.0422967739293913,0,3b,0.0,407.1975308641975,1131.6253406489454,0.0,48.76543209876543,130.59571690601499,8000,0.0,0.6063602123036451,1.2201597549503922,0.01,0.08,2.5,0.01,0.01,0.0,False,0.035,0.0008,0,True,17
0.4138217568397522,0.3076256083117591,0.05984214990954996,256,0.364959716796875,0.26001730082947533,0.15516418099173163,2,67.93858337402344,50.37204827202691,9.102982102846711,13.88257122039795,14.982734444700641,1.4936022846785997,50,80.0,73.24691358024691,16.102703449273594,1048.9896144578233,2.1454194190258846,2873.8500241237925,2.2971441209537216,,-629.0,0.24891802168021673,-0.026298185467012347,3.170964966224794e-05,False,23918,halfplane,22811.0,13133.975308641975,10312.253229341151,0.04026429355144501,0.03776371872259511,0.015072793740414207,2124,3a,23918.0,16635.913580246914,10186.817880152556,463.0,649.641975308642,274.0861497729003,8000,4.8938038297516515,3.414065608667838,0.7747096610927389,0.01,0.08,2.5,0.01,0.003,0.15,False,0.035,0.0,0,True,81
0.3008292615413666,0.3150340598306538,0.057407152516055764,256,0.2303009033203125,0.1881463321638696,0.06346645144771133,2,9.408268928527832,18.00158629005338,8.638000415922717,8.59870433807373,12.286441555729619,3.3861552253571032,60,46.0,60.08641975308642,22.1789565100162,114242.44915309447,13.534698675896227,399123.9399862826,51.312566840197405,,8740.0,1.6839051490514918,0.578975986308687,0.00023117830353752946,False,15093,halfplane,517.0,2129.58024691358,3748.1133620028927,0.04205302521586418,0.04995409994857547,0.011454052137813324,1,3a,15093.0,11925.827160493827,3722.4173540564775,6735.0,3386.5555555555557,2273.6517752421387,8000,1.0941496057775129,1.4058292343273695,0.3202258013368467,0.01,0.08,2.5,0.003,0.003,0.15,False,0.035,0.0008,0,True,75
0.15313060581684113,0.27170725534727547,0.0727939009852072,256,0.36566162109375,0.24301203974971064,0.14126744868101332,2,65.94746398925781,65.84457011281708,5.672773763334471,14.467437744140625,14.944059430817028,1.2995072492167192,55,67.0,72.9753086419753,19.414882485912116,0.0,0.0,0.4979423867771402,1.973188968520529,,-1232880.0,-159.90639611562787,-1257230.254587156,-159.0713482033123,False,23964,halfplane,17209.0,9323.506172839507,8402.758735880656,0.01754189096391201,0.04358968764175603,0.01939018538033496,1155,3b,13952.0,8931.58024691358,5167.814696502535,2071.0,1393.7530864197531,613.2056938616121,8000,4.558337506259389,4.442315317704843,0.472860804868299,0.01,0.08,2.5,0.01,0.01,0.0,False,0.035,0.0,0,True,78
0.2821696996688843,0.3015313591854072,0.046636536436412766,256,0.2383270263671875,0.2031412006896219,0.06484678605395719,2,8.705870628356934,14.475346918459293,6.8034144507490195,8.052170753479004,10.817447462199647,2.8726577786009058,62,12.0,48.28395061728395,24.49602364703463,220668.79515254239,24.3858748703656,312828.0198038063,40.072169542170904,,12088.0,2.1862323848238487,0.7739291888085027,0.00020335898298614734,False,15619,halfplane,128.0,1327.679012345679,3636.523709133543,0.0425320640206337,0.04685356686420647,0.010573605548065862,3318,3a,15619.0,12908.506172839507,3925.8181065247345,7936.0,4845.617283950617,2538.467324922908,8000,1.0811831743389462,1.2886958280782026,0.27941189853944914,0.01,0.08,2.5,0.01,0.003,0.15,False,0.035,0.0008,0,True,65
0.0,0.035763645429670074,0.0979713091741042,256,0.0,0.014274126217689044,0.060572192973084256,2,0.0,6.61509954193492,17.593694888430953,0.0,2.0747321799949363,5.383435243895737,71,0.0,9.271604938271604,25.733684676971595,-4649528.0,-404.2611291779583,-62383.0,-5.586301505434194,,0.0,1.3203943089430896,0.0,1.6673876634568872,True,0,halfplane,0.0,801.9135802469136,3859.9539119538936,0.0,0.011400020048942095,0.03156737362095203,0,3b,0.0,310.18518518518516,1034.7997374229687,0.0,30.333333333333332,99.04930808490671,8000,0.0,0.44691705237923945,1.1993117140884664,0.01,0.08,2.5,0.01,0.03,0.0,False,0.035,0.0008,0,True,11
0.29596656560897827,0.2666895864186464,0.03966615337037339,256,0.1934356689453125,0.1996384608892747,0.06407498154395778,2,42.1777229309082,39.58224336600598,2.9811329145926972,17.649930953979492,17.230478592860845,1.450904178194497,61,101.0,61.67901234567901,16.51473502962167,1.0,9.033423667570034e-06,61034.590034293535,9.591573022352668,,-688534.0,-94.62057565492323,-1026856.8297697369,-137.29829886968759,False,12677,halfplane,2919.0,2679.8271604938273,3672.0883310273525,0.05607321858406067,0.053552967967626486,0.014087664348411938,10,3b,2432.0,2571.061728395062,780.9664532666411,1938.0,2108.0,502.3255301809823,8000,2.3896821014435594,2.314379410298894,0.2513473742028737,0.01,0.08,2.5,0.003,0.003,0.0,False,0.035,0.0008,0,True,5
0.20121939480304718,0.304343185858962,0.08374069458772213,256,0.5121002197265625,0.24761925214602623,0.15580469406506897,2,63.16477584838867,64.48318829948519,10.118399791175301,14.733925819396973,16.29736684869837,2.1878239149217316,52,89.0,71.76543209876543,20.02484358530073,1546.4881529175036,4.712385258911128,78036.34673968225,36.08081409452223,,-208.0,0.3106379855465224,-0.0061678414616488375,4.161801858207353e-05,False,33561,halfplane,31416.0,11316.123456790123,9884.895577463174,0.018534667789936066,0.04564077645126316,0.027829261489396025,1202,3a,33560.0,15823.395061728395,10196.527249151628,1080.0,489.0740740740741,284.04224071963586,8000,4.287029587914543,3.9814032675176074,0.4881243381504347,0.01,0.08,2.5,0.003,0.01,0.15,False,0.035,0.0,0,True,81
0.332893967628479,0.32132658068044684,0.04339677242011642,256,0.15179443359375,0.120452880859375,0.048726698708522205,2,54.277645111083984,51.95561731597524,5.877309840908442,16.66781997680664,15.840164172796555,1.6559769670292661,64,36.0,42.55555555555556,15.967559705946396,14316.611237668156,2.438680036998736,80634.74525024026,13.362075206905757,,-2.0,0.24698057813911517,-0.00020104543626864313,0.00018652358629772602,False,9948,halfplane,1616.0,2306.283950617284,3487.9187159041944,0.08181487768888474,0.0797366172903114,0.013374323683422269,1506,3a,9948.0,7489.444444444444,1778.9054548468703,637.0,569.4320987654321,161.7444973606811,8000,3.2564334539605952,3.3111266422835373,0.4403582087622425,0.01,0.08,2.5,0.003,0.01,0.15,False,0.035,0.0008,0,True,81
0.43440401554107666,0.28960882826351825,0.09259372957719006,256,0.4067840576171875,0.25375761809172453,0.18190484632284074,2,63.79612731933594,60.851022838074485,7.3401072019513816,14.723882675170898,14.764785295651283,1.5054512673014748,54,57.0,59.23456790123457,16.523288170754164,3627.397111561848,3.928716524661011,4531.590258357464,7.090613499241178,,-316.0,0.5816074977416434,-0.01185340785475808,6.180779857451248e-05,False,26659,halfplane,12058.0,10842.716049382716,10028.20529373024,0.052164625376462936,0.045138171747510815,0.028390381816099833,853,3a,26659.0,16225.703703703704,11922.772266947502,506.0,591.1111111111111,352.46966422308014,8000,4.332833189541994,4.154482674594162,0.5254514385927468,0.01,0.08,2.5,0.01,0.01,0.15,False,0.035,0.0,0,True,81
0.2800385355949402,0.30339377327465716,0.05116358080332998,256,0.2345428466796875,0.19312597204137733,0.06300738740833096,2,8.855767250061035,18.734191753246165,11.366479406014923,7.4473137855529785,10.114746511718373,2.9507547588242007,66,12.0,42.81481481481482,25.886795867282387,217892.97108154508,26.206632877886882,258622.70104595338,34.46593134261563,,14579.0,2.590296296296296,0.9484743998438621,0.00025245771909431083,False,15371,halfplane,45.0,963.1481481481482,3603.1162990489047,0.04259048029780388,0.050583824124417184,0.014041791896003129,430,3a,15371.0,12252.098765432098,3724.33089062156,8197.0,4876.37037037037,2757.487340084633,8000,1.1891223733003708,1.729272051571504,0.615132129182635,0.01,0.08,2.5,0.01,0.01,0.15,False,0.035,0.0008,0,True,66
0.2834278643131256,0.280794538281582,0.04672819232284449,256,0.1516265869140625,0.17186482747395834,0.06237415736307204,2,52.271812438964844,51.54851442501869,4.231100823053391,17.209190368652344,16.4803982016481,1.4726985098409224,65,77.0,65.38271604938272,15.31526141237062,0.0,0.0,73267.63212666527,10.172676880098626,,-739067.0,-107.92729765130986,-879516.7520128825,-120.08654069151261,False,9937,halfplane,1744.0,2620.740740740741,3541.22439165381,0.06323971599340439,0.06398141071384336,0.016319414485470012,12,3b,3105.0,3465.2345679012346,1080.1920070702215,1560.0,1613.037037037037,462.39063290002963,8000,3.0374358458287207,3.150632839790008,0.31603961730305513,0.01,0.08,2.5,0.003,0.01,0.0,False,0.035,0.0008,0,True,14
0.22188079357147217,0.2725597975062735,0.07099276688450591,256,0.0510406494140625,0.2477863453052662,0.13966880839660661,2,67.28579711914062,66.67440828864957,5.259360511358866,16.386676788330078,15.844658474863312,1.1550303462761722,59,60.0,70.60493827160494,18.5383679628112,0.0,0.0,33896.54758936493,1.015176915405968,,-1277840.0,-161.80772041553755,-1282566.907522124,-161.53064627042212,False,3345,halfplane,1811.0,9483.716049382716,7938.376760146794,0.0634317398071289,0.04386962261510852,0.018977415231613615,1273,3b,2260.0,10297.703703703704,5815.413224693229,876.0,1418.320987654321,566.6391894680422,8000,4.106128550074739,4.232668731961012,0.3802557224809576,0.01,0.08,2.5,0.01,0.03,0.0,False,0.035,0.0,0,True,76
0.26818591356277466,0.2847610173034079,0.05884020027345215,256,0.10943603515625,0.130069120430652,0.07563544042761483,2,54.20510482788086,59.069034623511044,5.816335873673248,16.107019424438477,17.727717576203524,1.3087310971806752,69,58.0,66.80246913580247,20.479691689113537,1.0,9.033423667570034e-06,91768.07411904924,18.925994183985036,,-580972.0,-81.02916350496841,-657668.9645989975,-89.75011244299169,False,7172,halfplane,1372.0,3022.074074074074,3820.9979653623413,0.046247854828834534,0.07658121401421082,0.02143606011606674,9,3b,3192.0,3284.8024691358023,1668.0355742702072,1446.0,1025.6913580246915,439.8134745485318,8000,3.3653095370886783,3.349669217850005,0.3561179118132651,0.01,0.08,2.5,0.003,0.03,0.0,False,0.035,0.0008,0,True,21
0.3470222055912018,0.3208411175435708,0.05450438850991512,256,0.118499755859375,0.11371358235677083,0.052015963335147394,2,59.77646255493164,55.8013341103071,7.04278659053392,16.99769401550293,16.371157893428094,1.578063489515935,68,38.0,46.77777777777778,20.144539437172607,21444.390057416254,2.94458336458593,121743.67579013266,16.795554558173276,,13.0,-0.002569557362240292,0.0016739634303373219,-5.05523533036467e-07,False,7766,halfplane,792.0,1784.2345679012346,3508.7144185447505,0.09057296067476273,0.08543876091731184,0.022264383389217483,6,3a,7766.0,7047.79012345679,2056.8053540852648,638.0,628.1604938271605,162.8714904146198,8000,3.5167396343033737,3.4212644896190305,0.4041010393619532,0.01,0.08,2.5,0.003,0.03,0.15,False,0.035,0.0008,0,True,81
0.21978722512722015,0.29341189802428824,0.06401119394586605,256,0.026702880859375,0.2526889377170139,0.1873016877289525,2,60.65142822265625,68.07524170110256,9.45258058543513,14.784789085388184,16.11297787560357,2.1466514215507098,56,52.0,69.51851851851852,15.822402551337476,147213.77082014387,4.619704774957797,752079.4052287582,43.05254405968939,,-91.0,0.3175331978319791,-0.052000000000000046,4.446488485652908e-05,False,1750,halfplane,433.0,13095.864197530864,12586.299513784561,0.03896084427833557,0.03904994626609999,0.021098657364784553,1750,3a,1750.0,16155.654320987655,12274.070716538181,598.0,561.1234567901234,291.55510597509584,8000,4.102285714285714,4.249445816452016,0.3885258147062674,0.01,0.08,2.5,0.003,0.03,0.15,False,0.035,0.0,0,True,81
0.24068957567214966,0.23784337201972067,0.03393589282678759,256,0.4507598876953125,0.43527297031732254,0.0494602657642506,2,73.41258239746094,72.01021528832706,7.224656589248803,16.324159622192383,16.552096013669615,1.2427477113866296,49,13.0,23.419753086419753,16.63616779644217,1.0,9.033423667570034e-06,0.48834019200876355,-0.12259838929722836,,-2195918.0,-288.29154719963867,-2277819.4373848247,-288.57695504802274,False,29541,halfplane,1214.0,1690.1604938271605,4307.428488566964,0.022887062281370163,0.02446541721346202,0.0037221367538413123,896,3b,12481.0,11753.888888888889,2098.4838912832543,3945.0,3902.246913580247,708.0580559803144,8000,4.497173419992553,4.39011836090837,0.5502437232599016,0.01,0.08,2.5,0.003,0.003,0.0,False,0.035,0.0,0,True,8
0.26434534788131714,0.2582156691286299,0.03173198936956505,256,0.855682373046875,0.8334465497805749,0.11062525059406413,1,73.81465148925781,72.52701432027935,8.376563904265415,16.372438430786133,16.775052223676518,1.3565512412937175,25,12.0,18.530864197530864,16.149063665669722,0.0,0.0,0.5075445817783475,-0.18856820007618114,,-4285299.0,-552.9820544263778,-4391360.091127875,-558.9182556496253,False,56078,halfplane,55812.0,54224.69135802469,8017.382879598145,0.01640840619802475,0.015891950945427388,0.0026051629520694695,5151,3b,21607.0,20801.51851851852,4165.220673866241,195.0,250.22222222222223,435.46013694045234,8000,4.508470344876779,4.373361863971935,0.6307790173043196,0.013,0.05,2.5,0.003,0.003,0.0,True,0.03,0.0,0,True,3
0.23604494333267212,0.2976484226959723,0.08693595261652613,256,0.073272705078125,0.24938701111593364,0.1685776108122484,2,63.00770568847656,64.76542348037532,5.551561069309912,15.293317794799805,15.049523954038266,1.315988735748816,58,70.0,67.62962962962963,20.31507646949898,45110.47436363634,8.630884008203694,173310.670755564,12.302127999977571,,-19.0,0.3479437669376694,-0.003741281166173671,4.062521126700113e-05,False,4802,halfplane,2681.0,12068.617283950618,10273.041970257116,0.0910823866724968,0.04278163885536753,0.025497808664849603,263,3a,4801.0,15939.25925925926,11038.997277081009,261.0,589.2592592592592,334.03170463028914,8000,4.119950020824656,4.33217860914076,0.3959289806994165,0.01,0.08,2.5,0.01,0.03,0.15,False,0.035,0.0,0,True,81
0.0,0.0031918147348879294,0.02801249212479717,256,0.0,0.006518140251253858,0.05525931090522427,3,0.0,0.6871821792037399,4.341720580422139,0.0,0.5779991856327763,3.6412613434310765,84,0.0,2.8395061728395063,17.962551435615218,-3467.0,-0.07301236686518556,-2358.0,-0.044568153955349125,,0.0,0.288607046070461,0.0,0.0001582710056815481,True,0,halfplane,0.0,409.91358024691357,3618.062861404544,0.0,0.00019806970692711113,0.0017715893158899258,0,3a,0.0,22.641975308641975,202.4042104574728,0.0,3.246913580246914,28.929685238607018,8000,0.0,0.029695634896580524,0.1893318430280844,0.01,0.06,2.5,0.003,0.003,0.06,False,0.03,0.0008,0,True,2
0.0,0.002159908965781883,0.019318813090798234,256,0.0,0.006173404646508488,0.0552114920467375,3,0.0,0.6502057534677012,4.091847118288649,0.0,0.5648148148148148,3.565476129135468,85,0.0,1.271604938271605,11.262318189627749,-710881.0,-12.682836269196024,-16218.0,-0.29189092140921397,,0.0,0.0,0.0,1.7615176151761536e-05,True,0,halfplane,0.0,404.55555555555554,3618.3430898754455,0.0,-0.0006063013441032834,0.00542292408105773,0,3b,0.0,0.04938271604938271,0.34787661243470064,0.0,0.04938271604938271,0.34787661243470064,8000,0.0,0.028806584362139915,0.18293095284685487,0.01,0.06,2.5,0.003,0.003,0.0,False,0.03,0.0008,0,True,2
0.26342278718948364,0.25863849583231374,0.03171467020663236,256,0.8523101806640625,0.8334367540147569,0.11047173223856957,1,80.06002807617188,79.1519509303717,7.241635242496112,18.299612045288086,18.391517945277837,0.8598762833175029,29,19.0,19.37037037037037,16.162328126854426,0.0,0.0,0.510288065765053,-0.10403334595027902,,-4200662.0,-546.2457346431798,-4391343.144310785,-558.9774541547199,False,55857,halfplane,55650.0,54231.02469135803,7987.330469191925,0.012392894364893436,0.015975138149511667,0.0026625194107865392,4755,3b,24274.0,23538.037037037036,4289.858135858195,158.0,242.49382716049382,411.8932237117695,8000,4.37495748070967,4.3251794440742435,0.4653574770391552,0.013,0.05,2.5,0.003,0.01,0.0,True,0.03,0.0,0,True,3
0.28667151927948,0.3124686176026309,0.04350253409408752,256,0.2332305908203125,0.1750053123191551,0.060307435739433445,2,10.238207817077637,24.918356483365283,12.879009008162267,6.010100841522217,9.860966270352588,3.317260535015154,70,13.0,44.925925925925924,25.334686990041973,191967.57854237288,23.331642381291392,200933.02260159462,26.26664190559764,,16265.0,2.69893044263776,1.0641151455675502,0.0002497186878780498,False,15285,halfplane,128.0,860.0246913580247,3586.4980132979776,0.042598169296979904,0.05555912360181043,0.01327545088306987,2230,3a,15285.0,11064.617283950618,3388.2548753660794,7708.0,4192.098765432099,2475.2289711017024,8000,1.7035001635590448,2.3895560511258713,0.6044732643313021,0.01,0.08,2.5,0.01,0.03,0.15,False,0.035,0.0008,0,True,64
0.0,0.0023083773292141194,0.020646754503368725,256,0.0,0.006176041968074845,0.055211204382912535,3,0.0,0.4313725483270339,2.9580489152637663,0.0,0.4313725483270339,2.9580489152637663,87,0.0,1.3209876543209877,11.269786068816238,-763843.0,-13.62773193315266,-1101.0,-0.019018716124661217,,0.0,0.0,0.0,0.00013101287262872618,True,0,halfplane,0.0,404.5679012345679,3618.3417146405527,0.0,0.00022166367206308577,0.0019826201555011233,0,3b,0.0,0.1111111111111111,0.8888888888888891,0.0,0.1728395061728395,1.4383643270064421,8000,0.0,0.024691358024691357,0.15518277888859916,0.01,0.06,2.5,0.01,0.003,0.0,False,0.03,0.0008,0,True,2
0.23611831665039062,0.23904915705875115,0.03584904036642352,256,0.4320068359375,0.4317157886646412,0.049403117109341595,2,78.25282287597656,77.8318435292185,6.583909592972275,17.95856285095215,18.159498026341566,0.8894889329664826,53,17.0,22.28395061728395,14.366657702069245,0.0,0.0,0.48696844978258014,-0.08084399006584846,,-2161188.0,-283.1453337850046,-2258941.5994700985,-286.574597730387,False,28312,halfplane,1064.0,1639.679012345679,3808.1122273999617,0.025846829637885094,0.024882292581929102,0.005085044091712341,873,3b,13210.0,12854.172839506173,2263.7936628377333,4187.0,3915.074074074074,755.7032989173152,8000,4.357410285391354,4.306310872473243,0.43010500780064576,0.01,0.08,2.5,0.003,0.01,0.0,False,0.035,0.0,0,True,8
0.0,0.00289530193118413,0.025847039627184494,256,0.0,0.006319022472993827,0.055210693115691774,3,0.0,0.902157300784264,5.952752082431018,0.0,0.5604560286910446,3.540928428896979,92,0.0,2.8395061728395063,17.962551435615218,-2645.0,-0.0729862787769292,-731.0,-0.016405904574197213,,0.0,0.0,0.0,0.0,True,0,halfplane,0.0,405.7037037037037,3618.229607481456,0.0,0.00019399368744573475,0.0017351322893380421,0,3a,0.0,9.592592592592593,85.68702421002737,0.0,3.0123456790123457,26.831662624391132,8000,0.0,0.04144393534427899,0.2814453223661667,0.01,0.06,2.5,0.003,0.03,0.06,False,0.03,0.0008,0,True,2
0.23890823125839233,0.23599076289453624,0.029525873409471735,256,0.44586181640625,0.42295272262008105,0.04864848709342321,2,82.62867736816406,81.69601025993441,6.456870207580736,20.16596031188965,20.09160225479691,0.5750050633049226,57,24.0,23.395061728395063,13.870368996796758,0.0,0.0,4742.195802015718,0.8105009793164186,,-2059749.0,-263.8548561427281,-2212423.010206752,-278.85378806087795,False,29220,halfplane,968.0,1561.9753086419753,3905.754314447138,0.023511651903390884,0.024886784270221805,0.003639117387758794,871,3b,15284.0,14433.41975308642,2327.365096615301,3997.0,4144.234567901234,710.433553449433,8000,4.097433264887064,4.075808764426827,0.3500940234407003,0.01,0.08,2.5,0.003,0.03,0.0,False,0.035,0.0,0,True,6
0.0,0.2240353271043227,0.14141505434289675,256,0.0,0.061268747588734566,0.07606996082928778,3,0.0,29.45193311314524,17.93487394628108,0.0,10.118942702258074,5.308112086863794,91,0.0,46.617283950617285,33.563857656282956,-29983438.0,-3351.8071962511294,-354890.0,-39.482351227266314,,0.0,-9.528283197831977,0.0,-9.047165832914041,True,0,halfplane,0.0,2362.8765432098767,3931.026559553994,0.0,0.056999267711315624,0.03776994999836572,0,3b,0.0,1540.3703703703704,1724.5793721872985,0.0,222.58024691358025,233.21086014340742,8000,0.0,2.3457345151031643,1.3489276971669624,0.01,0.06,2.5,0.01,0.01,0.0,False,0.03,0.0008,0,True,54
0.2630643844604492,0.25789126404273655,0.031088003064399454,256,0.8407745361328125,0.8189184871720679,0.11365308284477323,1,85.07524108886719,84.26234850471403,7.116901007120354,20.295316696166992,20.46294273564845,0.5357999624205242,33,15.0,19.530864197530864,15.8815728453855,0.0,0.0,0.5116598079912364,0.2144320343195889,,-3901281.0,-508.6467929087625,-4314261.8647341225,-550.7042189872795,False,55101,halfplane,54776.0,53139.0987654321,8273.369481827702,0.016117585822939873,0.01602398492625834,0.0027456146184587755,4838,3b,27287.0,26393.69135802469,4746.794400179941,206.0,303.8888888888889,436.76620296147314,8000,4.191865846354876,4.127630628207327,0.38101770616126135,0.013,0.05,2.5,0.003,0.03,0.0,True,0.03,0.0,0,True,3
0.0,0.26471032980645515,0.13048130604616942,256,0.0,0.06561241620852623,0.07806584110977309,3,0.0,36.05206271748484,18.62127718740644,0.0,10.998642020755344,4.267616031178235,95,0.0,40.135802469135804,28.899465194940444,-33580004.0,-887.2765284552848,-919161.0,-21.174638746763698,,0.0,-30.641569557362246,0.0,-30.388481265186144,True,0,halfplane,0.0,2608.8024691358023,4084.8490200418805,0.0,0.08061115999050715,0.044134473550364595,0,3b,0.0,2199.7283950617284,2283.9214436575216,0.0,254.06172839506172,245.6320316144402,8000,0.0,2.9799588666264993,1.1649893751242262,0.01,0.06,2.5,0.01,0.03,0.0,False,0.03,0.0008,0,True,66
0.25440409779548645,0.26271836110103275,0.09934914169884006,256,0.636810302734375,0.29479584870515047,0.23864756986764582,3,46.45322799682617,41.47064147760839,4.802181217586361,16.130252838134766,15.777530752582315,1.6102753070927234,74,92.0,71.08641975308642,22.047198265978444,2406.74940322584,7.243104489185676,3224.1318255538354,10.114278688874595,,-129.0,0.2770225835591679,-0.0030910049360235448,2.71629329732076e-05,False,41734,halfplane,40434.0,14476.851851851852,14389.653928277183,0.02516360580921173,0.041546669179274714,0.029712966792622825,465,3a,41734.0,18915.135802469136,15710.462785423444,713.0,723.0370370370371,437.96195912499473,8000,2.879882110509417,2.663017669323331,0.43584051203028834,0.01,0.06,2.5,0.01,0.003,0.06,False,0.03,0.0,0,True,80
0.2485852986574173,0.2953581135766006,0.08495043682547566,256,0.0772705078125,0.29293050883728783,0.18564492185904996,3,46.60308074951172,51.28589347556785,10.398848142892385,16.343351364135742,17.757687250773113,1.9534739910502283,72,80.0,74.50617283950618,18.948353103972984,74941.96003084834,4.571481792019904,380710.34161668096,38.85366843364454,,-793.0,0.28454448961156276,-0.15659557661927326,6.0327649034916445e-06,False,5064,halfplane,1678.0,14624.469135802468,11781.399060777727,0.023851841688156128,0.037182514935179996,0.02123671301247075,268,3a,5064.0,18792.83950617284,12252.900548977399,726.0,555.7777777777778,312.0248090801138,8000,2.8515007898894154,2.9338583805306544,0.7028276977341437,0.01,0.06,2.5,0.003,0.003,0.06,False,0.03,0.0,0,True,80
0.32051536440849304,0.3360267748573312,0.054650832327234014,256,0.0919036865234375,0.1318764392240548,0.0507927651925695,3,53.6431999206543,43.741336869604794,7.876582641527428,12.925271034240723,14.29992918320644,1.441020568753101,86,52.0,47.641975308641975,18.53878726171679,31602.069376884436,2.210636703235885,33959.372371191625,3.8316680514606856,,-9.0,0.2573868563685639,-0.001494271957496407,8.545302009065476e-05,False,6023,halfplane,870.0,2442.679012345679,3539.6614779450883,0.08035781979560852,0.06743491185760056,0.011998111000265531,27,3a,6023.0,8238.123456790123,2157.1581578761798,487.0,591.5061728395061,152.5075285295528,8000,4.150257346837124,3.092379126858162,0.6439723142556496,0.01,0.06,2.5,0.01,0.003,0.06,False,0.03,0.0008,0,True,80
0.2639722526073456,0.2745911648244034,0.054563954857659025,256,0.251861572265625,0.31073958785445605,0.11050710308182642,3,59.72507095336914,64.41941428478853,8.063544199515242,14.37288761138916,14.617283055811752,1.4290038027651566,75,82.0,65.12345679012346,16.55173909481864,0.0,0.0,0.4842249656794593,-0.0424801220584448,,-1596567.0,-206.33703929539297,-1616680.817037439,-205.80468871446982,False,16506,halfplane,8842.0,10028.37037037037,7170.228779593764,0.029545944184064865,0.03282815473223174,0.009873339401296201,1426,3b,9215.0,10954.160493827161,3725.279343098753,2563.0,2253.8395061728397,615.1868020383932,8000,4.155398037077426,4.4691640615453965,0.7171269646137957,0.01,0.06,2.5,0.01,0.003,0.0,False,0.03,0.0,0,True,79
0.3152177035808563,0.3286452690990251,0.05739966367640029,256,0.13079833984375,0.12342420036410108,0.05325735408389151,3,47.272865295410156,48.457392986909845,7.592418813562234,13.950117111206055,15.156587836183148,1.8825857326730195,88,47.0,53.51851851851852,20.123759749291086,16792.780601366743,2.474201488530727,187457.8379980144,16.52799579642232,,-1.0,0.269821138211382,-0.00011665888940726177,0.00023154817721494073,False,8572,halfplane,2751.0,2870.2716049382716,3513.6244907549844,0.06366001069545746,0.07216221811594786,0.01360621704922553,24,3a,8572.0,7684.185185185185,2303.6061751416823,460.0,538.8765432098766,167.69927396031275,8000,3.388707419505366,3.216496890143414,0.5019786877284985,0.01,0.06,2.5,0.003,0.01,0.06,False,0.03,0.0008,0,True,81
0.3467596769332886,0.33583323657512665,0.05132811415418267,256,0.112579345703125,0.12711287133487653,0.05614141603033847,3,52.33545684814453,44.471185095516255,5.009794855421006,13.987719535827637,14.08427451569357,1.4133798662948156,90,46.0,48.135802469135804,15.859532387996811,19707.096686774938,2.8988441718371423,27070.511758995417,3.7354086162580535,,77.0,0.2695826558265592,0.010436432637571214,9.3300006094003e-05,False,7378,halfplane,1165.0,1938.4074074074074,3510.800502357338,0.07700168341398239,0.06816913474949053,0.01146519911390056,1707,3a,7378.0,7925.925925925926,2618.6382040854264,650.0,741.283950617284,213.25827583367806,8000,3.741528869612361,3.1813664732193128,0.3948029481037628,0.01,0.06,2.5,0.01,0.01,0.06,False,0.03,0.0008,0,True,80
0.27773356437683105,0.2847843229552202,0.06178944619912433,256,0.188385009765625,0.20393541124131945,0.07129014825792457,3,50.208892822265625,49.38130739000108,6.703999378054845,17.321346282958984,16.09820962835241,1.544345143743483,89,56.0,53.01234567901235,15.867891197036858,0.0,0.0,60739.31638815481,7.607014242717265,,-855062.0,-118.07402190605242,-1049753.6353858565,-140.64966873737217,False,12346,halfplane,1526.0,3118.2345679012346,3663.81187947577,0.055688682943582535,0.05444021268897219,0.021874716507133414,3,3b,3719.0,4014.41975308642,1383.343568585049,1921.0,1772.6172839506173,605.0222436049938,8000,2.898671634537502,3.07883352911486,0.41535581310623765,0.01,0.06,2.5,0.003,0.01,0.0,False,0.03,0.0008,0,True,12
0.2768861651420593,0.2869604733531122,0.05429713619930461,256,0.1556549072265625,0.14465313193238813,0.05766456230904567,3,55.91843795776367,58.740698590690705,5.809301672041679,15.893232345581055,17.3470895908497,1.5934578829954777,93,57.0,74.87654320987654,18.120571977488535,1.0,9.033423667570034e-06,102784.6209583478,11.929011414372804,,-613743.0,-81.20566056910572,-735084.1010638297,-93.57284683787928,False,10201,halfplane,5779.0,3043.382716049383,3537.1717430665108,0.05291682481765747,0.07615308799309495,0.02212013184667241,28,3b,4512.0,3658.9135802469136,1173.215789540834,1774.0,1100.037037037037,382.6629385688975,8000,3.5183805509263797,3.404033220220421,0.32407685773979433,0.01,0.06,2.5,0.003,0.03,0.0,False,0.03,0.0008,0,True,17
0.27838781476020813,0.2692484007573422,0.06640170723105837,256,0.2726898193359375,0.3006635124300733,0.1460131660625775,3,71.20927429199219,65.56080872335552,5.922312007318699,15.075472831726074,15.109733134140203,1.2328391241406553,79,91.0,69.9753086419753,16.309487739865986,0.0,0.0,0.5130315501010045,-0.04691811947028107,,-1541837.0,-196.45176287262873,-1563227.0720980533,-196.05722022895478,False,17871,halfplane,8105.0,11490.061728395061,9933.5082203666,0.03484392538666725,0.03456082258281516,0.013899622885193266,1899,3b,11096.0,11318.271604938273,5316.636607397542,2753.0,2245.703703703704,738.4810143157379,8000,4.723518549605506,4.373352054689444,0.4827315230816229,0.01,0.06,2.5,0.01,0.01,0.0,False,0.03,0.0,0,True,77
0.19281765818595886,0.2648834766429148,0.10082767557528023,256,0.1254425048828125,0.2887965072820216,0.23573054622076006,3,58.4481201171875,64.92707099443601,9.40584691807477,14.254412651062012,16.63749966798005,2.8793803789559704,76,80.0,63.34567901234568,21.592271419023273,33981.58503401361,8.543016758824177,8123.248472505249,31.130306138387795,,-486.0,0.007292682926829272,-0.0591168957547743,3.614167421470917e-06,False,8221,halfplane,5070.0,13794.012345679012,14392.945907239993,0.012081061489880085,0.04423243826094233,0.03492718574654544,238,3a,8221.0,18521.95061728395,15509.902549941198,857.0,515.4197530864197,371.72835774997657,8000,4.100352755139277,3.9705622313666367,0.5708754073888295,0.01,0.06,2.5,0.003,0.01,0.06,False,0.03,0.0,0,True,80
0.33137643337249756,0.33345615895993913,0.056276310049120044,256,0.101898193359375,0.1186992503978588,0.051904289127234764,3,48.28706359863281,49.67191393581437,5.855995270142196,14.638022422790527,14.33064850465751,1.3725793321007522,94,75.0,51.01234567901235,20.00832778913678,34512.01149999999,3.2507371570855566,39348.54274454282,4.2012030536427405,,73.0,-0.01864092140921411,0.010931416591793974,-2.8786923624042085e-06,False,6678,halfplane,846.0,1485.8765432098764,3525.34183399097,0.06491365283727646,0.07304541748247029,0.011354145747748484,30,3a,6678.0,7374.543209876543,2108.2962581977035,801.0,791.3703703703703,206.27270960314485,8000,3.29874213836478,3.4818805964188635,0.40780255998568776,0.01,0.06,2.5,0.01,0.03,0.06,False,0.03,0.0008,0,True,80
0.2750791013240814,0.2678583343455821,0.10312869928204893,256,0.4887542724609375,0.28882401077835645,0.2357715580965808,3,61.73741149902344,57.67437075391228,6.257867181798031,14.381375312805176,14.851831730501152,1.6483886612557206,78,90.0,61.17283950617284,20.010978544478405,4756.1620975609985,3.0858016202024645,988.1227049698355,8.505941425677392,,-1300.0,-0.07439792231255647,-0.040554338102041454,3.6407591724670234e-07,False,32031,halfplane,30869.0,13593.493827160493,15157.285669513718,0.01949635148048401,0.04130220883468419,0.029502061955491904,255,3a,32030.0,18523.753086419754,15512.607404374146,647.0,563.0493827160494,405.3986881167469,8000,4.292872529736817,3.925681155528418,0.5099061763837376,0.01,0.06,2.5,0.01,0.01,0.06,False,0.03,0.0,0,True,81
0.3121887445449829,0.27230888770686257,0.06309350315118106,256,0.2577056884765625,0.30274925702883876,0.13022408767545643,3,70.41831970214844,67.91143092402706,5.25786004784752,16.075246810913086,16.16538813084732,1.150958918391224,83,89.0,72.70370370370371,18.334642676775786,0.0,0.0,0.495198902557604,-0.0041757149495346545,,-1552604.0,-199.21902710027103,-1574283.0792877392,-200.20605160060967,False,16889,halfplane,4969.0,10185.185185185184,7278.099445157896,0.053926024585962296,0.034626340286599264,0.015294299991637159,862,3b,11288.0,12866.024691358025,5490.5495530458575,2507.0,2372.2098765432097,715.5052728373212,8000,4.380543549055599,4.225657680982365,0.38222776810527764,0.01,0.06,2.5,0.01,0.03,0.0,False,0.03,0.0,0,True,70
0.0,0.002355692379268599,0.021069953176491206,256,0.0,0.0061754768277391976,0.05521126517685628,4,0.0,0.4444444444444444,3.0020569080236226,0.0,0.4444444444444444,3.0020569080236226,111,0.0,1.3580246913580247,11.286732779635411,-689467.0,-12.300788843721762,-1118.0,-0.019556515356820268,,0.0,0.0,0.0,0.00010789295392953922,True,0,halfplane,0.0,404.55555555555554,3618.3430898754455,0.0,0.0003118508805831273,0.002789279071308169,0,3b,0.0,0.1111111111111111,0.8888888888888891,0.0,0.18518518518518517,1.5484848118790278,8000,0.0,0.024691358024691357,0.15518277888859916,0.01,0.08,2.5,0.01,0.003,0.0,False,0.035,0.0008,0,True,2
0.0,0.003025124212051454,0.027017643911857563,256,0.0,0.006318457332658179,0.05521063682556481,4,0.0,0.890885294219594,5.863613446586584,0.0,0.5670082657425491,3.5779261244378002,112,0.0,2.8395061728395063,17.962551435615218,-2713.0,-0.06932683227943388,-751.0,-0.01544491308593238,,0.0,0.0,0.0,0.0,True,0,halfplane,0.0,405.5925925925926,3618.2393159656335,0.0,0.00022353454964396395,0.0019993537932948193,0,3a,0.0,9.555555555555555,85.35575515612057,0.0,2.691358024691358,23.960688985801045,8000,0.0,0.040167377381693896,0.2709798142282497,0.01,0.08,2.5,0.003,0.01,0.06,False,0.035,0.0008,0,True,2
0.176645889878273,0.2702432535128829,0.10042672762903815,256,0.0081329345703125,0.2857848744333526,0.22779684166671535,3,53.81425857543945,72.04777851811161,9.911725340690765,14.442598342895508,17.54337813530439,1.9898198310101676,80,59.0,64.65432098765432,20.65720242901403,246395.94017094024,10.850409871984874,43683.49767441861,35.157627127500604,,-53.0,0.02189137308039747,-0.09943714821763594,6.760467933401181e-06,False,533,halfplane,82.0,14651.79012345679,14119.540241628414,0.02220883034169674,0.04253798410480405,0.03209776773013695,116,3a,533.0,18324.58024691358,14986.76841508906,361.0,541.604938271605,381.62335769198836,8000,3.726078799249531,4.123647023215804,0.41574875416025653,0.01,0.06,2.5,0.003,0.03,0.06,False,0.03,0.0,0,True,80
0.3098989427089691,0.2611724112504794,0.08503985113699215,256,0.2133636474609375,0.24362879623601466,0.1695711387020017,4,65.51605224609375,61.04068595980421,7.768790409210718,14.12726879119873,14.611113489410023,1.4063412691016535,99,94.0,67.64197530864197,19.320754938842263,0.0,0.0,5614.369802294299,2.008228575406611,,-1245527.0,-159.90850632339658,-1260490.8906272023,-158.0480617096328,False,13983,halfplane,6020.0,9487.25925925926,9120.203575237358,0.07071045786142349,0.045615835713199625,0.02284112872574205,900,3b,7095.0,8042.3456790123455,5594.431135723978,539.0,1352.4444444444443,681.0462358082907,8000,4.6375598941571905,4.234226271547073,0.7006816506276047,0.01,0.08,2.5,0.01,0.003,0.0,False,0.035,0.0,0,True,81
0.0,0.05982291601519395,0.12671250043041757,256,0.0,0.020148006486304014,0.06554417717352143,4,0.0,7.723665531770683,15.884878325990066,0.0,2.9768670753196433,5.69624016947509,115,0.0,11.382716049382717,25.947510121627555,-7897664.0,-1050.5248635953033,-103631.0,-14.568055664244543,,0.0,3.5078875338753397,0.0,4.302505159898878,True,0,halfplane,0.0,1016.8518518518518,3951.005835715077,0.0,0.020014089658672428,0.0422967739293913,0,3b,0.0,407.1975308641975,1131.6253406489454,0.0,48.76543209876543,130.59571690601499,8000,0.0,0.6063602123036451,1.2201597549503922,0.01,0.08,2.5,0.01,0.01,0.0,False,0.035,0.0008,0,True,17
0.3899384140968323,0.29653820432262656,0.09144457966539835,256,0.350830078125,0.25255726001880785,0.16278479599762952,4,44.19837188720703,51.10241637995214,9.983952365761192,13.976577758789062,15.931691311023853,2.235434691338025,96,45.0,66.51851851851852,19.509485575863916,6286.457327868848,5.039177476854814,172992.95895959542,26.203109333457522,,-703.0,0.3107771002710021,-0.03057585247042449,4.346381359050551e-05,False,22992,halfplane,11061.0,11076.456790123457,8437.751420743347,0.04298742488026619,0.04398418724950817,0.027014471933183105,246,3a,22992.0,16147.024691358025,10666.880779072477,598.0,558.074074074074,337.30591228682727,8000,3.1623173277661794,3.257667428963045,0.6853442457188385,0.01,0.08,2.5,0.003,0.003,0.06,False,0.035,0.0,0,True,81
0.2180386781692505,0.2856682358700552,0.09134470389910665,256,0.032958984375,0.28696959695698304,0.2168739284016814,3,58.002315521240234,64.77551057603624,6.121170655199668,16.862045288085938,15.365585880515017,1.430883451415609,82,46.0,67.01234567901234,18.09746849984075,104599.52490909089,8.531675661087894,351191.4676745989,13.52408115132153,,-184.0,0.05659756097560977,-0.08518518518518525,5.3021237923728736e-06,False,2160,halfplane,1486.0,14400.456790123457,13785.694679764543,0.06622844189405441,0.03923302830231411,0.02560073759574197,739,3a,2160.0,18402.25925925926,14276.066508582679,257.0,568.5308641975308,337.7028457244095,8000,3.439814814814815,4.246291992576882,0.42505855337497345,0.01,0.06,2.5,0.01,0.03,0.06,False,0.03,0.0,0,True,81
0.31966695189476013,0.30195638684578885,0.07564179707939139,256,0.1588134765625,0.2538354190779321,0.14979086920044893,4,55.67390441894531,50.36534194004388,7.604770038885516,14.028664588928223,15.066845799669807,1.445581726531074,98,87.0,69.5679012345679,18.530547533504773,22993.38648034935,6.378517936998478,64277.84547422617,5.646663201326799,,-187.0,0.3233857271906047,-0.0179669485011531,4.2916485590489457e-05,False,10408,halfplane,3858.0,11722.283950617284,8757.550069264142,0.07495874166488647,0.041973045808665545,0.020515244628359592,1318,3a,10408.0,16230.777777777777,9818.671498731384,266.0,693.9012345679013,325.63979209550956,8000,3.9685818601076095,3.3902368735503368,0.6610721550114578,0.01,0.08,2.5,0.01,0.003,0.06,False,0.035,0.0,0,True,81
0.0,0.035763645429670074,0.0979713091741042,256,0.0,0.014274126217689044,0.060572192973084256,4,0.0,6.61509954193492,17.593694888430953,0.0,2.0747321799949363,5.383435243895737,119,0.0,9.271604938271604,25.733684676971595,-4649528.0,-404.2611291779583,-62383.0,-5.586301505434194,,0.0,1.3203943089430896,0.0,1.6673876634568872,True,0,halfplane,0.0,801.9135802469136,3859.9539119538936,0.0,0.011400020048942095,0.03156737362095203,0,3b,0.0,310.18518518518516,1034.7997374229687,0.0,30.333333333333332,99.04930808490671,8000,0.0,0.44691705237923945,1.1993117140884664,0.01,0.08,2.5,0.01,0.03,0.0,False,0.035,0.0008,0,True,11
0.32794347405433655,0.32006940760730224,0.05978175636006338,256,0.218505859375,0.17202834141107254,0.07824951054267595,4,11.936941146850586,20.26541832346975,7.744537236058289,10.240653991699219,13.20342187528257,2.9372226561995434,108,65.0,65.19753086419753,17.92950513531245,55448.539744680835,8.741605113562574,335695.22247649636,39.19043352178832,,7385.0,1.1840995934959357,0.5157122905027931,0.00025746362160238896,False,14320,halfplane,1369.0,2438.074074074074,3713.8106275400046,0.04898182675242424,0.05209054618521973,0.013608492445440793,118,3a,14320.0,10869.518518518518,4690.38473536089,5259.0,2260.716049382716,1499.3720186252126,8000,1.1656424581005587,1.4956912047513282,0.3323607292282869,0.01,0.08,2.5,0.003,0.003,0.06,False,0.035,0.0008,0,True,72
0.15313060581684113,0.27170725534727547,0.0727939009852072,256,0.36566162109375,0.24301203974971064,0.14126744868101332,4,65.94746398925781,65.84457011281708,5.672773763334471,14.467437744140625,14.944059430817028,1.2995072492167192,103,67.0,72.9753086419753,19.414882485912116,0.0,0.0,0.4979423867771402,1.973188968520529,,-1232880.0,-159.90639611562787,-1257230.254587156,-159.0713482033123,False,23964,halfplane,17209.0,9323.506172839507,8402.758735880656,0.01754189096391201,0.04358968764175603,0.01939018538033496,1155,3b,13952.0,8931.58024691358,5167.814696502535,2071.0,1393.7530864197531,613.2056938616121,8000,4.558337506259389,4.442315317704843,0.472860804868299,0.01,0.08,2.5,0.01,0.01,0.0,False,0.035,0.0,0,True,78
0.0,0.002261604239911209,0.020228403274572822,256,0.0,0.006176230348186728,0.055211184221089955,5,0.0,1.0596707661946614,7.230541547761517,0.0,0.5962700313991971,3.749884427959907,121,0.0,1.4814814814814814,11.41269718622517,-1069113.0,-19.074057588075846,-91539.8947368421,-1.652817774449666,,0.0,-0.288607046070461,0.0,-0.016827674159094544,True,0,halfplane,0.0,404.5679012345679,3618.3417146405527,0.0,0.00020072503406324505,0.0017953392838055066,0,3b,0.0,0.2222222222222222,1.8790593916986398,0.0,0.20987654320987653,1.7688389815873895,8000,0.0,0.04458161865569273,0.307456953849209,0.01,0.05,2.0,0.003,0.003,0.0,False,0.04,0.0,0,True,1
0.3064669370651245,0.3111189823643661,0.051606099211347546,256,0.24774169921875,0.19591060685522763,0.06017617001738578,4,10.405888557434082,15.710111947707189,5.613381338655842,9.527972221374512,11.517001093169789,2.3918765095156123,110,32.0,56.160493827160494,18.72507844360332,82332.03495454547,13.997264623438914,212097.53883293626,29.35657972021871,,12313.0,2.1088809846431804,0.7583764474008379,0.00022836393545620735,False,16236,halfplane,1427.0,1774.7407407407406,3585.7707774740848,0.04560957849025726,0.047753092246475046,0.009961043908607905,318,3a,16236.0,12434.617283950618,3538.446152552852,6815.0,3991.6296296296296,2011.2756006669333,8000,1.0921409214092141,1.3339392636952265,0.24554051506172958,0.01,0.08,2.5,0.01,0.003,0.06,False,0.035,0.0008,0,True,76
0.0,0.0023965173297458226,0.021435102634271744,256,0.0,0.006206747926311728,0.05520859684436027,5,0.0,0.723113872386791,4.5943333511131055,0.0,0.5136005966751663,3.294679766544958,123,0.0,2.8395061728395063,17.962551435615218,-1120465.0,-19.99022922312556,-1491.0,-0.031154183715039724,,0.0,0.0,0.0,0.14257279368445835,True,0,halfplane,0.0,404.71604938271605,3618.3254746304533,0.0,0.0001680187789010413,0.0015028056444769428,0,3b,0.0,1.4320987654320987,12.697757429693315,0.0,1.2098765432098766,10.710230541699993,8000,0.0,0.03731138545953361,0.2478704215884094,0.01,0.05,2.0,0.01,0.003,0.0,False,0.04,0.0,0,True,2
0.29596656560897827,0.2666895864186464,0.03966615337037339,256,0.1934356689453125,0.1996384608892747,0.06407498154395778,4,42.1777229309082,39.58224336600598,2.9811329145926972,17.649930953979492,17.230478592860845,1.450904178194497,109,101.0,61.67901234567901,16.51473502962167,1.0,9.033423667570034e-06,61034.590034293535,9.591573022352668,,-688534.0,-94.62057565492323,-1026856.8297697369,-137.29829886968759,False,12677,halfplane,2919.0,2679.8271604938273,3672.0883310273525,0.05607321858406067,0.053552967967626486,0.014087664348411938,10,3b,2432.0,2571.061728395062,780.9664532666411,1938.0,2108.0,502.3255301809823,8000,2.3896821014435594,2.314379410298894,0.2513473742028737,0.01,0.08,2.5,0.003,0.003,0.0,False,0.035,0.0008,0,True,5
0.37467721104621887,0.3091388114808518,0.0757052347368621,256,0.4202880859375,0.25315593201437114,0.1555667889829229,4,63.882442474365234,68.07803994637949,8.140030855988305,15.070557594299316,16.733560409074947,1.7605185950644993,100,59.0,69.65432098765432,16.665304013796913,9322.253344398312,2.1457440678473465,150782.6525723933,31.28538833973589,,-309.0,0.25522312556458887,-0.01125518502481726,4.1784478792866755e-05,False,27544,halfplane,25747.0,12045.185185185184,9743.10627339122,0.03661837428808212,0.041166369044394406,0.020939668334958875,1641,3a,27544.0,16186.283950617284,10195.359288330033,630.0,473.0,254.9101027692452,8000,4.238890502468777,4.099828463946611,0.4910135440963307,0.01,0.08,2.5,0.003,0.01,0.06,False,0.035,0.0,0,True,81
0.2772940695285797,0.30043190754490134,0.04764224471521258,256,0.2353668212890625,0.19585767204378857,0.06637342093653607,4,8.865154266357422,17.57471398954038,10.346331226572111,7.6715288162231445,10.19025398183752,2.899182741509991,114,12.0,46.19753086419753,24.651356486396804,194979.94838709678,25.974373465681676,282642.65551380685,33.36708924751369,,15396.0,2.674995257452575,0.9981199351701784,0.00029531040197628236,False,15425,halfplane,145.0,1068.8641975308642,3625.1370540394796,0.0422796756029129,0.049566948119504954,0.012420440068055138,1835,3a,15425.0,12431.197530864198,3985.769886811228,8195.0,4947.185185185185,2710.5073012083876,8000,1.1555915721231766,1.624599387169587,0.5400701889023246,0.01,0.08,2.5,0.01,0.01,0.06,False,0.035,0.0008,0,True,59
0.2834278643131256,0.280794538281582,0.04672819232284449,256,0.1516265869140625,0.17186482747395834,0.06237415736307204,4,52.271812438964844,51.54851442501869,4.231100823053391,17.209190368652344,16.4803982016481,1.4726985098409224,113,77.0,65.38271604938272,15.31526141237062,0.0,0.0,73267.63212666527,10.172676880098626,,-739067.0,-107.92729765130986,-879516.7520128825,-120.08654069151261,False,9937,halfplane,1744.0,2620.740740740741,3541.22439165381,0.06323971599340439,0.06398141071384336,0.016319414485470012,12,3b,3105.0,3465.2345679012346,1080.1920070702215,1560.0,1613.037037037037,462.39063290002963,8000,3.0374358458287207,3.150632839790008,0.31603961730305513,0.01,0.08,2.5,0.003,0.01,0.0,False,0.035,0.0008,0,True,14
0.0,0.0022507672324592683,0.02013147413323199,256,0.0,0.006176041968074845,0.055211204382912535,5,0.0,1.2469135802469136,8.80169857933232,0.0,0.5789914307770906,3.6470554396172483,125,0.0,1.3333333333333333,11.274356350191841,-1061319.0,-18.9350047425474,-96574.57142857143,-1.7468406891211803,,0.0,0.0,0.0,0.12375290360046479,True,0,halfplane,0.0,404.5679012345679,3618.3417146405527,0.0,0.00020104591493253355,0.0017982093295511405,0,3b,0.0,0.18518518518518517,1.5484848118790278,0.0,0.18518518518518517,1.5484848118790278,8000,0.0,0.05519244734931009,0.3974958652345713,0.01,0.05,2.0,0.003,0.01,0.0,False,0.04,0.0,0,True,1
0.23741285502910614,0.28644853664769065,0.09076235166428802,256,0.0404205322265625,0.24872033389998072,0.19141595366881922,4,43.59418487548828,61.37666904779128,6.036599275365812,16.02122688293457,14.689300525335618,1.4552155204940687,102,65.0,65.5925925925926,19.978246056665885,74985.7905591398,4.2953499099336865,219634.39238602435,6.815877844639997,,-91.0,0.5660661698283656,-0.034352585881464615,6.129008514996074e-05,False,2649,halfplane,1852.0,12003.185185185184,11207.648911622824,0.07863069325685501,0.04561065206373179,0.030466790400613473,1004,3a,2649.0,15895.530864197532,12535.293856795217,158.0,562.6296296296297,337.4504424317646,8000,2.7210268025670064,4.2180536672854725,0.4999960350547672,0.01,0.08,2.5,0.01,0.01,0.06,False,0.035,0.0,0,True,81
0.3325999975204468,0.3253028749683757,0.05488568664455239,256,0.1394195556640625,0.11804764359085648,0.0573743915948601,4,52.2306022644043,48.81525870900095,8.104827166384773,15.393555641174316,14.593617309758693,2.4123113926934496,116,40.0,53.39506172839506,19.761340867902263,23107.911500000002,3.2490728672616314,163580.08243907563,20.85719955678985,,96.0,-0.028256097560975614,0.010506730874466408,-4.056727628852219e-06,False,9137,halfplane,2253.0,1850.9876543209878,3551.7307465718573,0.07645192742347717,0.07681407834644671,0.015712201872131917,363,3a,9137.0,7331.827160493827,2641.5559705285723,843.0,799.7407407407408,331.23844597703095,8000,3.393017401773011,3.3642166900785644,0.3272452442796892,0.01,0.08,2.5,0.003,0.03,0.06,False,0.035,0.0008,0,True,81
0.0,0.0023733640526547844,0.021228013428361944,256,0.0,0.006189605336130401,0.05520988414592764,5,0.0,1.0930780952359422,7.5075809543691125,0.0,0.5110037532853492,3.282056972525272,127,0.0,2.8395061728395063,17.962551435615218,-1106107.0,-19.734067976513078,-3554.625,-0.06783260162601615,,0.0,0.288607046070461,0.0,0.144685411020777,True,0,halfplane,0.0,404.60493827160496,3618.337609151857,0.0,0.00017477522523682795,0.0015632371376495366,0,3b,0.0,0.9753086419753086,8.612330105320611,0.0,0.8395061728395061,7.3977921132724775,8000,0.0,0.06020252462200028,0.44071966878016094,0.01,0.05,2.0,0.01,0.01,0.0,False,0.04,0.0,0,True,2
0.26818591356277466,0.2847610173034079,0.05884020027345215,256,0.10943603515625,0.130069120430652,0.07563544042761483,4,54.20510482788086,59.069034623511044,5.816335873673248,16.107019424438477,17.727717576203524,1.3087310971806752,117,58.0,66.80246913580247,20.479691689113537,1.0,9.033423667570034e-06,91768.07411904924,18.925994183985036,,-580972.0,-81.02916350496841,-657668.9645989975,-89.75011244299169,False,7172,halfplane,1372.0,3022.074074074074,3820.9979653623413,0.046247854828834534,0.07658121401421082,0.02143606011606674,9,3b,3192.0,3284.8024691358023,1668.0355742702072,1446.0,1025.6913580246915,439.8134745485318,8000,3.3653095370886783,3.349669217850005,0.3561179118132651,0.01,0.08,2.5,0.003,0.03,0.0,False,0.035,0.0008,0,True,21
0.22188079357147217,0.2725597975062735,0.07099276688450591,256,0.0510406494140625,0.2477863453052662,0.13966880839660661,4,67.28579711914062,66.67440828864957,5.259360511358866,16.386676788330078,15.844658474863312,1.1550303462761722,107,60.0,70.60493827160494,18.5383679628112,0.0,0.0,33896.54758936493,1.015176915405968,,-1277840.0,-161.80772041553755,-1282566.907522124,-161.53064627042212,False,3345,halfplane,1811.0,9483.716049382716,7938.376760146794,0.0634317398071289,0.04386962261510852,0.018977415231613615,1273,3b,2260.0,10297.703703703704,5815.413224693229,876.0,1418.320987654321,566.6391894680422,8000,4.106128550074739,4.232668731961012,0.3802557224809576,0.01,0.08,2.5,0.01,0.03,0.0,False,0.035,0.0,0,True,76
0.296344518661499,0.3197319903123526,0.04647474582732606,256,0.22052001953125,0.16175239468798225,0.06025897120274209,4,11.831511497497559,28.507757905088823,12.549007307170633,6.692066669464111,10.745284486699987,3.0032716737770735,118,20.0,54.333333333333336,21.214949306422444,138237.75010526314,14.65079494400573,150894.58854837413,18.36690075767169,,16174.0,2.5703215898825666,1.1191530584002214,0.0003063253862584175,False,14452,halfplane,184.0,932.4691358024692,3569.718870856448,0.04476763680577278,0.05892878195937769,0.013815311169324345,1238,3a,14452.0,10196.061728395061,3279.0871220835684,7167.0,3376.037037037037,2109.3625650245676,8000,1.7679905895377803,2.5490973194809805,0.5932962006145222,0.01,0.08,2.5,0.01,0.03,0.06,False,0.035,0.0008,0,True,64
0.3437614440917969,0.3120036807693081,0.06304315242713857,256,0.2148590087890625,0.2528486840518904,0.1459602408889077,4,67.01846313476562,71.0010395285524,7.28789850341913,15.48525619506836,16.79043780432807,1.6427247764082116,104,92.0,76.11111111111111,17.663521732655695,11580.674803347269,2.7385678570460077,330577.0972423253,37.28873296555997,,-446.0,0.29696251129177964,-0.0316738867978128,4.721802368473892e-05,False,14081,halfplane,10905.0,12057.222222222223,8454.060326257437,0.053305089473724365,0.03845255304541853,0.015878305868610162,1931,3a,14081.0,16166.111111111111,9564.935142049055,312.0,521.8641975308642,255.98436261492301,8000,4.327888644272424,4.25350425934975,0.39096930957084225,0.01,0.08,2.5,0.003,0.03,0.06,False,0.035,0.0,0,True,81
0.0,0.002249437901708815,0.02011958423754161,256,0.0,0.006174723307291667,0.05521134695522334,5,0.0,1.4777777401017553,10.781900374774594,0.0,0.5743546662507234,3.6200867481890993,129,0.0,1.271604938271605,11.262318189627749,-1056319.0,-18.84579968383018,-1003192.5,-17.952118224932242,,0.0,0.0,0.0,7.706639566395644e-05,True,0,halfplane,0.0,404.55555555555554,3618.3430898754455,0.0,0.0002020594698411447,0.0018072748402494724,0,3b,0.0,0.1111111111111111,0.8888888888888891,0.0,0.13580246913580246,1.1083642314796764,8000,0.0,0.06666666666666667,0.4969039949999534,0.01,0.05,2.0,0.003,0.03,0.0,False,0.04,0.0,0,True,2
0.0,0.0033836969990789154,0.027922550136390323,256,0.0,0.007270907178337191,0.05595730178908981,5,0.0,1.479285157757041,10.794934326544182,0.0,0.580285248933015,3.654629109652775,128,0.0,2.8395061728395063,17.962551435615218,-4501.0,-0.08417192509501183,-56932.5,-1.0184730805973203,,0.0,0.288607046070461,0.0,5.0977477695268714e-05,True,0,halfplane,0.0,473.34567901234567,3662.711008240854,0.0,0.00016004349576470293,0.0014314725435463013,0,3a,0.0,71.96296296296296,643.5445142631041,0.0,2.271604938271605,20.206350514822727,8000,0.0,0.06554922280890142,0.48716420360589785,0.01,0.05,2.0,0.003,0.03,0.03,False,0.04,0.0,0,True,2
0.0,0.0023791696186418886,0.021279939989142058,256,0.0,0.006193184558256173,0.0552095801987887,5,0.0,1.1624371563946758,8.087709957154345,0.0,0.5172615993170091,3.3126701872991897,131,0.0,2.8395061728395063,17.962551435615218,-1102985.0,-19.678368337849996,-6057.5,-0.11358234241082242,,0.0,0.0,0.0,0.0009412066752246453,True,0,halfplane,0.0,404.65432098765433,3618.3321823376837,0.0,0.00016999674708019068,0.001520497129700581,0,3b,0.0,1.1851851851851851,10.489396304947658,0.0,0.8148148148148148,7.176971250028189,8000,0.0,0.06287151348879744,0.463869063116802,0.01,0.05,2.0,0.01,0.03,0.0,False,0.04,0.0,0,True,2
0.0,0.003624378094150696,0.030774924092417614,256,0.0,0.006897349416473766,0.05551003879960412,5,0.0,0.7532725863986545,4.812695356977921,0.0,0.5709194842680001,3.600284593386921,132,0.0,2.259259259259259,14.294760999887187,-2625.0,-0.05166112538257243,-2654.0,-0.10745399105381889,,0.0,0.288607046070461,0.0,7.523292448907384e-05,True,0,halfplane,0.0,427.2345679012346,3621.4982039584374,0.0,0.0005462550914581911,0.00488585407022352,0,3a,0.0,47.46913580246913,424.4650689119348,0.0,3.2839506172839505,29.260952183143804,8000,0.0,0.03327491124336331,0.21614604553001016,0.01,0.05,2.0,0.003,0.003,0.03,False,0.04,0.0008,0,True,2
0.0,0.0024948892769990146,0.0223149680788204,256,0.0,0.006172839506172839,0.05521155499999482,5,0.0,0.30864197530864196,2.7605777499997406,0.0,0.30864197530864196,2.7605777499997406,133,0.0,1.2592592592592593,11.26315721999894,-617113.0,-5.574643179765111,-2934.0,-0.026504065040650494,,0.0,0.0,0.0,0.0,True,0,halfplane,0.0,404.5432098765432,3618.3444684796605,0.0,0.0,0.0,0,3b,0.0,0.012345679012345678,0.11042310999998964,0.0,0.012345679012345678,0.11042310999998964,8000,0.0,0.012345679012345678,0.11042310999998964,0.01,0.05,2.0,0.003,0.003,0.0,False,0.04,0.0008,0,True,1
0.0,0.0036993639969071486,0.030214982938485405,256,0.0,0.0069265483338155865,0.055537473227745826,5,0.0,0.8463072600188078,4.795639129788396,0.0,0.6308239595389661,3.4287437437430826,134,0.0,2.4691358024691357,15.367181978788826,-2686.0,-0.14772804096093023,-2937.0,-0.10935539782726753,,0.0,0.28859010840108384,0.0,5.5516622292948306e-05,True,0,halfplane,0.0,422.1604938271605,3619.795835102026,0.0,0.0017661517141041932,0.009016881757780997,0,3a,0.0,49.407407407407405,441.57791638784033,0.0,3.9135802469135803,34.66922979515465,8000,0.0,0.06129001386149006,0.2844737754355211,0.01,0.05,2.0,0.01,0.003,0.03,False,0.04,0.0008,0,True,3
0.0,0.0025286834549020838,0.02261723239496034,256,0.0,0.006172839506172839,0.05521155499999482,5,0.0,0.30864197530864196,2.7605777499997406,0.0,0.30864197530864196,2.7605777499997406,135,0.0,1.2592592592592593,11.26315721999894,-646787.0,-11.539334462511277,-649.0,-0.005862691960252963,,0.0,0.0,0.0,0.0,True,0,halfplane,0.0,404.5432098765432,3618.3444684796605,0.0,0.0,0.0,0,3b,0.0,0.012345679012345678,0.11042310999998964,0.0,0.012345679012345678,0.11042310999998964,8000,0.0,0.012345679012345678,0.11042310999998964,0.01,0.05,2.0,0.01,0.003,0.0,False,0.04,0.0008,0,True,1
0.24068957567214966,0.23784337201972067,0.03393589282678759,256,0.4507598876953125,0.43527297031732254,0.0494602657642506,4,73.41258239746094,72.01021528832706,7.224656589248803,16.324159622192383,16.552096013669615,1.2427477113866296,97,13.0,23.419753086419753,16.63616779644217,1.0,9.033423667570034e-06,0.48834019200876355,-0.12259838929722836,,-2195918.0,-288.29154719963867,-2277819.4373848247,-288.57695504802274,False,29541,halfplane,1214.0,1690.1604938271605,4307.428488566964,0.022887062281370163,0.02446541721346202,0.0037221367538413123,896,3b,12481.0,11753.888888888889,2098.4838912832543,3945.0,3902.246913580247,708.0580559803144,8000,4.497173419992553,4.39011836090837,0.5502437232599016,0.01,0.08,2.5,0.003,0.003,0.0,False,0.035,0.0,0,True,8
0.3065969944000244,0.2960486465398176,0.07773958969923499,256,0.1710357666015625,0.25360672562210645,0.18388850551874653,4,68.7087173461914,65.0359588905617,6.0258427309095,15.130765914916992,15.002635249385127,1.3461784750055288,106,100.0,68.06172839506173,20.677622949454584,16240.35211940296,6.776785641651198,34962.18476726371,7.625330847178859,,-624.0,0.03764498644986453,-0.05566955125345707,4.7872070707994976e-06,False,11209,halfplane,7067.0,12474.975308641975,11654.139583490885,0.04125795140862465,0.0421794750555246,0.02685511678318753,713,3a,11209.0,16215.777777777777,12052.36216793872,332.0,587.1604938271605,313.1404235467139,8000,4.540993844232314,4.362456372180484,0.40353062102008275,0.01,0.08,2.5,0.01,0.03,0.06,False,0.035,0.0,0,True,80
0.25842195749282837,0.2548253352259412,0.035674375752491765,256,0.7176513671875,0.7015787760416666,0.08716665716296702,3,73.4051513671875,72.39113301406672,8.01275599610866,16.029003143310547,16.754818504239307,1.293195713978718,73,17.0,22.641975308641975,19.712319042265975,1.0,9.033423667570034e-06,0.5308641977608204,-0.0493124360221309,,-3558692.0,-464.1555530713642,-3691449.930511182,-469.6165288322841,False,47032,halfplane,45381.0,43986.87654320987,5930.825829662801,0.017129449173808098,0.015356889017570166,0.0045623114602372184,2148,3b,18780.0,17849.604938271605,3598.0639055772185,864.0,898.5925925925926,138.8354366278611,8000,4.579520326586154,4.36652449256851,0.6118225265359167,0.01,0.06,2.5,0.003,0.003,0.0,False,0.03,0.0,0,True,3
0.0,0.002360491472997783,0.021112877575726618,256,0.0,0.006172839506172839,0.05521155499999482,5,0.0,0.30864197530864196,2.7605777499997406,0.0,0.30864197530864196,2.7605777499997406,137,0.0,1.2592592592592593,11.26315721999894,-566255.0,-5.115221318879819,-2795.0,-0.025248419150858268,,0.0,0.0,0.0,0.0,True,0,halfplane,0.0,404.5432098765432,3618.3444684796605,0.0,0.0,0.0,0,3b,0.0,0.012345679012345678,0.11042310999998964,0.0,0.012345679012345678,0.11042310999998964,8000,0.0,0.012345679012345678,0.11042310999998964,0.01,0.05,2.0,0.003,0.01,0.0,False,0.04,0.0008,0,True,1
0.0,0.00241475929448634,0.021598263727083553,256,0.0,0.006172839506172839,0.05521155499999482,5,0.0,0.30864197530864196,2.7605777499997406,0.0,0.30864197530864196,2.7605777499997406,139,0.0,1.2592592592592593,11.26315721999894,-585351.0,-5.287723577235765,-1916.0,-0.01730803974706409,,0.0,0.0,0.0,0.0,True,0,halfplane,0.0,404.5432098765432,3618.3444684796605,0.0,0.0,0.0,0,3b,0.0,0.012345679012345678,0.11042310999998964,0.0,0.012345679012345678,0.11042310999998964,8000,0.0,0.012345679012345678,0.11042310999998964,0.01,0.05,2.0,0.01,0.01,0.0,False,0.04,0.0008,0,True,1
0.0,0.002287481118131567,0.02045985310955764,256,0.0,0.006172839506172839,0.05521155499999482,5,0.0,0.30864197530864196,2.7605777499997406,0.0,0.30864197530864196,2.7605777499997406,141,0.0,1.2592592592592593,11.26315721999894,-513890.0,-4.642186088527549,-2992.5,-0.02703252032520303,,0.0,0.0,0.0,0.0,True,0,halfplane,0.0,404.5432098765432,3618.3444684796605,0.0,0.0,0.0,0,3b,0.0,0.012345679012345678,0.11042310999998964,0.0,0.012345679012345678,0.11042310999998964,8000,0.0,0.012345679012345678,0.11042310999998964,0.01,0.05,2.0,0.003,0.03,0.0,False,0.04,0.0008,0,True,1
0.23611831665039062,0.23904915705875115,0.03584904036642352,256,0.4320068359375,0.4317157886646412,0.049403117109341595,4,78.25282287597656,77.8318435292185,6.583909592972275,17.95856285095215,18.159498026341566,0.8894889329664826,101,17.0,22.28395061728395,14.366657702069245,0.0,0.0,0.48696844978258014,-0.08084399006584846,,-2161188.0,-283.1453337850046,-2258941.5994700985,-286.574597730387,False,28312,halfplane,1064.0,1639.679012345679,3808.1122273999617,0.025846829637885094,0.024882292581929102,0.005085044091712341,873,3b,13210.0,12854.172839506173,2263.7936628377333,4187.0,3915.074074074074,755.7032989173152,8000,4.357410285391354,4.306310872473243,0.43010500780064576,0.01,0.08,2.5,0.003,0.01,0.0,False,0.035,0.0,0,True,8
0.0,0.0023788370100068456,0.02127696504707061,256,0.0,0.006172839506172839,0.05521155499999482,5,0.0,0.30864197530864196,2.7605777499997406,0.0,0.30864197530864196,2.7605777499997406,143,0.0,1.2592592592592593,11.26315721999894,-534986.0,-4.832755194218575,-1417.0,-0.012800361336946661,,0.0,0.0,0.0,0.0,True,0,halfplane,0.0,404.5432098765432,3618.3444684796605,0.0,0.0,0.0,0,3b,0.0,0.012345679012345678,0.11042310999998964,0.0,0.012345679012345678,0.11042310999998964,8000,0.0,0.012345679012345678,0.11042310999998964,0.01,0.05,2.0,0.01,0.03,0.0,False,0.04,0.0008,0,True,1
0.25693562626838684,0.2546492485720434,0.037999066777651865,256,0.7180328369140625,0.695916258258584,0.08438138523159178,3,80.67405700683594,79.2242030861937,6.870041352197759,18.270490646362305,18.422969700377664,0.9028648972439384,77,18.0,22.333333333333332,15.573006084841762,0.0,0.0,0.5212620026431978,-0.1171987529450445,,-3507542.0,-456.7021592140923,-3661403.637494617,-466.3574027978542,False,47057,halfplane,45336.0,43103.02469135803,6556.999558431195,0.011527445167303085,0.015163738246041315,0.004459469245829094,1939,3b,20899.0,19988.35802469136,3583.60958559129,903.0,960.1728395061729,189.9013902733197,8000,4.415538602120832,4.321377592474131,0.4445600957766829,0.01,0.06,2.5,0.003,0.01,0.0,False,0.03,0.0,0,True,5
0.36125585436820984,0.3401202871751638,0.06421138052882716,256,0.2408599853515625,0.1965060763888889,0.07688575392500781,5,70.9510269165039,65.79930689305435,8.688256717769647,13.359600067138672,15.924834816544145,1.977674795172327,120,44.0,60.60493827160494,19.994862928130015,10213.511684210534,0.7803017571545736,74104.2897256515,10.534578056452265,,-455.0,0.25140176151761406,-0.02863988572226117,4.501094832068655e-05,False,15785,halfplane,11288.0,7801.308641975309,4763.841523941992,0.04549183323979378,0.04210768984975638,0.012948729958675317,11,3a,15779.0,12467.987654320988,4729.0944517085845,360.0,417.2098765432099,147.50900504416862,8000,5.310864745011086,4.203509573887687,0.7259605634340457,0.01,0.05,2.0,0.003,0.003,0.03,False,0.04,0.0,0,True,81
0.2553534209728241,0.2543290283209012,0.03586646764414245,256,0.680816650390625,0.6746462598259066,0.08469124286784013,3,85.17757415771484,83.75634680853949,6.768745108697562,20.282821655273438,20.38027845782998,0.5490602713684151,81,15.0,25.11111111111111,16.273131684307568,0.0,0.0,4941.591941628372,0.4541911783628745,,-3220594.0,-419.27109168925034,-3548487.624375274,-453.0888676232046,False,44618,halfplane,40666.0,40814.93827160494,7616.234266591135,0.01235238928347826,0.015695119483603373,0.004531734862532495,1670,3b,22810.0,22088.925925925927,3829.8576151781053,1216.0,1143.4074074074074,221.21581986258576,8000,4.199493477968533,4.119001158619784,0.3610807698220512,0.01,0.06,2.5,0.003,0.03,0.0,False,0.03,0.0,0,True,6
0.3266459107398987,0.34645604383614326,0.0649905231161721,256,0.1293487548828125,0.18979673032407407,0.08069677188291648,5,65.45181274414062,63.51454718318986,9.388044705761683,15.83930492401123,14.86319974028034,1.5720812098523782,122,52.0,59.50617283950617,20.70791788496903,24576.60549321267,1.199148253015063,22893.93529652781,0.8297371810470756,,-423.0,0.25196341463414634,-0.04978098302582956,3.8339561332457126e-05,False,8477,halfplane,3012.0,6145.6543209876545,4680.118781231086,0.042888492345809937,0.04306069706325178,0.010221013751340567,12,3a,8476.0,12029.753086419752,4959.434589265849,467.0,557.679012345679,180.9159703424506,8000,4.132240179308718,4.3474513261347685,0.8189029080771267,0.01,0.05,2.0,0.01,0.003,0.03,False,0.04,0.0,0,True,81
0.23890823125839233,0.23599076289453624,0.029525873409471735,256,0.44586181640625,0.42295272262008105,0.04864848709342321,4,82.62867736816406,81.69601025993441,6.456870207580736,20.16596031188965,20.09160225479691,0.5750050633049226,105,24.0,23.395061728395063,13.870368996796758,0.0,0.0,4742.195802015718,0.8105009793164186,,-2059749.0,-263.8548561427281,-2212423.010206752,-278.85378806087795,False,29220,halfplane,968.0,1561.9753086419753,3905.754314447138,0.023511651903390884,0.024886784270221805,0.003639117387758794,871,3b,15284.0,14433.41975308642,2327.365096615301,3997.0,4144.234567901234,710.433553449433,8000,4.097433264887064,4.075808764426827,0.3500940234407003,0.01,0.08,2.5,0.003,0.03,0.0,False,0.035,0.0,0,True,6
0.326786607503891,0.30026580326627067,0.09638846626059942,256,0.067230224609375,0.0709032600308642,0.05446605836592431,5,51.5662727355957,47.250565258073216,9.875498816722711,14.56510066986084,14.482924255323999,1.7169236836743196,138,48.0,44.32098765432099,18.4476751926142,27372.60285875706,3.2125294964974755,33255.36957786212,4.280589340623582,,0.0,0.2875770099367664,0.00022722094556471006,8.097528052098362e-05,False,4406,halfplane,593.0,844.6543209876543,3576.5196206026053,0.08365645259618759,0.08093810679368031,0.014284712027865094,5,3a,4404.0,4240.7037037037035,1754.6803897670927,535.0,504.17283950617286,201.74692557349405,8000,3.5403994552882434,3.2545363229032733,0.6229734470961171,0.01,0.05,2.0,0.01,0.01,0.03,False,0.04,0.0008,0,True,79
0.3081863522529602,0.33555745784147284,0.0444074713736017,256,0.073577880859375,0.09955229582609953,0.048990173985820375,5,55.0379524230957,52.94143869847427,4.1933340278397795,18.465974807739258,15.74285031542366,1.6603534888984888,136,38.0,44.925925925925924,18.84752187776379,35579.721824175824,3.6824649538231937,134004.6816656869,16.5026065521553,,-2.0,0.2886422764227642,0.0008315127030560365,7.794345854186775e-05,False,4822,halfplane,1418.0,1247.1728395061727,3542.247472341775,0.09032081812620163,0.085539629291973,0.011852306119530863,1425,3a,4815.0,6117.024691358025,1471.6188530910622,319.0,540.8641975308642,127.02500512914669,8000,2.9805060141020325,3.397814747810748,0.37730651538576326,0.01,0.05,2.0,0.003,0.01,0.03,False,0.04,0.0008,0,True,81
0.3272010385990143,0.3138477430667406,0.04690126121319306,256,0.0606536865234375,0.06587803216628087,0.05061107586475636,5,55.8218879699707,54.392264754683886,3.8770570622562626,15.07623291015625,15.353539525726696,1.2164523233498334,142,44.0,43.51851851851852,16.360228130190585,39829.752026315786,4.402104481384235,36135.84950835683,4.733071264513468,,4.0,0.28860794941282764,0.0020153661213608842,0.00010509057407486464,False,3975,halfplane,210.0,779.7283950617284,3579.6903204646474,0.07938256114721298,0.08682564038921285,0.010940202608017577,516,3a,3971.0,3911.617283950617,1036.4516934173462,660.0,551.0246913580247,136.49564505408918,8000,3.7026415094339624,3.564614899981115,0.3100520394426737,0.01,0.05,2.0,0.01,0.03,0.03,False,0.04,0.0008,0,True,81
0.0,0.0033911747087575035,0.029558055124841217,256,0.0,0.006599143699363426,0.0552954935957466,6,0.0,0.7131579834737896,4.523465965731894,0.0,0.567747492849091,3.5821364259184554,156,0.0,2.8395061728395063,17.962551435615218,-2854.0,-0.060563309910385284,-14418.0,-0.25897265531199565,,0.0,0.288607046070461,0.0,0.0001275932155873282,True,0,halfplane,0.0,416.2716049382716,3618.5538309475683,0.0,0.0002517076094209412,0.002251341300476764,0,3a,0.0,27.950617283950617,249.88614203492835,0.0,3.9135802469135803,34.892497170405704,8000,0.0,0.03161977709039132,0.203559888248131,0.01,0.08,2.5,0.003,0.003,0.15,True,0.035,0.0008,0,True,2
0.32623255252838135,0.34498001791444827,0.06258107466683101,256,0.1651458740234375,0.19530854401765047,0.0734483991639021,5,71.9035415649414,72.25625897631232,8.102423021558907,17.023494720458984,16.67553648536588,2.0179329998398225,124,49.0,57.77777777777778,18.25674237029456,12584.561446808511,0.9242391111156686,154268.48573965486,10.366881482798744,,-429.0,0.252635501355014,-0.040030129835042505,4.372911600976984e-05,False,10823,halfplane,4684.0,8017.308641975309,4685.781454892208,0.0464637354016304,0.0430258425688486,0.020097794056551318,45,3a,10821.0,12389.95061728395,4481.959896750513,380.0,422.1975308641975,138.49129042928138,8000,4.223782685022637,4.373243168545593,0.47472561852866824,0.01,0.05,2.0,0.003,0.01,0.03,False,0.04,0.0,0,True,81
0.3356075584888458,0.3349503814070313,0.04431749352411494,256,0.0785675048828125,0.09125019591531636,0.048772567341567125,5,57.36589813232422,58.578915866804714,4.479221457718039,15.689844131469727,17.21771068337523,1.3248007457963713,140,35.0,41.49382716049383,12.409796465526965,33841.50450415512,4.262281166922283,157215.8095336077,18.226461446450806,,0.0,0.28863459801264657,0.00019443895526705113,7.834480005298101e-05,False,5149,halfplane,552.0,991.5061728395061,3560.272000718161,0.0993092954158783,0.09096399510716215,0.011900031019006968,1148,3a,5146.0,5573.456790123457,1278.3888012436796,455.0,596.0370370370371,127.47465925318127,8000,3.656243930860361,3.420973619606837,0.29766349195125325,0.01,0.05,2.0,0.003,0.03,0.03,False,0.04,0.0008,0,True,81
0.0,0.002355692379268599,0.021069953176491206,256,0.0,0.0061754768277391976,0.05521126517685628,6,0.0,0.4444444444444444,3.0020569080236226,0.0,0.4444444444444444,3.0020569080236226,159,0.0,1.3580246913580247,11.286732779635411,-689467.0,-12.300788843721762,-1118.0,-0.019556515356820268,,0.0,0.0,0.0,0.00010789295392953922,True,0,halfplane,0.0,404.55555555555554,3618.3430898754455,0.0,0.0003118508805831273,0.002789279071308169,0,3b,0.0,0.1111111111111111,0.8888888888888891,0.0,0.18518518518518517,1.5484848118790278,8000,0.0,0.024691358024691357,0.15518277888859916,0.01,0.08,2.5,0.01,0.003,0.0,True,0.035,0.0008,0,True,2
0.0,0.0031827096913561777,0.028221799723610237,256,0.0,0.006455221293885031,0.05523774767792355,6,0.0,0.9402070693027826,6.256268213052184,0.0,0.5717648400200738,3.605143457212605,160,0.0,2.8395061728395063,17.962551435615218,-2790.0,-0.06023964412841605,-7303.0,-0.13211920476731656,,0.0,0.288607046070461,0.0,0.00019253305274880703,True,0,halfplane,0.0,408.17283950617286,3618.08429219596,0.0,0.0002528407875402474,0.0022614767536983,0,3a,0.0,18.51851851851852,165.5228984279155,0.0,3.0246913580246915,26.942084803272284,8000,0.0,0.04197860301929682,0.28585031205551437,0.01,0.08,2.5,0.003,0.01,0.15,True,0.035,0.0008,0,True,2
0.3694988191127777,0.3523685284142877,0.0593828147790552,256,0.2625732421875,0.1998543444974923,0.06763196903383488,5,67.98994445800781,68.25841734144423,6.074426284189974,14.208333015441895,14.917759082935474,1.2536694625117744,126,70.0,57.888888888888886,17.058360247133592,10384.393263157894,1.1666599277870011,5961.545194241451,0.8425198751797234,,-455.0,0.5385817524841923,-0.026210516219719926,0.028316379220711473,False,17208,halfplane,5377.0,6251.185185185185,4448.891444974044,0.03827212005853653,0.04154081059688771,0.007890204576913341,11,3a,17202.0,12689.123456790123,4099.980958651105,814.0,587.5802469135803,170.7869848018777,8000,4.785216178521618,4.609540837403495,0.4757870453414644,0.01,0.05,2.0,0.01,0.01,0.03,False,0.04,0.0,0,True,81
0.3641591966152191,0.35606462131311867,0.06102908787862359,256,0.1543426513671875,0.18909294222608025,0.07560204201769269,5,71.00968933105469,69.64274107379678,5.550125671594319,16.30303955078125,15.978692808268983,1.115856116600687,130,59.0,65.14814814814815,19.399701608441575,16133.751652173902,1.4283061836634532,14817.172588150017,1.1933813588228683,,-433.0,0.5473403342366755,-0.042612477252987,0.025733315232139505,False,10115,halfplane,3161.0,6637.6543209876545,4732.926821773088,0.03856348618865013,0.04139596518175102,0.00809074487921302,12,3a,10112.0,11984.79012345679,4597.925688282074,502.0,556.074074074074,156.5344420569115,8000,4.355610479485912,4.38316980464504,0.39507562616612085,0.01,0.05,2.0,0.01,0.03,0.03,False,0.04,0.0,0,True,81
0.0,0.05982291601519395,0.12671250043041757,256,0.0,0.020148006486304014,0.06554417717352143,6,0.0,7.723665531770683,15.884878325990066,0.0,2.9768670753196433,5.69624016947509,163,0.0,11.382716049382717,25.947510121627555,-7897664.0,-1050.5248635953033,-103631.0,-14.568055664244543,,0.0,3.5078875338753397,0.0,4.302505159898878,True,0,halfplane,0.0,1016.8518518518518,3951.005835715077,0.0,0.020014089658672428,0.0422967739293913,0,3b,0.0,407.1975308641975,1131.6253406489454,0.0,48.76543209876543,130.59571690601499,8000,0.0,0.6063602123036451,1.2201597549503922,0.01,0.08,2.5,0.01,0.01,0.0,True,0.035,0.0008,0,True,17
0.0,0.035763645429670074,0.0979713091741042,256,0.0,0.014274126217689044,0.060572192973084256,6,0.0,6.61509954193492,17.593694888430953,0.0,2.0747321799949363,5.383435243895737,167,0.0,9.271604938271604,25.733684676971595,-4649528.0,-404.2611291779583,-62383.0,-5.586301505434194,,0.0,1.3203943089430896,0.0,1.6673876634568872,True,0,halfplane,0.0,801.9135802469136,3859.9539119538936,0.0,0.011400020048942095,0.03156737362095203,0,3b,0.0,310.18518518518516,1034.7997374229687,0.0,30.333333333333332,99.04930808490671,8000,0.0,0.44691705237923945,1.1993117140884664,0.01,0.08,2.5,0.01,0.03,0.0,True,0.035,0.0008,0,True,11
0.0,0.0021468897660573325,0.019202365828411262,256,0.0,0.006278332368827161,0.055207823032815816,7,0.0,0.7758157047224633,4.979208184523913,0.0,0.571309925597391,3.602527581081132,169,0.0,2.8395061728395063,17.962551435615218,-1305784.0,-23.29650767841019,-206642.33333333334,-3.6909452847986604,,0.0,0.0,0.0,0.14468780872205894,True,0,halfplane,0.0,404.8395061728395,3618.3123119193856,0.0,0.00018072403093546998,0.0016164448733579431,0,3b,0.0,1.7530864197530864,15.56866976104041,0.0,4.209876543209877,37.542639478293275,8000,0.0,0.03430335097001763,0.22410320637249453,0.01,0.06,2.0,0.003,0.003,0.0,True,0.035,0.0,0,True,1
0.0,0.0023045067114758743,0.020609495821770546,256,0.0,0.006399649160879629,0.055223465083974924,7,0.0,0.7937738395031587,5.113663994890656,0.0,0.5149643980426553,3.3013550798746385,171,0.0,2.8395061728395063,17.962551435615218,-1369516.0,-24.4335510388438,-5280.0,-0.09589028613185885,,0.0,0.0,0.0,0.1489810326391361,True,0,halfplane,0.0,405.17283950617286,3618.2784556294428,0.0,0.00016577532629907866,0.0014827395943877947,0,3b,0.0,5.925925925925926,52.89140465019866,0.0,5.592592592592593,49.90998756472058,8000,0.0,0.041374430909314634,0.2808735994208677,0.01,0.06,2.0,0.01,0.003,0.0,True,0.035,0.0,0,True,2
0.2809801995754242,0.30382031275902266,0.04773411105419901,256,0.2364501953125,0.20529005262586805,0.058825906309126375,6,8.619192123413086,14.125076658931778,6.013327816362046,8.183004379272461,10.936583059805411,2.81308400786949,158,12.0,48.839506172839506,26.72607123590656,196539.67198418968,25.476633168305035,364658.53378660465,40.68361841487116,,12316.0,2.157491192411924,0.7947857511615901,0.00020366834643142305,False,15496,halfplane,81.0,1435.2469135802469,3678.164174166252,0.041826553642749786,0.04659354265917231,0.009952505480777031,1539,3a,15496.0,13049.246913580248,3511.4879914848534,7831.0,4856.666666666667,2528.5923620333374,8000,1.0533040784718637,1.2492408875279255,0.23709301042728398,0.01,0.08,2.5,0.01,0.003,0.15,True,0.035,0.0008,0,True,61
0.0,0.002132923698719637,0.019077449524629555,256,0.0,0.006275129906925155,0.05520769898438626,7,0.0,1.1559693136332947,8.033357791653117,0.0,0.5688788331585166,3.5885940495923894,173,0.0,2.8395061728395063,17.962551435615218,-1289207.0,-23.000766034326947,-675360.0,-12.053464851152281,,0.0,0.0,0.0,0.1454516070690367,True,0,halfplane,0.0,404.7654320987654,3618.3201691133513,0.0,0.0001823117634580459,0.001630645984760211,0,3b,0.0,2.925925925925926,26.058707593175303,0.0,4.061728395061729,36.217568098755045,8000,0.0,0.0525430279880863,0.37478912105484663,0.01,0.06,2.0,0.003,0.01,0.0,True,0.035,0.0,0,True,1
0.3098989427089691,0.2611724112504794,0.08503985113699215,256,0.2133636474609375,0.24362879623601466,0.1695711387020017,6,65.51605224609375,61.04068595980421,7.768790409210718,14.12726879119873,14.611113489410023,1.4063412691016535,147,94.0,67.64197530864197,19.320754938842263,0.0,0.0,5614.369802294299,2.008228575406611,,-1245527.0,-159.90850632339658,-1260490.8906272023,-158.0480617096328,False,13983,halfplane,6020.0,9487.25925925926,9120.203575237358,0.07071045786142349,0.045615835713199625,0.02284112872574205,900,3b,7095.0,8042.3456790123455,5594.431135723978,539.0,1352.4444444444443,681.0462358082907,8000,4.6375598941571905,4.234226271547073,0.7006816506276047,0.01,0.08,2.5,0.01,0.003,0.0,True,0.035,0.0,0,True,81
0.29596656560897827,0.2666895864186464,0.03966615337037339,256,0.1934356689453125,0.1996384608892747,0.06407498154395778,6,42.1777229309082,39.58224336600598,2.9811329145926972,17.649930953979492,17.230478592860845,1.450904178194497,157,101.0,61.67901234567901,16.51473502962167,1.0,9.033423667570034e-06,61034.590034293535,9.591573022352668,,-688534.0,-94.62057565492323,-1026856.8297697369,-137.29829886968759,False,12677,halfplane,2919.0,2679.8271604938273,3672.0883310273525,0.05607321858406067,0.053552967967626486,0.014087664348411938,10,3b,2432.0,2571.061728395062,780.9664532666411,1938.0,2108.0,502.3255301809823,8000,2.3896821014435594,2.314379410298894,0.2513473742028737,0.01,0.08,2.5,0.003,0.003,0.0,True,0.035,0.0008,0,True,5
0.0,0.002286327105981332,0.0204495313110985,256,0.0,0.006392679096739969,0.0552219892085079,7,0.0,0.9943508101098332,6.694269261482313,0.0,0.5094001911304615,3.274320324404605,175,0.0,2.8395061728395063,17.962551435615218,-1354698.0,-24.169182926829272,-7446.0,-0.13405391481088708,,0.0,0.288607046070461,0.0,0.14942576149521858,True,0,halfplane,0.0,405.12345679012344,3618.283316380564,0.0,0.0001667995281793453,0.0014919003344956313,0,3b,0.0,7.481481481481482,66.80469250745107,0.0,6.222222222222222,55.5415537911109,8000,0.0,0.054513525236175905,0.3916660085408925,0.01,0.06,2.0,0.01,0.01,0.0,True,0.035,0.0,0,True,2
0.28189316391944885,0.3105861131147838,0.05284657800370221,256,0.2317657470703125,0.17921862190152393,0.06326834490501872,6,9.134636878967285,22.403359577979572,11.774530398179863,7.573058128356934,11.127637056656825,2.951127787523125,162,12.0,47.75308641975309,24.142340688731966,183173.2825785124,21.606280901310804,230125.3490877227,27.706305725431122,,14021.0,2.3669234417344165,0.9231022450457569,0.00026226925495952623,False,15189,halfplane,102.0,1130.5802469135801,3593.4664266707455,0.042171284556388855,0.0539976508345133,0.015038585532508036,163,3a,15189.0,11340.62962962963,3643.802688904175,7947.0,4052.4074074074074,2566.8326102093256,8000,1.206201856606755,1.8999674608069512,0.629682673746781,0.01,0.08,2.5,0.01,0.01,0.15,True,0.035,0.0008,0,True,76
0.2834278643131256,0.280794538281582,0.04672819232284449,256,0.1516265869140625,0.17186482747395834,0.06237415736307204,6,52.271812438964844,51.54851442501869,4.231100823053391,17.209190368652344,16.4803982016481,1.4726985098409224,161,77.0,65.38271604938272,15.31526141237062,0.0,0.0,73267.63212666527,10.172676880098626,,-739067.0,-107.92729765130986,-879516.7520128825,-120.08654069151261,False,9937,halfplane,1744.0,2620.740740740741,3541.22439165381,0.06323971599340439,0.06398141071384336,0.016319414485470012,12,3b,3105.0,3465.2345679012346,1080.1920070702215,1560.0,1613.037037037037,462.39063290002963,8000,3.0374358458287207,3.150632839790008,0.31603961730305513,0.01,0.08,2.5,0.003,0.01,0.0,True,0.035,0.0008,0,True,14
0.15313060581684113,0.27170725534727547,0.0727939009852072,256,0.36566162109375,0.24301203974971064,0.14126744868101332,6,65.94746398925781,65.84457011281708,5.672773763334471,14.467437744140625,14.944059430817028,1.2995072492167192,151,67.0,72.9753086419753,19.414882485912116,0.0,0.0,0.4979423867771402,1.973188968520529,,-1232880.0,-159.90639611562787,-1257230.254587156,-159.0713482033123,False,23964,halfplane,17209.0,9323.506172839507,8402.758735880656,0.01754189096391201,0.04358968764175603,0.01939018538033496,1155,3b,13952.0,8931.58024691358,5167.814696502535,2071.0,1393.7530864197531,613.2056938616121,8000,4.558337506259389,4.442315317704843,0.472860804868299,0.01,0.08,2.5,0.01,0.01,0.0,True,0.035,0.0,0,True,78
0.0,0.002124816547205419,0.019004936957070822,256,0.0,0.006263827100212191,0.055207379952945244,7,0.0,1.2830815256377797,9.10943898372347,0.0,0.5672432463846089,3.5792636801048427,177,0.0,2.8395061728395063,17.962551435615218,-1284760.0,-22.921427055103894,-591224.5,-10.554348908656818,,0.0,0.0,0.0,0.1453170152091255,True,0,halfplane,0.0,404.71604938271605,3618.3254746304533,0.0,0.0001842096034023497,0.001647620781263722,0,3b,0.0,3.259259259259259,29.040107547405608,0.0,3.6666666666666665,32.68404677484485,8000,0.0,0.05886562891393809,0.4291539136387927,0.01,0.06,2.0,0.003,0.03,0.0,True,0.035,0.0,0,True,2
0.23867186903953552,0.28452229867746803,0.08916337330565541,256,0.0216827392578125,0.25599293649932486,0.1871206556558833,6,51.05207443237305,52.44485219319662,6.060618577479991,13.51182746887207,15.416584014892578,2.5986245460322657,144,51.0,67.71604938271605,19.37494536377879,156605.93352767528,8.432303606020659,473673.29595203674,27.034043126655796,,-32.0,0.2988785004516704,-0.022519352568613815,3.2603043553360435e-05,False,1421,halfplane,565.0,12392.25925925926,10458.917906374962,0.12335702776908875,0.04580620757913516,0.02911973406020567,638,3a,1421.0,16372.098765432098,12269.415237159852,222.0,553.1234567901234,341.3705991924157,8000,3.7783251231527095,3.494420496038906,0.6445305476892064,0.01,0.08,2.5,0.003,0.003,0.15,True,0.035,0.0,0,True,80
0.302247017621994,0.31696282382364627,0.07226217809559372,256,0.13922119140625,0.25503784933207946,0.11911837523738711,6,44.977420806884766,50.376238034095294,6.32051774396489,14.399593353271484,14.930926499543366,1.5118084539047112,146,88.0,73.1358024691358,18.733842807372756,28409.97613808466,2.211940038325559,107898.09367579583,6.930870954415698,,-503.0,0.5952637759710929,-0.055129329241560665,5.694485266340422e-05,False,9124,halfplane,6048.0,11942.987654320988,7345.141129326525,0.05213160440325737,0.03904669899723412,0.017656237780927776,3163,3a,9124.0,16309.604938271605,7813.122184100242,268.0,643.6543209876543,287.62021257008337,8000,3.1235203857957035,3.4139255539961804,0.5391730601004842,0.01,0.08,2.5,0.01,0.003,0.15,True,0.035,0.0,0,True,81
0.26818591356277466,0.2847610173034079,0.05884020027345215,256,0.10943603515625,0.130069120430652,0.07563544042761483,6,54.20510482788086,59.069034623511044,5.816335873673248,16.107019424438477,17.727717576203524,1.3087310971806752,165,58.0,66.80246913580247,20.479691689113537,1.0,9.033423667570034e-06,91768.07411904924,18.925994183985036,,-580972.0,-81.02916350496841,-657668.9645989975,-89.75011244299169,False,7172,halfplane,1372.0,3022.074074074074,3820.9979653623413,0.046247854828834534,0.07658121401421082,0.02143606011606674,9,3b,3192.0,3284.8024691358023,1668.0355742702072,1446.0,1025.6913580246915,439.8134745485318,8000,3.3653095370886783,3.349669217850005,0.3561179118132651,0.01,0.08,2.5,0.003,0.03,0.0,True,0.035,0.0008,0,True,21
0.22188079357147217,0.2725597975062735,0.07099276688450591,256,0.0510406494140625,0.2477863453052662,0.13966880839660661,6,67.28579711914062,66.67440828864957,5.259360511358866,16.386676788330078,15.844658474863312,1.1550303462761722,155,60.0,70.60493827160494,18.5383679628112,0.0,0.0,33896.54758936493,1.015176915405968,,-1277840.0,-161.80772041553755,-1282566.907522124,-161.53064627042212,False,3345,halfplane,1811.0,9483.716049382716,7938.376760146794,0.0634317398071289,0.04386962261510852,0.018977415231613615,1273,3b,2260.0,10297.703703703704,5815.413224693229,876.0,1418.320987654321,566.6391894680422,8000,4.106128550074739,4.232668731961012,0.3802557224809576,0.01,0.08,2.5,0.01,0.03,0.0,True,0.035,0.0,0,True,76
0.32868489623069763,0.3232261996578287,0.047176815449414454,256,0.127044677734375,0.11322417082609953,0.053147836834711214,6,57.82728958129883,55.47085547741548,5.192171756051599,16.600696563720703,16.34066313284415,1.5576655521075886,164,37.0,45.98765432098765,17.24156177735884,24853.12070588235,2.919091822944998,107613.14803669415,17.52669739489981,,26.0,0.28769105691056945,0.003122748018256072,0.0002221302494382521,False,8326,halfplane,1283.0,1790.2592592592594,3528.883346545388,0.08084505051374435,0.0823859275997053,0.01414859860254427,1273,3a,8326.0,7015.716049382716,2171.5549258343103,716.0,657.4567901234568,180.08640240295057,8000,3.483425414364641,3.416002917777665,0.3185231069059991,0.01,0.08,2.5,0.003,0.03,0.15,True,0.035,0.0008,0,True,81
0.0,0.0022825054965559736,0.020398534244819095,256,0.0,0.006385143892264661,0.055220472796800237,7,0.0,1.1230186179832176,7.757243916058465,0.0,0.512688766291112,3.2902343590335157,179,0.0,2.8395061728395063,17.962551435615218,-1342613.0,-23.95357429990961,-9680.8,-0.17427496885026317,,0.0,0.288607046070461,0.0,0.14925153647022044,True,0,halfplane,0.0,405.358024691358,3618.2607079687705,0.0,0.0001658024956230764,0.0014829826042092413,0,3b,0.0,8.148148148148149,72.76753297037996,0.0,5.469135802469136,48.80575922799548,8000,0.0,0.06161885043872622,0.45299478528836024,0.01,0.06,2.0,0.01,0.03,0.0,True,0.035,0.0,0,True,2
0.28216952085494995,0.3083199025304229,0.04430851520313406,256,0.2269744873046875,0.18078820499373072,0.06282850215023751,6,10.088201522827148,22.943053316186976,13.072396607542757,5.901215076446533,9.338546093599296,3.405041398746032,166,11.0,41.20987654320987,24.059964209502393,193623.75983333332,25.642609248740175,245072.8270549752,29.270608369724506,,17355.0,2.9645508130081306,1.1667226890756301,0.000269829651924222,False,14875,halfplane,45.0,794.0246913580247,3593.9800179968597,0.04258429631590843,0.053615110018003134,0.013808794576328975,1201,3a,14875.0,11443.555555555555,3622.1967960934467,7876.0,4566.938271604939,2600.4870785243907,8000,1.7095126050420169,2.3049840119943905,0.6049258647023412,0.01,0.08,2.5,0.01,0.03,0.15,True,0.035,0.0008,0,True,64
0.3554131090641022,0.3170767993102839,0.06699525052875414,256,0.404327392578125,0.25530760965229554,0.12187991381561253,6,58.4427490234375,66.49767651970004,8.772892710524783,14.361376762390137,16.38532512570605,2.363626515824663,148,56.0,70.60493827160494,18.60882507508741,4629.866215885908,1.6440908019383116,184159.94137082587,31.85423492925267,,-431.0,0.5226578590785907,-0.016265378519133566,5.428025574031682e-05,False,26498,halfplane,22355.0,12071.74074074074,7365.220975585484,0.03384224325418472,0.040186797705605445,0.016944137192761218,1461,3a,26498.0,16327.086419753086,7995.159308934856,863.0,501.5679012345679,230.26758123902127,8000,4.069439202958714,4.101137751976346,0.4798065450151055,0.01,0.08,2.5,0.003,0.01,0.15,True,0.035,0.0,0,True,81
0.0,0.0024131288131078086,0.021583680258289776,256,0.0,0.006173404646508488,0.0552114920467375,7,0.0,0.41975308641975306,2.922303326001109,0.0,0.41975308641975306,2.922303326001109,181,0.0,1.2962962962962963,11.263887937464753,-715242.0,-12.760640921409204,-180.0,-0.0027798102981029856,,0.0,0.0,0.0,0.0,True,0,halfplane,0.0,404.5679012345679,3618.3417146405527,0.0,0.00021112238827310963,0.0018883360470031097,0,3b,0.0,0.024691358024691357,0.15518277888859916,0.0,0.037037037037037035,0.24567591039669628,8000,0.0,0.024691358024691357,0.15518277888859916,0.01,0.06,2.0,0.003,0.003,0.0,True,0.035,0.0008,0,True,2
0.0,0.002503849841930248,0.022395113808032545,256,0.0,0.006173027886284722,0.0552115339641639,7,0.0,0.5679012345679012,3.583012980012317,0.0,0.5679012345679012,3.583012980012317,183,0.0,1.271604938271605,11.262318189627749,-728510.0,-12.997364272809381,-609.0,-0.00972018970189698,,0.0,0.0,0.0,0.0,True,0,halfplane,0.0,404.55555555555554,3618.3430898754455,0.0,0.00019442262472929778,0.0017389688210345663,0,3b,0.0,0.024691358024691357,0.15518277888859916,0.0,0.024691358024691357,0.15518277888859916,8000,0.0,0.024691358024691357,0.15518277888859916,0.01,0.06,2.0,0.01,0.003,0.0,True,0.035,0.0008,0,True,2
0.0,0.002265661219019949,0.020264689998854585,256,0.0,0.006172839506172839,0.05521155499999482,7,0.0,0.30864197530864196,2.7605777499997406,0.0,0.30864197530864196,2.7605777499997406,185,0.0,1.2592592592592593,11.26315721999894,-629081.0,-11.223450316169806,-10363.0,-0.09361336946702756,,0.0,0.0,0.0,0.0,True,0,halfplane,0.0,404.5432098765432,3618.3444684796605,0.0,0.0,0.0,0,3b,0.0,0.012345679012345678,0.11042310999998964,0.0,0.012345679012345678,0.11042310999998964,8000,0.0,0.012345679012345678,0.11042310999998964,0.01,0.06,2.0,0.003,0.01,0.0,True,0.035,0.0008,0,True,1
0.25145888328552246,0.31065917125454656,0.07892510711774639,256,0.044403076171875,0.2503797743055556,0.1524442379125716,6,55.33058547973633,62.532694734173056,5.652185968438273,15.026784896850586,14.409555953225972,1.4601969359458629,150,52.0,72.90123456790124,19.92926066302028,62319.9023918575,4.980643795155349,204624.75289286103,9.607084248489786,,-232.0,0.3463714995483282,-0.07972508591065286,3.801129518294632e-05,False,2910,halfplane,2427.0,12294.617283950618,9806.051110635342,0.06177243962883949,0.04204438687704595,0.022482772922056193,1194,3a,2910.0,16004.296296296296,9983.397513482498,235.0,571.2962962962963,294.53044632676443,8000,3.6821305841924397,4.3809438779084635,0.4825363537653928,0.01,0.08,2.5,0.01,0.01,0.15,True,0.035,0.0,0,True,81
0.205637589097023,0.2897146737869875,0.07207826431741013,256,0.226043701171875,0.25184235749421297,0.1866764880527425,6,65.11104583740234,71.39452140713915,8.597149663915475,15.336200714111328,16.9002461610017,1.8008564298601653,152,73.0,64.76543209876543,15.61518065180801,10977.86718162836,4.445625630456264,250926.03763649915,46.81557649968471,,-393.0,0.2986361788617884,-0.026528959092749993,3.898280485454047e-05,False,14814,halfplane,8435.0,12846.037037037036,12109.74032756679,0.013668975792825222,0.039271389743612134,0.02231443803642861,1293,3a,14814.0,16100.160493827161,12231.267048683756,1197.0,512.2222222222222,312.62623129517965,8000,4.245578506817875,4.245389203430271,0.39298236105183854,0.01,0.08,2.5,0.003,0.03,0.15,True,0.035,0.0,0,True,81
0.0,0.0023134177849616533,0.02069183771012499,256,0.0,0.006173027886284722,0.0552115339641639,7,0.0,0.41975308641975306,2.922303326001109,0.0,0.41975308641975306,2.922303326001109,187,0.0,1.271604938271605,11.262318189627749,-643242.0,-11.476088075880748,-1270.0,-0.02158355916892491,,0.0,0.0,0.0,0.0,True,0,halfplane,0.0,404.55555555555554,3618.3430898754455,0.0,0.00024197386278782362,0.002164280023887121,0,3b,0.0,0.024691358024691357,0.15518277888859916,0.0,0.024691358024691357,0.15518277888859916,8000,0.0,0.024691358024691357,0.15518277888859916,0.01,0.06,2.0,0.01,0.01,0.0,True,0.035,0.0008,0,True,2
0.0,0.0022414836250705486,0.020048439024441596,256,0.0,0.006173027886284722,0.0552115339641639,7,0.0,0.4691358024691358,3.095542074442554,0.0,0.4691358024691358,3.095542074442554,189,0.0,1.271604938271605,11.262318189627749,-566107.0,-10.09993044263773,-853.0,-0.01445212285456191,,0.0,0.0,0.0,0.0,True,0,halfplane,0.0,404.55555555555554,3618.3430898754455,0.0,0.0002596028333092913,0.002321958329724489,0,3b,0.0,0.024691358024691357,0.15518277888859916,0.0,0.024691358024691357,0.15518277888859916,8000,0.0,0.024691358024691357,0.15518277888859916,0.01,0.06,2.0,0.003,0.03,0.0,True,0.035,0.0008,0,True,2
0.2850634455680847,0.3010395367940267,0.07982524390617293,256,0.5332489013671875,0.25455277054398145,0.16420426084878328,6,64.85967254638672,64.96311173615632,5.65889813299093,14.46407699584961,15.139087111861617,1.399520356123826,154,82.0,73.80246913580247,18.80794404860529,1570.90783501009,7.741627003607633,952.2441361793317,8.060664426220653,,-180.0,0.3791883468834682,-0.005150656708730272,4.605523199284303e-05,False,34947,halfplane,32849.0,11217.814814814816,9658.687438766228,0.029524648562073708,0.04116991567023007,0.02281133252930118,799,3a,34947.0,16277.765432098766,10764.80102546338,925.0,635.8641975308642,326.11475497061036,8000,4.4841903453801475,4.322765469666988,0.4171067360689267,0.01,0.08,2.5,0.01,0.03,0.15,True,0.035,0.0,0,True,81
0.0,0.0022904951999216903,0.02048681187664749,256,0.0,0.006173404646508488,0.0552114920467375,7,0.0,0.4362139878449617,2.973888166779707,0.0,0.4362139878449617,2.973888166779707,191,0.0,1.2839506172839505,11.262561785529522,-587748.0,-10.486018970189738,-794.0,-0.01269489611562784,,0.0,0.0,0.0,1.3211382113821148e-05,True,0,halfplane,0.0,404.5679012345679,3618.3417146405527,0.0,0.00023105715251999138,0.00206663799888895,0,3b,0.0,0.037037037037037035,0.24567591039669628,0.0,0.037037037037037035,0.24567591039669628,8000,0.0,0.024691358024691357,0.15518277888859916,0.01,0.06,2.0,0.01,0.03,0.0,True,0.035,0.0008,0,True,2
0.41278836131095886,0.2845428587845814,0.09437437509949981,256,0.446258544921875,0.23456884313512733,0.1933650345330895,7,54.180091857910156,54.236479770990066,7.673129523234567,13.811010360717773,16.583572799776807,2.4996642197239627,168,62.0,62.93827160493827,19.488106964557463,4366.177995926671,6.902753768227707,90057.76685372251,14.202186466753954,,-70.0,0.5505526196928644,-0.002393489707994245,6.633743205819713e-05,False,29246,halfplane,21698.0,10670.567901234568,11307.143248536311,0.037134695798158646,0.04299046756860651,0.02567446570956672,237,3a,29246.0,14967.851851851852,12633.74178281487,1117.0,711.4074074074074,402.3268672277287,8000,3.922963824112699,3.3593442429971914,0.7246151818411479,0.01,0.06,2.0,0.003,0.003,0.15,True,0.035,0.0,0,True,81
0.3381982147693634,0.33482902253299585,0.052747911114687906,256,0.099822998046875,0.11860393006124614,0.04994752417378277,7,42.603790283203125,43.94651530701437,7.1143957725193685,17.478614807128906,15.84631672611943,1.7181926591124848,180,39.0,42.60493827160494,16.455461033823873,29018.294683417087,3.0905551079160176,176125.2561662866,19.166664365196947,,-4.0,0.2847556458897924,-0.0006114338122900076,4.344302908351736e-05,False,6542,halfplane,1950.0,1792.6049382716049,3514.6489232642816,0.07344118505716324,0.07470897456378113,0.01945478150929037,21,3a,6542.0,7368.197530864198,1893.4951379723075,514.0,588.8641975308642,140.34839833683202,8000,2.4374808926933658,2.8263863431191245,0.5997906893378449,0.01,0.06,2.0,0.003,0.003,0.15,True,0.035,0.0008,0,True,81
0.34851622581481934,0.3414614340405405,0.048448359983818086,256,0.22052001953125,0.1697834156177662,0.05561687676699338,7,9.695889472961426,16.893864855354217,7.4315221259565565,8.497058868408203,11.771056669729727,2.9646879360471887,182,21.0,40.629629629629626,22.13061364618372,116222.37241750839,18.7335169425691,204736.35822641815,25.157602667964667,,5213.0,1.0347136404697368,0.36071132023249364,0.00010087695511373233,False,14452,halfplane,112.0,791.5432098765432,3589.37506183913,0.042705971747636795,0.049286562121576734,0.009977809542096164,368,3a,14452.0,10722.382716049382,2977.9144022053015,6348.0,3825.617283950617,1886.6513451013861,8000,1.1410877387212843,1.3823285340212297,0.3189538331514066,0.01,0.06,2.0,0.01,0.003,0.15,True,0.035,0.0008,0,True,73
0.24068957567214966,0.23784337201972067,0.03393589282678759,256,0.4507598876953125,0.43527297031732254,0.0494602657642506,6,73.41258239746094,72.01021528832706,7.224656589248803,16.324159622192383,16.552096013669615,1.2427477113866296,145,13.0,23.419753086419753,16.63616779644217,1.0,9.033423667570034e-06,0.48834019200876355,-0.12259838929722836,,-2195918.0,-288.29154719963867,-2277819.4373848247,-288.57695504802274,False,29541,halfplane,1214.0,1690.1604938271605,4307.428488566964,0.022887062281370163,0.02446541721346202,0.0037221367538413123,896,3b,12481.0,11753.888888888889,2098.4838912832543,3945.0,3902.246913580247,708.0580559803144,8000,4.497173419992553,4.39011836090837,0.5502437232599016,0.01,0.08,2.5,0.003,0.003,0.0,True,0.035,0.0,0,True,8
0.2332686483860016,0.304186271848502,0.08069502882896087,256,0.14166259765625,0.2386757179542824,0.16706195073734773,7,56.16070556640625,51.99714604130498,7.666809479642121,14.800613403320312,15.22803998876501,1.6374511585005378,170,84.0,65.98765432098766,18.068111071931856,29696.579279279278,3.9391333246069746,19957.744508118485,4.729797937327749,,-649.0,0.8205770099367669,-0.0699052132701421,8.882235481699963e-05,False,9284,halfplane,7297.0,9694.592592592593,9604.317777428114,0.019501129165291786,0.04136952310570596,0.021142356182238867,1057,3a,9284.0,15237.135802469136,10913.57573403627,1131.0,875.283950617284,359.63596939566276,8000,3.794485135717363,3.474178637353404,0.6963081721432964,0.01,0.06,2.0,0.01,0.003,0.15,True,0.035,0.0,0,True,81
0.3313516080379486,0.3336207896103094,0.045308561787442886,256,0.099853515625,0.10915082766685957,0.048312314435515376,7,49.47066116333008,52.97977739498939,4.1035648936706215,15.13350772857666,15.926483954912351,1.5491704043012497,184,45.0,37.617283950617285,11.877531336425388,31072.822373056988,4.0646020154775835,113496.34223724314,16.397696953341374,,24.0,0.288623532068654,0.003667481662591676,5.541041924645813e-05,False,6544,halfplane,986.0,1251.7530864197531,3540.3532624562063,0.07762235403060913,0.08051267137498032,0.010254788322587314,828,3a,6544.0,6748.777777777777,1546.786098517795,655.0,664.283950617284,141.3904701564405,8000,3.2689486552567235,3.3568052140940354,0.35519194934969583,0.01,0.06,2.0,0.003,0.01,0.15,True,0.035,0.0008,0,True,81
0.23611831665039062,0.23904915705875115,0.03584904036642352,256,0.4320068359375,0.4317157886646412,0.049403117109341595,6,78.25282287597656,77.8318435292185,6.583909592972275,17.95856285095215,18.159498026341566,0.8894889329664826,149,17.0,22.28395061728395,14.366657702069245,0.0,0.0,0.48696844978258014,-0.08084399006584846,,-2161188.0,-283.1453337850046,-2258941.5994700985,-286.574597730387,False,28312,halfplane,1064.0,1639.679012345679,3808.1122273999617,0.025846829637885094,0.024882292581929102,0.005085044091712341,873,3b,13210.0,12854.172839506173,2263.7936628377333,4187.0,3915.074074074074,755.7032989173152,8000,4.357410285391354,4.306310872473243,0.43010500780064576,0.01,0.08,2.5,0.003,0.01,0.0,True,0.035,0.0,0,True,8
0.3470761775970459,0.334873636379654,0.04536260098065479,256,0.21044921875,0.15698750813802084,0.06339275609560287,7,10.458236694335938,21.259283112890927,12.322630509921764,7.89793586730957,10.825361675686306,3.0879106790163724,186,12.0,36.5679012345679,21.97919233264006,146522.81824806205,19.43611110910166,141889.66464334706,20.250814757066443,,7009.0,1.363302393857272,0.5081931554524362,0.00017087896512746245,False,13792,halfplane,73.0,638.0617283950618,3596.3244520052467,0.04217017441987991,0.05247203380237391,0.012801645453003283,720,3a,13792.0,9883.802469135802,3487.708927923864,6243.0,3796.185185185185,2098.5515940445543,8000,1.32417343387471,1.836580536761175,0.6203291531560127,0.01,0.06,2.0,0.01,0.01,0.15,True,0.035,0.0008,0,True,63
0.23890823125839233,0.23599076289453624,0.029525873409471735,256,0.44586181640625,0.42295272262008105,0.04864848709342321,6,82.62867736816406,81.69601025993441,6.456870207580736,20.16596031188965,20.09160225479691,0.5750050633049226,153,24.0,23.395061728395063,13.870368996796758,0.0,0.0,4742.195802015718,0.8105009793164186,,-2059749.0,-263.8548561427281,-2212423.010206752,-278.85378806087795,False,29220,halfplane,968.0,1561.9753086419753,3905.754314447138,0.023511651903390884,0.024886784270221805,0.003639117387758794,871,3b,15284.0,14433.41975308642,2327.365096615301,3997.0,4144.234567901234,710.433553449433,8000,4.097433264887064,4.075808764426827,0.3500940234407003,0.01,0.08,2.5,0.003,0.03,0.0,True,0.035,0.0,0,True,6
0.42217588424682617,0.29048328819098296,0.09280061252474286,256,0.3399200439453125,0.2308372214988426,0.18366090144660024,7,62.274452209472656,65.5742805386767,8.083311237339238,15.433174133300781,15.988295943648726,2.3049419061260936,172,94.0,69.75308641975309,22.127872409872428,9666.659583333327,4.999919877414421,103566.05970100674,16.860865819730364,,-474.0,0.547374435411021,-0.0212775508371863,0.00018074884015709998,False,22277,halfplane,15176.0,10036.802469135802,10417.671019337979,0.04364551603794098,0.045181546912149144,0.029011276034922474,334,3a,22277.0,14723.32098765432,11987.4355012641,508.0,665.4567901234568,362.4020020583075,8000,4.0351034699465815,4.151546981707058,0.49174982310831555,0.01,0.06,2.0,0.003,0.01,0.15,True,0.035,0.0,0,True,81
0.0,0.0031617194368147557,0.027891806617429012,256,0.0,0.006485362111786266,0.05524736312319348,8,0.0,0.6606389504891855,4.1612086072737355,0.0,0.5674908013991368,3.580673605522573,204,0.0,2.8395061728395063,17.962551435615218,-3275.0,-0.07463340352335004,-123385.0,-2.203711255859284,,0.0,0.288607046070461,0.0,0.00017596927645083878,True,0,halfplane,0.0,408.5308641975309,3618.074411420842,0.0,0.00017543086483154768,0.0015691013564596717,0,3a,0.0,20.493827160493826,183.1905924761766,0.0,3.3950617283950617,30.25475333018374,8000,0.0,0.02913401647578863,0.18527438666484894,0.01,0.05,2.5,0.003,0.003,0.06,False,0.03,0.0008,0,True,2
0.3409249484539032,0.32829194249194343,0.042818057702505276,256,0.1841278076171875,0.13687830795476466,0.05841177839575692,7,12.021546363830566,24.93963508841432,12.374800461321819,6.429286956787109,9.941399091555748,3.322875349429745,190,14.0,41.5679012345679,19.991935578822183,150324.85477966102,16.722078907338314,128930.77526567175,16.3826011057498,,8635.0,1.5511677958446246,0.715587967183227,0.00019344303497913668,False,12067,halfplane,55.0,575.4320987654321,3600.767606566763,0.04471936821937561,0.05521349047805056,0.012371433960156341,1132,3a,12067.0,8565.913580246914,2914.1312035568976,5734.0,3400.283950617284,1701.1324567538618,8000,1.8698102262368443,2.4023394907829947,0.4962931728571139,0.01,0.06,2.0,0.01,0.03,0.15,True,0.035,0.0008,0,True,70
0.32227951288223267,0.33416123154722616,0.04286676897383256,256,0.0793914794921875,0.09794597861207562,0.04899064112979558,7,61.091678619384766,59.071876855544105,4.9380855269813395,15.891410827636719,17.52587028785988,1.2523013883485725,188,29.0,42.50617283950617,15.251086548452806,44025.24752941176,4.372512599787354,130575.84248272007,16.76825384495006,,14.0,0.0026406955736224015,0.0026907553334616363,4.7229537089037345e-07,False,5203,halfplane,333.0,920.9753086419753,3565.5578407087605,0.08613283932209015,0.08614368405607012,0.011248184662500374,2048,3a,5203.0,6014.456790123457,1442.8852272433537,685.0,738.5802469135803,154.49894036134532,8000,3.844320584278301,3.3855060919479834,0.2920305592801747,0.01,0.06,2.0,0.003,0.03,0.15,True,0.035,0.0008,0,True,81
0.0,0.0023714504492135698,0.021210897638855808,256,0.0,0.006182823652102623,0.05521051094773698,8,0.0,0.4355928279735424,2.97182541703143,0.0,0.4154419015955042,2.909873119873094,207,0.0,1.5679012345679013,11.562965862865845,-779500.0,-13.907068654019856,-1064.0,-0.018395546522131913,,0.0,0.0,0.0,0.0004465064215859547,True,0,halfplane,0.0,404.58024691358025,3618.3403427749886,0.0,0.00021309065230098773,0.0019059407356591229,0,3b,0.0,0.2962962962962963,2.540751538687776,0.0,0.5925925925925926,5.1896805909890364,8000,0.0,0.027020731423247145,0.17046844080350335,0.01,0.05,2.5,0.01,0.003,0.0,False,0.03,0.0008,0,True,2
0.308939129114151,0.32053527144002325,0.07919702013301223,256,0.1122589111328125,0.23973347228250386,0.14613582142369963,7,70.1087417602539,65.01833423567408,5.538178179881385,15.309430122375488,15.003133067378291,1.372724130908088,174,75.0,69.71604938271605,19.407415260891195,43916.3817136038,1.0267130173188086,10579.249057647656,0.5260903521265521,,-760.0,0.17125542005420116,-0.10330297675683031,1.683408463831275e-05,False,7357,halfplane,4364.0,9194.160493827161,8976.786959154382,0.044209472835063934,0.03917527082663627,0.01704484052469641,365,3a,7357.0,15306.592592592593,9540.142364775907,794.0,806.4197530864197,306.7779534064261,8000,4.579448144624167,4.371491194366872,0.46858297218901246,0.01,0.06,2.0,0.01,0.01,0.15,True,0.035,0.0,0,True,79
0.0,0.003049224718577332,0.027011981617535902,256,0.0,0.00640454704378858,0.055224544264958354,8,0.0,0.9048379026813271,5.974004857854165,0.0,0.5650479116557557,3.56679612256809,208,0.0,2.8395061728395063,17.962551435615218,-2872.0,-0.06630464020065735,-2133.0,-0.10095016780723527,,0.0,0.288607046070461,0.0,0.00023523510092476635,True,0,halfplane,0.0,407.17283950617286,3618.126903677392,0.0,0.00026133713990817835,0.0023374704395202396,0,3a,0.0,15.197530864197532,135.81908989199033,0.0,3.123456790123457,27.825462500365447,8000,0.0,0.041051892000401484,0.2782232933614628,0.01,0.05,2.5,0.003,0.01,0.06,False,0.03,0.0008,0,True,2
0.0,0.002019681496384703,0.01806458047525877,256,0.0,0.006173404646508488,0.0552114920467375,8,0.0,1.2469135802469136,8.80169857933232,0.0,0.5432098765432098,3.446412995593933,209,0.0,1.2962962962962963,11.263887937464753,-644591.0,-11.500155600722668,-760.75,-0.014916807813911493,,0.0,0.0,0.0,1.3211382113821148e-05,True,0,halfplane,0.0,404.55555555555554,3618.3430898754455,0.0,-0.0014427397170184572,0.012904256324368323,0,3b,0.0,0.037037037037037035,0.24567591039669628,0.0,0.04938271604938271,0.34787661243470064,8000,0.0,0.06172839506172839,0.4539450940950676,0.01,0.05,2.5,0.003,0.01,0.0,False,0.03,0.0008,0,True,2
0.45291975140571594,0.3012012353649846,0.08754787836062154,256,0.43426513671875,0.23425782757040894,0.17227426249860694,7,69.20077514648438,72.62100643581815,9.092659813472162,16.01820182800293,17.176383395253875,1.846925594611612,176,97.0,70.30864197530865,18.128241370657165,5302.379685071588,4.836823799212183,165669.09449916554,24.768882322421057,,-66.0,0.27483626919602555,-0.002319044272663273,2.8204701055743456e-05,False,28460,halfplane,20957.0,11042.617283950618,10212.723803937113,0.0469890795648098,0.04218810653015052,0.023844581898463516,355,3a,28460.0,14947.691358024691,11245.895936885538,497.0,658.6296296296297,364.977809047884,8000,4.320133520730851,4.247017512385484,0.3959737096374679,0.01,0.06,2.0,0.003,0.03,0.15,True,0.035,0.0,0,True,80
0.0,0.0020904986210811285,0.01869798809442792,256,0.0,0.006174534927179784,0.055211367528346,8,0.0,0.4307270285523968,2.9559785499658897,0.0,0.4185185138090157,2.918697104369328,211,0.0,1.3209876543209877,11.269786068816238,-679963.0,-12.131236675700116,-2068.0,-0.03596160794941284,,0.0,0.0,0.0,6.605691056910551e-05,True,0,halfplane,0.0,404.5679012345679,3618.3417146405527,0.0,0.00025941019900787025,0.0023202353561533853,0,3b,0.0,0.08641975308641975,0.6703146647159619,0.0,0.1111111111111111,0.8888888888888891,8000,0.0,0.02606310013717421,0.1640364985336269,0.01,0.05,2.5,0.01,0.01,0.0,False,0.03,0.0008,0,True,2
0.0,0.001957715771385227,0.017483698344387545,256,0.0,0.006178114149305556,0.05521098543057572,8,0.0,1.1058200789086612,7.613681013373467,0.0,0.5594396002498674,3.535241442837708,213,0.0,1.308641975308642,11.266296263151538,-599339.0,-10.692822944896074,-463.5,-0.035792309382880874,,0.0,0.0,0.0,0.00023210585047026922,True,0,halfplane,0.0,404.5925925925926,3618.3389742787563,0.0,0.00012169086178879679,0.001088436156801125,0,3b,0.0,0.2222222222222222,1.8790593916986398,0.0,0.2716049382716049,2.3201338066937582,8000,0.0,0.05158730158730159,0.36662887182384446,0.01,0.05,2.5,0.003,0.03,0.0,False,0.03,0.0008,0,True,2
0.37652820348739624,0.282741783025824,0.09317416132429306,256,0.22210693359375,0.23571946885850695,0.1931768125443433,7,65.71723175048828,66.10233151471174,6.254218851805794,15.52259635925293,15.398148948763623,1.4214388690473851,178,69.0,61.864197530864196,19.6039509033947,16071.183401709393,8.032747248770548,20081.51862778957,4.721722007334961,,42.0,0.5757660343270092,0.002885408079142504,0.00011750026649204265,False,14556,halfplane,6987.0,10038.530864197532,11128.00438565119,0.07019242644309998,0.04355281647754672,0.025769489234715382,557,3a,14556.0,15043.518518518518,12623.56368371537,561.0,854.7654320987655,406.7062904680659,8000,4.233649354218191,4.319573141615075,0.39078564793388,0.01,0.06,2.0,0.01,0.03,0.15,True,0.035,0.0,0,True,81
0.0,0.0020782986172923337,0.018588867943237906,256,0.0,0.00617566520785108,0.05521124486079574,8,0.0,0.43950617754900895,2.984969731216874,0.0,0.43950617754900895,2.984969731216874,215,0.0,1.308641975308642,11.266296263151538,-627125.0,-11.188544489611562,-885.0,-0.015403718759409827,,0.0,0.0,0.0,0.00011743450767840992,True,0,halfplane,0.0,404.58024691358025,3618.3403427749886,0.0,0.00025050038540804827,0.0022405435606491684,0,3b,0.0,0.12345679012345678,0.9985510001921576,0.0,0.16049382716049382,1.3282940895123716,8000,0.0,0.024691358024691357,0.15518277888859916,0.01,0.05,2.5,0.01,0.03,0.0,False,0.03,0.0008,0,True,2
0.3562996983528137,0.33924416911408856,0.059618423946978215,256,0.1023101806640625,0.11555782365210263,0.051790191612036116,8,47.862937927246094,44.32286719333978,6.607060236303405,15.15851879119873,14.569899806269893,1.460994092362531,206,44.0,43.95061728395062,15.945819711937897,20767.727781990514,1.5318367749878545,35501.180783526564,5.167633754249224,,-13.0,0.28390108401084013,-0.001938851603281222,8.254773826538102e-05,False,6705,halfplane,2216.0,2715.1975308641977,3491.2975175489246,0.07116126269102097,0.06830431021933939,0.011394604718162159,2,3a,6705.0,7168.6543209876545,2056.090393846174,293.0,401.5061728395062,133.68325596296273,8000,3.1574944071588367,3.0665529517196704,0.5294399223815103,0.01,0.05,2.5,0.01,0.003,0.06,False,0.03,0.0008,0,True,81
0.35476765036582947,0.2938648862419305,0.0944824168339481,256,0.45001220703125,0.2599911159939236,0.19965509730641007,8,50.8245964050293,47.88435392026548,7.774417025207933,15.379522323608398,17.290155363671573,2.3109875785191445,192,69.0,70.91358024691358,20.075288864280413,4334.517674796749,3.0009968127069913,120024.22590771702,27.86679162586409,,-689.0,0.5142102529358622,-0.02336226773362271,0.00047992108434819565,False,29492,halfplane,27932.0,12444.345679012345,12049.252490682138,0.029993640258908272,0.04248672952576552,0.03132313156484556,222,3a,29492.0,16634.197530864196,13098.530010276625,555.0,425.5925925925926,269.372786704105,8000,3.304692798046928,2.8099550513896165,0.5065512753134751,0.01,0.05,2.5,0.003,0.003,0.06,False,0.03,0.0,0,True,81
0.21144036948680878,0.30095507397695825,0.09260639115865288,256,0.012908935546875,0.26306981216242287,0.20165314070848572,8,38.10283660888672,45.5670213110653,7.628506537531397,14.854838371276855,14.498849656846788,1.9613228695207698,194,29.0,68.53086419753086,21.250467776843035,245762.30570833333,6.8359724651272415,347450.82539682544,9.503259154494952,,11.0,0.5593303974706415,0.013002364066193817,0.001646603990100809,False,846,halfplane,426.0,13189.691358024691,12077.246031064515,0.09769222140312195,0.04239725871126593,0.030714488430102424,176,3a,846.0,16835.975308641977,13235.500146305281,244.0,459.0,276.3991120387373,8000,2.565011820330969,3.1936486932207457,0.6251101766230401,0.01,0.05,2.5,0.01,0.003,0.06,False,0.03,0.0,0,True,80
0.26683509349823,0.27619206923761486,0.038635927595993255,256,0.2142486572265625,0.25899364330150465,0.058579925378809176,8,37.00185012817383,37.92154184977213,2.774647613834891,17.716121673583984,17.893288906709646,1.1532428350540986,205,38.0,61.23456790123457,16.239162847834116,0.0,0.0,81643.3993942836,8.874919026252707,,-718522.0,-95.20184439927735,-1341837.8012326655,-172.08797550737376,False,14041,halfplane,1580.0,2726.456790123457,3552.303836164526,0.042510244995355606,0.04271819295338643,0.010913731084735574,57,3b,2596.0,2914.4444444444443,622.2558919461738,2626.0,2440.58024691358,517.6056906254415,8000,2.0885976782280467,2.1268471329787886,0.17472490532366414,0.01,0.05,2.5,0.003,0.003,0.0,False,0.03,0.0008,0,True,4
0.33502382040023804,0.3338858005533248,0.06013054946749361,256,0.1131591796875,0.10935710388937114,0.054599852974843,8,52.81405258178711,48.03643105353838,6.672859757566678,14.868048667907715,14.244218414212451,1.3409799882710505,210,32.0,51.876543209876544,22.979530728347054,21543.218423076934,2.103508035327751,24743.029059440072,2.6219867501912906,,-4.0,0.27858242999096616,-0.0005393743257819938,0.0001133087111015328,False,7416,halfplane,1147.0,1860.851851851852,3514.8481206711426,0.07573949545621872,0.07131539871571241,0.012985673003573608,3,3a,7416.0,6762.2962962962965,2276.5333752231268,564.0,508.41975308641975,151.13242204282847,8000,3.5521844660194173,3.3941774706834265,0.5014334207347286,0.01,0.05,2.5,0.01,0.01,0.06,False,0.03,0.0008,0,True,81
0.3309536278247833,0.2875880109675137,0.0490136844351051,256,0.3151397705078125,0.3141954210069444,0.07967701290072532,8,61.84147644042969,64.46805110978491,8.730478551621651,14.06466293334961,14.723986778730227,1.4312584662660077,195,57.0,65.06172839506173,16.7312420701567,1.0,9.033423667570034e-06,0.4965706446673721,0.008382878616563658,,-1612320.0,-207.72165311653123,-1635042.9252259654,-207.57448676504677,False,20653,halfplane,5797.0,10054.67901234568,6199.683904381809,0.040680572390556335,0.032812961388701274,0.010026059433250576,2514,3b,10953.0,11024.382716049382,3019.560010332227,2094.0,2016.1975308641975,509.7417990731174,8000,4.396939911877209,4.438640113420908,0.7406289426379169,0.01,0.05,2.5,0.01,0.003,0.0,False,0.03,0.0,0,True,76
0.3140718638896942,0.2868721925734002,0.10317363587465593,256,0.5208740234375,0.25872727382330246,0.2198143506192817,8,59.661766052246094,58.877151159592614,10.50561539394204,15.443986892700195,15.2096989478594,2.754581804769774,196,87.0,61.91358024691358,24.5543979268929,2634.5244444444543,10.900118424556789,139586.5234465428,32.850258633612626,,-10.0,0.35427619692863627,-0.00029294586360451014,3.548514983134426e-05,False,34136,halfplane,32530.0,12242.481481481482,12960.977099951206,0.0313219353556633,0.04528341796479107,0.03748171915033628,104,3a,34136.0,16551.382716049382,14416.071278279738,696.0,391.95061728395063,290.27704524031196,8000,3.863106397937661,3.9133699787409504,0.49110438818242186,0.01,0.05,2.5,0.003,0.01,0.06,False,0.03,0.0,0,True,81
0.34863078594207764,0.3232562062388033,0.06166046358224634,256,0.133087158203125,0.11533365131896219,0.05520780830198297,8,55.512840270996094,57.62895287407769,7.25626039605038,16.770565032958984,16.7319044654752,1.3833123804304042,212,29.0,44.71604938271605,16.60004058294997,22509.7868192771,2.626095606645689,131675.87209204666,16.230672076656074,,-4.0,0.28812398373983755,-0.00045861041045647255,0.00024236800271463418,False,8722,halfplane,1219.0,2080.7901234567903,3515.2879751941277,0.08413209021091461,0.0793070568944569,0.014230886330928639,2,3a,8722.0,7153.950617283951,2405.4582217990414,728.0,547.7283950617284,172.0520314887316,8000,3.3101352900710848,3.4586385887709583,0.4215876307415862,0.01,0.05,2.5,0.003,0.03,0.06,False,0.03,0.0008,0,True,81
0.34269794821739197,0.3248391506193137,0.07543619851107551,256,0.1007843017578125,0.10531427830825617,0.055008558122334794,8,51.894020080566406,51.53378912843304,8.121538925807736,14.479554176330566,14.491043473467414,1.9903714914309043,214,32.0,44.46913580246913,18.664078140465698,28762.852512820507,2.890161412182895,34666.97590562416,3.7287478912290473,,27.0,0.2849679313459808,0.004087812263436685,0.00014420647461551163,False,6605,halfplane,579.0,1489.0493827160494,3525.8507209187574,0.08039296418428421,0.0743345251697817,0.013786179802210348,1,3a,6605.0,6497.333333333333,2271.70903740274,590.0,585.3456790123457,189.5482713524106,8000,3.5839515518546556,3.5545310331682303,0.42189613319545144,0.01,0.05,2.5,0.01,0.03,0.06,False,0.03,0.0008,0,True,81
0.31569597125053406,0.2845175315936406,0.048102299369117384,256,0.3440704345703125,0.31476564760561343,0.09995663253556279,8,66.73914337158203,65.76005125634464,5.772422378559988,14.445061683654785,15.143887755311566,1.2313906826135046,199,59.0,63.123456790123456,15.453141209339519,0.0,0.0,0.5061728395521641,0.04242956064859526,,-1614383.0,-204.77497086720874,-1638079.1793177628,-205.55707729215382,False,22549,halfplane,15278.0,10251.469135802468,6478.236820187274,0.03191196545958519,0.03244250483902884,0.008952646969154002,2280,3b,13016.0,11740.975308641975,3734.5259536058616,1397.0,1990.4938271604938,579.2186547081302,8000,4.620204887134684,4.376534530948707,0.47334386729391015,0.01,0.05,2.5,0.01,0.01,0.0,False,0.03,0.0,0,True,78
0.26046043634414673,0.28303723635128986,0.10108922305836372,256,0.0143280029296875,0.25580587504822533,0.2238032561261099,8,58.48562240600586,58.76822610548985,7.672855625508013,13.075714111328125,14.419537661988059,1.5731176161748124,198,40.0,63.0,20.56546307781418,215608.053681592,5.91502761157244,240311.6247162436,8.213865601352657,,-195.0,0.2658267841011739,-0.20766773162939312,2.2780595085098405e-05,False,939,halfplane,286.0,12573.481481481482,13419.61824456657,0.057176366448402405,0.042115872265932,0.02993653034578277,187,3a,939.0,16359.925925925925,14672.01833151932,291.0,391.18518518518516,269.5915571410867,8000,4.472843450479234,4.119528421094784,0.6025927415101379,0.01,0.05,2.5,0.01,0.01,0.06,False,0.03,0.0,0,True,81
0.13180390000343323,0.20758364459982626,0.1272750690891074,256,0.0957183837890625,0.2083621554904514,0.24593190019720731,9,56.6633186340332,54.911393671859926,7.281742509261529,13.848482131958008,15.363901726993515,2.645179572956042,217,85.0,55.48148148148148,32.05323931978845,1.0,9.033423667570034e-06,2209.1730769231217,7.565698478129506,,-1053518.0,-144.38379742547428,-1073256.1249438203,-136.0898440675422,False,6273,halfplane,811.0,9323.814814814816,13853.965537486174,0.014639652334153652,0.05457988302050917,0.051768960750095946,111,3b,2225.0,2691.283950617284,3127.817719241987,2978.0,990.9382716049382,1129.0177567049323,8000,4.0916626813326955,3.707084071758169,0.832538090311568,0.01,0.06,2.0,0.003,0.003,0.0,True,0.03,0.0,0,True,52
0.0,0.0024349626935558553,0.02177896842186753,256,0.0,0.006174723307291667,0.05521134695522334,9,0.0,0.4493827113398799,3.0196935106948612,0.0,0.4493827113398799,3.0196935106948612,229,0.0,1.308641975308642,11.266296263151538,-837086.0,-14.934461156278166,-682.0,-0.011900406504065006,,0.0,0.0,0.0,5.8717253839204946e-05,True,0,halfplane,0.0,404.58024691358025,3618.3403427749886,0.0,0.00019367779662579667,0.0017323068759506433,0,3b,0.0,0.04938271604938271,0.34787661243470064,0.0,0.09876543209876543,0.7794416848229433,8000,0.0,0.024691358024691357,0.15518277888859916,0.01,0.06,2.0,0.003,0.003,0.0,True,0.03,0.0008,0,True,2
0.17798233032226562,0.30439566995626616,0.10701781227639606,256,0.0135650634765625,0.20541136941792051,0.18270580533324976,9,50.02924728393555,56.58710978943625,8.879208140721854,15.184704780578613,14.316179887748058,1.7737498579657622,219,24.0,65.54320987654322,26.513471713249572,0.0,0.0,236615.80320161954,8.827536010141932,,-1056602.0,-132.33436359530265,-1057557.575,-132.1486293682715,False,889,halfplane,300.0,8033.197530864198,8904.469392999119,0.12936747074127197,0.04755106878777345,0.03683943939225338,23,3b,280.0,5884.358024691358,5345.501718726198,43.0,842.5185185185185,791.892078803595,8000,3.294713160854893,4.017836750461166,0.7523726239287499,0.01,0.06,2.0,0.01,0.003,0.0,True,0.03,0.0,0,True,78
0.4072161018848419,0.31453312694290536,0.09198490138983752,256,0.30279541015625,0.2498517448519483,0.18358544595102708,8,64.69456481933594,70.56830182487582,9.287851862739362,15.528824806213379,16.740575660893946,1.9754720562529848,200,98.0,71.18518518518519,19.68712753038912,6246.148278688488,3.4616191812781576,311365.8410695995,41.812922659312676,,-378.0,0.2452111562782297,-0.019048578915541015,2.9572172134025615e-05,False,19844,halfplane,7280.0,12299.308641975309,11023.692219003035,0.045181386172771454,0.03751238319378944,0.024664188292151418,330,3a,19844.0,15969.728395061727,12024.270997139514,213.0,371.44444444444446,240.79303135808829,8000,4.166095545252973,4.237301223404002,0.40725856341760514,0.01,0.05,2.5,0.003,0.03,0.06,False,0.03,0.0,0,True,81
0.2833491563796997,0.2851884493857254,0.0541529489629092,256,0.23028564453125,0.3089480929904514,0.10434136791007106,8,69.60979461669922,67.18528950067214,5.157155866883801,15.74496078491211,15.954792352370275,1.1486488318186532,203,65.0,61.148148148148145,17.04975370816002,0.0,0.0,5524.053357736673,0.14927485453231268,,-1588256.0,-202.1562303523036,-1607214.1242580134,-204.22850825379297,False,15092,halfplane,3075.0,10845.32098765432,7015.671400914449,0.038864027708768845,0.03371507412305585,0.010900938530181892,1451,3b,10108.0,12966.469135802468,4511.069865948338,2289.0,1933.3950617283951,533.2362800353927,8000,4.4210840180227935,4.235652424603892,0.3765062262580622,0.01,0.05,2.5,0.01,0.03,0.0,False,0.03,0.0,0,True,69
0.0,0.002502728759506602,0.02238508654200195,256,0.0,0.006188286675347222,0.0552100008053615,9,0.0,0.4352604665873963,2.9707253891890644,0.0,0.4337349408938561,2.9657092974388166,231,0.0,1.728395061728395,11.970140159950697,-838520.0,-14.960045167118341,-3940.0,-0.07004345076784087,,0.0,0.0,0.0,0.0006861111111111135,True,0,halfplane,0.0,404.7037037037037,3618.3268094331693,0.0,0.00017824213675878667,0.0015942461369898443,0,3b,0.0,0.25925925925925924,2.2098420578038955,0.0,0.5925925925925926,5.1896805909890364,8000,0.0,0.024841915085817526,0.15613195529273877,0.01,0.06,2.0,0.01,0.003,0.0,True,0.03,0.0008,0,True,2
0.12970270216464996,0.2086629809604751,0.12510394671855285,256,0.0042266845703125,0.20991987063560957,0.2453638995427192,9,57.53429412841797,65.11284990663881,8.937676895257678,13.414982795715332,15.999833283600983,2.7201645837858774,221,1.0,60.666666666666664,36.14545375507816,0.0,0.0,7407.351254480309,6.184778245837446,,-1073800.0,-141.1295555555556,-1081519.3103448276,-138.11982760537995,False,277,halfplane,2.0,9606.703703703704,14368.22507440469,0.029977494850754738,0.053245216964479584,0.050015700156068925,91,3b,261.0,3820.5308641975307,4335.989858327223,276.0,970.8024691358024,1131.6056157617518,8000,4.2888086642599275,4.132616527479685,0.5230438844845965,0.01,0.06,2.0,0.003,0.01,0.0,True,0.03,0.0,0,True,70
0.44079723954200745,0.3115581331061728,0.09091620964708172,256,0.4828643798828125,0.2598535985122492,0.1907184465782892,8,66.36881256103516,63.72844262770665,8.005765081045979,14.850459098815918,14.87259691732901,1.6404897313178757,202,51.0,70.91358024691358,21.509227150549385,4775.678615071287,1.6894912660158794,3710.655902748229,5.359596224414035,,-263.0,-0.09095483288166215,-0.008310949597092776,-5.365870536262631e-06,False,31645,halfplane,25645.0,13025.938271604939,11234.648548509886,0.03794921562075615,0.03787397980735994,0.02483386875292419,127,3a,31645.0,16625.197530864196,12513.230898394591,421.0,413.962962962963,243.16155501668933,8000,4.469142044556802,4.309630987464828,0.4259929234999541,0.01,0.05,2.5,0.01,0.03,0.06,False,0.03,0.0,0,True,81
0.0,0.0022062502893400783,0.019733302489371978,256,0.0,0.006173404646508488,0.0552114920467375,9,0.0,0.5514403213689356,3.4909879603778817,0.0,0.5514403213689356,3.4909879603778817,233,0.0,1.271604938271605,11.262318189627749,-725128.0,-12.937017163504938,-1365.0,-0.024802168021680223,,0.0,0.0,0.0,1.7615176151761536e-05,True,0,halfplane,0.0,404.55555555555554,3618.3430898754455,0.0,0.00021732810102863075,0.001943841629283841,0,3b,0.0,0.04938271604938271,0.34787661243470064,0.0,0.04938271604938271,0.34787661243470064,8000,0.0,0.024691358024691357,0.15518277888859916,0.01,0.06,2.0,0.003,0.01,0.0,True,0.03,0.0008,0,True,2
0.0,0.0023047061246118427,0.02061391825116872,256,0.0,0.006176607108410494,0.05521114405168317,9,0.0,0.45555555084605276,3.0424973320713873,0.0,0.45555555084605276,3.0424973320713873,235,0.0,1.3580246913580247,11.286732779635411,-736429.0,-13.138638437217685,-1788.0,-0.03157091237579037,,0.0,0.0,0.0,0.0001565793435712135,True,0,halfplane,0.0,404.55555555555554,3618.3430898754455,0.0,0.0002180476799423312,0.0019502777387486803,0,3b,0.0,0.12345679012345678,0.9985510001921576,0.0,0.25925925925925924,2.2098420578038955,8000,0.0,0.024691358024691357,0.15518277888859916,0.01,0.06,2.0,0.01,0.01,0.0,True,0.03,0.0008,0,True,2
0.20266173779964447,0.27568958754892703,0.1012157946881395,256,0.2771453857421875,0.1996045524691358,0.1824260122991068,9,58.420413970947266,58.15916061401367,7.74443308917358,13.353090286254883,13.718955475607036,1.7741735711055306,223,93.0,65.37037037037037,22.618928184343854,0.0,0.0,0.5075445816619322,12.889088116473792,,-1008433.0,-126.49519196025295,-1026716.0945185494,-126.69639873912494,False,18163,halfplane,6189.0,8021.691358024691,9417.076926680153,0.011407297104597092,0.05093017094021226,0.039368885197514,30,3b,9596.0,6551.148148148148,6189.417310597079,2645.0,863.6296296296297,877.3491139586683,8000,4.375048174860981,4.285593431256456,0.5845994413622235,0.01,0.06,2.0,0.01,0.01,0.0,True,0.03,0.0,0,True,74
0.3206965923309326,0.3273178987480976,0.052099174550373856,256,0.2755889892578125,0.2202692856023341,0.07037321484145645,9,8.455954551696777,15.525204988173497,7.76953735229876,8.027068138122559,11.921458373835057,4.110390703800516,228,14.0,39.03703703703704,24.958951210774828,175335.74883453237,23.384356442602936,419040.40184249904,53.608113799695644,,8942.0,1.7200377145438128,0.49509993909528816,0.00012110077727093645,False,18061,halfplane,68.0,1241.79012345679,3730.01186148463,0.03692571818828583,0.042983765403429665,0.010839622208428061,471,3a,18061.0,14030.938271604939,4419.337728568905,7629.0,4781.493827160494,2603.0986384627904,8000,1.0534300426332983,1.2438093763422606,0.22839182989259596,0.01,0.06,2.0,0.003,0.003,0.15,True,0.03,0.0008,0,True,57
0.0,0.0021530932482377984,0.019257851459822183,256,0.0,0.006174346547067901,0.055211388152880965,9,0.0,0.49537037037037035,3.2085704845279333,0.0,0.4746227735354577,3.118060657097363,237,0.0,1.345679012345679,11.280005793960468,-643565.0,-11.48185072267393,-1405.0,-0.02452495483288158,,0.0,0.0,0.0,5.284552845528459e-05,True,0,halfplane,0.0,404.55555555555554,3618.3430898754455,0.0,0.00025235291248486367,0.002257113066544842,0,3b,0.0,0.06172839506172839,0.4539450940950676,0.0,0.1111111111111111,0.8888888888888891,8000,0.0,0.026234567901234566,0.16517392790444016,0.01,0.06,2.0,0.003,0.03,0.0,True,0.03,0.0008,0,True,2
0.0,0.0022291921907001072,0.01993850109326846,256,0.0,0.006176041968074845,0.055211204382912535,9,0.0,0.4509803866162712,3.0255155203078137,0.0,0.4509803866162712,3.0255155203078137,239,0.0,1.345679012345679,11.280005793960468,-652705.0,-11.644917570009005,-4285.0,-0.07698222351271128,,0.0,0.0,0.0,0.00012833914053426277,True,0,halfplane,0.0,404.58024691358025,3618.3403427749886,0.0,0.00022635530726409253,0.0020245834164414516,0,3b,0.0,0.09876543209876543,0.7794416848229433,0.0,0.18518518518518517,1.5484848118790278,8000,0.0,0.024691358024691357,0.15518277888859916,0.01,0.06,2.0,0.01,0.03,0.0,True,0.03,0.0008,0,True,2
0.13861405849456787,0.21782327397370044,0.12690543822469116,256,0.005584716796875,0.21091941550925927,0.24198042776099826,9,62.34699630737305,72.01059299045139,10.233858014792052,15.481003761291504,17.51871775403435,1.982598703156205,225,36.0,59.074074074074076,30.513214210020745,0.0,0.0,15895.146258503315,13.005084808153654,,-1078062.0,-139.7741720867209,-1086823.7940199336,-141.10664737122096,False,366,halfplane,23.0,9325.185185185184,13814.779758668657,0.028032781556248665,0.051199540921291455,0.04587425977744939,144,3b,301.0,5254.7037037037035,5882.159480932329,325.0,991.2098765432099,1136.799359215306,8000,4.027322404371585,4.125951774487199,0.40957694198086175,0.01,0.06,2.0,0.003,0.03,0.0,True,0.03,0.0,0,True,55
0.19666610658168793,0.2772191980002839,0.10761400235620078,256,0.00048828125,0.2071293960382909,0.19317355326643662,9,54.59375,58.87671764986015,6.734948582871646,13.335877418518066,14.127351607805418,1.6553728358078579,227,5.0,60.77777777777778,26.940721392267925,0.0,0.0,37810.05434782605,7.958771365701917,,-1066584.0,-135.3398728545619,-1066676.03125,-133.9720280408195,False,32,halfplane,3.0,8920.95061728395,10057.760257878926,0.03854813054203987,0.05293617926446008,0.0477463568559517,31,3b,32.0,7906.814814814815,7581.062398448073,30.0,884.7777777777778,918.1592293117628,8000,4.09375,4.200090425918849,0.4412813525737895,0.01,0.06,2.0,0.01,0.03,0.0,True,0.03,0.0,0,True,76
0.3009440302848816,0.23914833927963985,0.10377322055248014,256,0.7310333251953125,0.30281876929012347,0.26463169043094553,9,54.1605110168457,51.716133965386284,6.509528867460372,16.520185470581055,18.32829209315924,2.2540720619065113,216,48.0,67.23456790123457,23.980584536033184,616.3321883767494,8.673585663417901,105570.78671434033,22.427845595825556,,38.0,0.8658672086720853,0.0007931703855226235,6.343020279514201e-05,False,47909,halfplane,46731.0,16002.641975308641,16689.397434409373,0.02488071843981743,0.04081572077156585,0.030629755372891018,382,3a,47909.0,19440.320987654322,17418.968190890024,623.0,825.074074074074,526.6070940939445,8000,3.2784445511281803,2.865387449478285,0.4740344487731181,0.01,0.06,2.0,0.003,0.003,0.15,True,0.03,0.0,0,True,80
0.3183918595314026,0.32056860717726343,0.04371792335449428,256,0.27178955078125,0.24879003454137733,0.05362294877554484,9,7.942959785461426,11.074455526140001,5.506332036821676,7.602364540100098,9.513953344321544,3.1350541155518603,230,9.0,26.049382716049383,26.52224839851983,205879.68321739128,29.292430680130327,396513.9348238781,53.59304929821891,,12220.0,2.187682926829268,0.6860543453851335,0.0003915684261404887,False,17812,halfplane,67.0,726.8148148148148,3637.3795007358135,0.036401260644197464,0.03912844159352927,0.008797303857121191,1079,3a,17812.0,15900.148148148148,3481.6038205455416,7897.0,6464.037037037037,2170.125873600477,8000,1.04480125757916,1.1243066225704061,0.16689573224702872,0.01,0.06,2.0,0.01,0.003,0.15,True,0.03,0.0008,0,True,59
0.26955094933509827,0.24403456543330793,0.09939608087240097,256,0.74053955078125,0.30443412874951775,0.2589625798815485,9,54.784183502197266,48.72048319121938,5.780095496011962,14.976881980895996,15.469483469739373,1.6787421233577948,218,39.0,62.23456790123457,19.062775829982233,1875.6923018108355,9.258665935596959,894.457739791018,4.092353659174305,,243.0,0.8843112014453478,0.0049861294230237885,6.182938045987525e-05,False,48532,halfplane,46759.0,14604.617283950618,16876.127260066893,0.02506115473806858,0.03845702696959546,0.02566330452138867,968,3a,48532.0,19546.716049382718,17051.224008223904,721.0,1130.6666666666667,592.230539862374,8000,3.657916426275447,3.2034505275432696,0.5610963535937655,0.01,0.06,2.0,0.01,0.003,0.15,True,0.03,0.0,0,True,81
0.319057822227478,0.33197422785523495,0.04227044640819071,256,0.26873779296875,0.1915326530550733,0.07136744364929466,9,8.800930976867676,23.74860178394082,14.074910946461776,6.354885101318359,11.385206805335152,4.572989530762153,232,13.0,46.77777777777778,24.067805451666324,155295.16145454548,19.943653741182604,356553.72627144423,40.48027509734558,,12829.0,2.285174796747967,0.7284238019532137,0.00016525608709034973,False,17612,halfplane,70.0,992.3703703703703,3583.613699434749,0.036577463150024414,0.049621839812140404,0.01411741564354675,2979,3a,17612.0,12147.74074074074,4314.08699345593,7725.0,4079.6543209876545,2661.4651128979103,8000,1.3849080172609585,1.9361848424136419,0.49908180276966846,0.01,0.06,2.0,0.003,0.01,0.15,True,0.03,0.0008,0,True,62
0.3196755349636078,0.3219114617433077,0.04403579669724458,256,0.268096923828125,0.2393135730131173,0.06094418597058715,9,8.409276962280273,13.342277821199394,9.225827962574053,7.216166019439697,8.92378619865135,3.0903291265634656,234,12.0,22.85185185185185,18.800519503664834,182313.40655944057,28.37562882853484,294478.6700041011,38.11180490666325,,14809.0,2.5767971996386634,0.842857142857143,0.00039930556920199286,False,17570,halfplane,75.0,576.0617283950618,3604.4762101137558,0.03703305125236511,0.0409721827801363,0.010044468381066842,1240,3a,17570.0,15279.098765432098,3901.4812654067,7934.0,6342.740740740741,2341.00608200716,8000,1.1653386454183268,1.3890613302872157,0.418530371871074,0.01,0.06,2.0,0.01,0.01,0.15,True,0.03,0.0008,0,True,60
0.3265748620033264,0.3336161501981594,0.04261577989714475,256,0.262847900390625,0.16928119423948687,0.06712973998683669,9,9.205561637878418,30.711678552038876,16.429796082446586,3.4262781143188477,10.250636489303023,5.212960328377882,236,20.0,53.91358024691358,20.832191098088174,145233.66691385768,16.18763827851393,555224.5589703178,60.970328594535054,,15578.0,2.70519376693767,0.9043306629513528,0.00023126135004336465,False,17226,halfplane,177.0,876.8518518518518,3578.410945047029,0.03815162926912308,0.055849414962677306,0.016335590185154764,1655,3a,17226.0,10689.469135802468,3861.4595369135027,7501.0,3373.2098765432097,2252.7130623177513,8000,2.6867525833043073,2.947523769576919,0.29679568446447924,0.01,0.06,2.0,0.003,0.03,0.15,True,0.03,0.0008,0,True,70
0.3747078478336334,0.2700838279209019,0.09512281206579636,256,0.2564544677734375,0.29844081548996915,0.23043121677836023,9,63.92033004760742,73.55620188771942,8.423486729481287,17.307186126708984,18.69379104802638,1.9998836994031495,220,92.0,68.4320987654321,17.661381649463983,11016.51305394189,4.173816531482013,198035.00753333792,22.09771956369443,,-347.0,0.8153739837398376,-0.020646159338371106,6.532203838835304e-05,False,16807,halfplane,14976.0,15696.716049382716,14287.356357451301,0.05226442962884903,0.04097605009137848,0.026535004218059672,718,3a,16807.0,19153.864197530864,15181.078685102917,451.0,732.6666666666666,422.050666901616,8000,3.693282560837746,3.9705477670229854,0.5013323119884238,0.01,0.06,2.0,0.003,0.01,0.15,True,0.03,0.0,0,True,81
0.3184208869934082,0.32310510086424554,0.04385703444130685,256,0.2597503662109375,0.22323909806616513,0.06801495311563702,9,9.098983764648438,16.126047252136985,11.491275050162374,5.825416564941406,8.172079663217804,3.396719699229357,238,9.0,20.567901234567902,17.457488592030145,226038.80352988048,29.66805210431504,216184.7798299904,29.91462821469308,,19645.0,3.043176377597109,1.1540269047758915,0.00022706877323612582,False,17023,halfplane,47.0,526.5432098765432,3606.371060143638,0.03705384582281113,0.04319712767998377,0.012278928943508613,1103,3a,17023.0,14225.567901234568,4276.130020134225,8072.0,6136.925925925926,2404.7259528048676,8000,1.5619456030076955,1.8297929573300769,0.5021106126602857,0.01,0.06,2.0,0.01,0.03,0.15,True,0.03,0.0008,0,True,52
0.32054904103279114,0.2855249047279358,0.08576438135415572,256,0.5944061279296875,0.3021291097005208,0.20534264024154145,9,62.8328857421875,62.75282753838433,5.222141011988651,14.841288566589355,15.402380978619611,1.4685968190750456,222,45.0,72.4320987654321,20.378479493313066,2479.0082580645685,4.878511336342243,0.5116598079912364,2.3478684562061733,,-9.0,0.5483484643179767,-0.00023103581055061717,4.438719282821615e-05,False,38955,halfplane,32894.0,13988.74074074074,12870.07280455371,0.02714388631284237,0.03697356915124404,0.022474815992824092,1088,3a,38955.0,19395.703703703704,13553.55140871763,1181.0,1021.3703703703703,420.02320466304997,8000,4.233654216403543,4.114853246247238,0.4701767841946431,0.01,0.06,2.0,0.01,0.01,0.15,True,0.03,0.0,0,True,81
0.32975897192955017,0.3271470500363244,0.04983109275695528,256,0.1395416259765625,0.14215031376591436,0.056087818453770484,10,44.06058120727539,36.40474187591929,12.347158195183376,14.321450233459473,15.57497654432132,2.2192585670566958,253,39.0,59.0,18.078020212811325,0.0,0.0,110159.06613824499,13.164896981361913,,-570661.0,-85.35105058717255,-721726.5218241042,-93.31503218976569,False,9145,halfplane,2942.0,4177.580246913581,3654.7042232730428,0.06227406859397888,0.06775343137574785,0.017518213611341364,960,3b,1535.0,1006.6172839506173,461.6780334982869,456.0,535.3703703703703,306.62529690541186,8000,3.076544559868781,2.391415607071168,0.943302043734708,0.01,0.08,1.5,0.003,0.003,0.0,False,0.03,0.0008,0,True,32
0.4098103940486908,0.24399265196220374,0.10651429943279046,256,0.4508056640625,0.29820289140866124,0.25879822408656145,9,79.82582092285156,78.98443189079379,7.6131766512991925,18.555994033813477,19.344306027447736,1.344375867730707,224,96.0,61.358024691358025,21.91245693521523,5531.617539714847,6.3185851723104305,199391.70431788103,31.863748557396384,,37.0,0.565791102077688,0.0012523693474140174,4.488039601740656e-05,False,29544,halfplane,23533.0,14479.333333333334,15793.28332152862,0.046922873705625534,0.04331428539237858,0.032652664730704786,465,3a,29544.0,19138.061728395063,17031.244342689326,349.0,754.2716049382716,478.75352591540934,8000,4.301888708367181,4.098495891115673,0.3827427509696619,0.01,0.06,2.0,0.003,0.03,0.15,True,0.03,0.0,0,True,81
0.32795438170433044,0.3342829161772021,0.06227147641119286,256,0.1089935302734375,0.13990331579137733,0.06304870323076583,10,50.2668342590332,32.351011323340146,12.690936180323583,14.357645988464355,15.195239196588963,1.6320192949208303,255,41.0,63.04938271604938,18.62687639703229,1.0,9.033423667570034e-06,29380.431089163234,1.3519115658325622,,-615682.0,-81.33640424570915,-709862.2985074627,-94.24419778716484,False,7143,halfplane,2201.0,4264.419753086419,3811.683040545885,0.07808517664670944,0.06333650086351016,0.01781738978124618,128,3b,2881.0,1884.1604938271605,1025.447682502805,308.0,632.4691358024692,398.7053148125154,8000,3.50104997900042,2.146234164654615,0.8858784478362935,0.01,0.08,1.5,0.01,0.003,0.0,False,0.03,0.0008,0,True,29
0.42147305607795715,0.2013619722407541,0.11157150136869215,256,0.4743499755859375,0.29128406665943285,0.278742526627402,10,61.744266510009766,63.19670924433955,8.529291663169198,15.706369400024414,16.558242409317582,1.9717111742651265,241,90.0,62.69135802469136,26.681311707861465,0.0,0.0,62000.22753460542,5.070085873358545,,-1440880.0,-190.66532836495037,-1513253.8478983382,-187.90957276620222,False,31087,halfplane,23103.0,13507.246913580248,17478.548224546546,0.06270916759967804,0.04526258301403788,0.035312518022343524,831,3b,5115.0,3746.1975308641977,3100.617873190674,618.0,1409.8765432098764,912.1613510982766,8000,3.931160935439251,3.9031603774855457,0.7735851505453545,0.01,0.08,1.5,0.003,0.003,0.0,False,0.03,0.0,0,True,57
0.24015317857265472,0.26065854875393857,0.04245020331060677,256,0.2660064697265625,0.24769215524932484,0.04729930760883146,10,9.53134822845459,12.909553092203023,4.915136567056638,9.466188430786133,12.068749098130214,3.2165219687991096,252,1.0,15.518518518518519,26.314391270342345,450404.1653854749,62.20825537944181,753648.2520177369,98.6932779136442,,22542.0,3.115722899728998,1.302304526297108,0.00020612173805673438,False,17433,halfplane,20.0,634.2592592592592,3623.600347167788,0.0378628745675087,0.04010957350701461,0.006902076856465846,4150,3a,16827.0,15203.111111111111,2976.8813078434373,9961.0,8156.098765432099,2650.865717454165,8000,1.0068834968163827,1.0494904447272941,0.10008912574879555,0.01,0.08,1.5,0.003,0.003,0.01,False,0.03,0.0008,0,True,78
0.23437802493572235,0.2504226478897495,0.0391357431343378,256,0.26959228515625,0.25771341206114967,0.04441561664033143,10,8.750848770141602,11.076162420673136,4.093145027598218,8.560434341430664,10.294835961895224,2.6663404035512794,254,1.0,9.098765432098766,19.369445799366783,494788.87836781604,71.52287896649304,623385.677891532,82.28089611296967,,25271.0,3.4212382565492327,1.4515377707890877,0.00025004967567593525,False,17668,halfplane,22.0,534.9506172839506,3616.838572126299,0.036857038736343384,0.038561335776323154,0.0060307275779781155,4035,3a,17022.0,15875.481481481482,2874.0132739846176,10180.0,8843.592592592593,2417.6071568564244,8000,1.0222436042562826,1.058743488251396,0.10247682340035641,0.01,0.08,1.5,0.01,0.003,0.01,False,0.03,0.0008,0,True,72
0.4220261871814728,0.27210706490793346,0.08984184410686856,256,0.3640289306640625,0.3010745578342014,0.22613079332119196,9,69.88778686523438,68.68533833821614,6.030203294878976,15.749574661254883,16.016894116813752,1.2684340029407648,226,80.0,73.67901234567901,17.218155190389634,6730.48939059308,5.9944006278865105,6494.397349862498,3.3874988898765315,,74.0,0.8624037940379399,0.003101814980927875,7.334425408608081e-05,False,23857,halfplane,14478.0,14471.506172839507,14625.05791156495,0.03932267054915428,0.03868358199381166,0.024950190134812502,1473,3a,23857.0,19326.53086419753,14905.270021770384,514.0,977.9135802469136,438.19444912923717,8000,4.437439745148175,4.312640751818582,0.3902692268578666,0.01,0.06,2.0,0.01,0.03,0.15,True,0.03,0.0,0,True,81
0.2629357874393463,0.2618088085710267,0.038079152832466295,256,0.7355804443359375,0.7051167429229359,0.09660378541744717,8,73.78380584716797,72.95557916900258,7.708049614758703,16.36385154724121,16.78526296733338,1.3069112344194251,193,13.0,23.14814814814815,17.86444922054304,1.0,9.033423667570034e-06,0.5006858711130917,-0.03284940130559955,,-3615938.0,-469.06244873532086,-3710247.8252496435,-473.9527048342355,False,48207,halfplane,46684.0,44300.555555555555,6779.472363751046,0.015391800552606583,0.01530579168257522,0.0044619272399743495,1809,3b,18226.0,17327.271604938273,3524.268031917927,782.0,833.2345679012345,174.41282598131534,8000,4.5089509822224985,4.390881478676807,0.5855459873072802,0.01,0.05,2.5,0.003,0.003,0.0,False,0.03,0.0,0,True,3
0.3118687868118286,0.31490527792477313,0.05171460500094964,256,0.138214111328125,0.11818855191454475,0.05677821686002545,10,48.60399627685547,48.74361963625307,7.871223149046023,13.642857551574707,16.52195460708053,2.045991472024982,257,46.0,55.888888888888886,18.281745601069453,0.0,0.0,134671.772598551,16.907706934231225,,-523730.0,-69.26564859981934,-594591.4334470989,-76.06746225911279,False,9058,halfplane,4791.0,3687.740740740741,3852.3233610982925,0.08673691749572754,0.08080570431955067,0.016384581142906966,19,3b,2051.0,1539.5061728395062,628.0217642579349,388.0,377.5308641975309,142.6758465737963,8000,3.562596599690881,2.9983488335749056,0.5761570786402371,0.01,0.08,1.5,0.003,0.01,0.0,False,0.03,0.0008,0,True,22
0.18342624604701996,0.20575493261402036,0.11231939556745237,256,0.6768951416015625,0.2939690483940972,0.2823423532427188,10,72.93248748779297,62.229260197392215,10.363906585703386,14.472572326660156,15.229818508948808,1.6037797996504797,243,91.0,57.370370370370374,21.69852042770923,0.0,0.0,0.49519890267401934,2.2710222447478072,,-1471757.0,-194.65765085817532,-1527347.353470437,-189.67464572861198,False,44361,halfplane,41196.0,12990.32098765432,17554.79528721367,0.02303381636738777,0.046262271288368434,0.033962504663965165,617,3b,21006.0,8091.641975308642,7599.120851211967,1138.0,1270.2592592592594,941.9765898086849,8000,5.0393588963278555,4.1659013495586334,0.8862858041449011,0.01,0.08,1.5,0.01,0.003,0.0,False,0.03,0.0,0,True,66
0.2393767088651657,0.2631999265264582,0.043987913681624725,256,0.266510009765625,0.24263942388840665,0.05264584584710624,10,9.524676322937012,14.426703405968937,8.099619362125567,9.215998649597168,11.95726673691361,3.2833270772040484,256,1.0,14.54320987654321,25.340179086116297,450450.05794350285,61.98387730589077,497426.28521113715,65.41489653804693,,25935.0,4.005537262872629,1.5041879386576165,0.00034895118524308575,False,17466,halfplane,23.0,552.2469135802469,3613.5442658497914,0.03838806226849556,0.04115261224868857,0.008286250221746637,3353,3a,16852.0,14904.37037037037,3282.57894113776,10035.0,8061.148148148148,2734.188037601969,8000,1.033493644795603,1.1500936392340522,0.26946478873017277,0.01,0.08,1.5,0.003,0.01,0.01,False,0.03,0.0008,0,True,77
0.30870532989501953,0.32926426735925085,0.0611354029887686,256,0.092742919921875,0.1264733208550347,0.061534448948681965,10,43.56317901611328,41.64317224055161,11.43842620351168,16.192331314086914,14.51425752522033,1.72365424023427,259,49.0,52.69135802469136,16.118114933824195,0.0,0.0,76579.72346206609,3.3690847890699795,,-564940.0,-78.09375225835593,-638565.4742740704,-83.60721857669996,False,6078,halfplane,2151.0,3192.5185185185187,3612.817330626042,0.0785534605383873,0.07158187744610103,0.015769108316799656,63,3b,1963.0,2739.1728395061727,1072.4207966970025,370.0,715.7901234567901,579.2129124312969,8000,2.690358670615334,2.853166604389982,0.6877266393112805,0.01,0.08,1.5,0.01,0.01,0.0,False,0.03,0.0008,0,True,31
0.4059255123138428,0.21062130720159153,0.10885925661989847,256,0.66162109375,0.2917293972439236,0.2681702869969868,10,73.39840698242188,74.01767184410566,7.577039772023837,16.38364028930664,17.342259171568315,1.5354326092290551,245,88.0,65.0246913580247,24.7351278717266,0.0,0.0,27512.0799378301,5.418907524973366,,-1449924.0,-189.37090740740746,-1515565.780977643,-187.64711631332813,False,43360,halfplane,40977.0,12790.111111111111,16623.16281429672,0.036391712725162506,0.044193138690366424,0.03161718051226186,917,3b,10556.0,5106.691358024691,4136.776175594028,623.0,1407.9876543209878,856.6536602821146,8000,4.4799815498154985,4.306638884364801,0.5403386809144685,0.01,0.08,1.5,0.003,0.01,0.0,False,0.03,0.0,0,True,73
0.26287758350372314,0.262056663264463,0.03931729311885597,256,0.7197723388671875,0.7042029110001929,0.09059039638593754,8,81.04318237304688,79.27937453470112,6.608357821261446,18.30175018310547,18.349471598495672,0.8337120378174714,197,19.0,23.604938271604937,19.394971355613766,0.0,0.0,0.4691358022391796,-0.13085973314521293,,-3585056.0,-462.94635501355026,-3705403.0873004175,-472.7537143198897,False,47171,halfplane,45320.0,44205.53086419753,6199.150730536529,0.016035135835409164,0.014765950195767262,0.004060891274470755,1671,3b,20355.0,19647.79012345679,3482.0548804577647,892.0,858.8024691358024,150.6621942758927,8000,4.428165610226622,4.339493996607921,0.42272443027929085,0.01,0.05,2.5,0.003,0.01,0.0,False,0.03,0.0,0,True,6
0.18557631969451904,0.19273771584769825,0.0363863672699301,256,0.3320465087890625,0.3344070999710648,0.06878672173765017,10,63.20256423950195,59.78513717651367,5.494005398933177,20.73185157775879,20.956314746244455,0.6008643766811265,240,1.0,9.790123456790123,21.73392185602998,605078.3317541899,78.14491155820198,64101.38694249815,7.19717099322816,,41023.0,4.959550135501355,1.8978334663974117,0.00023220603417972626,False,21761,halfplane,22.0,1561.283950617284,6375.041819731277,0.030210739001631737,0.030186697679721278,0.007487993000935416,4106,3a,21072.0,20766.543209876545,4692.095862348321,10975.0,9840.925925925925,2809.7545685083905,8000,3.0485731354257615,2.8614218139493217,0.305676598868097,0.01,0.08,1.5,0.003,0.003,0.01,False,0.03,0.0,0,True,73
0.26266002655029297,0.2615599825426384,0.039832394067076206,256,0.7254180908203125,0.6830446219738618,0.10105156570686269,8,85.68915557861328,83.94515812249831,6.751033879075016,20.410785675048828,20.360214327588494,0.5399684052921846,201,25.0,24.34567901234568,18.673385360861552,0.0,0.0,2725.855825758772,0.5164687523508441,,-3293404.0,-427.0218337850046,-3593068.234206603,-460.6150264949139,False,47541,halfplane,45947.0,42394.02469135803,6936.935380160762,0.015818705782294273,0.015611756098583156,0.00515965299137126,1669,3b,23475.0,21851.074074074073,4170.544467453484,826.0,991.2962962962963,197.83029542704455,8000,4.1982288971624495,4.132121559341815,0.3582731056524309,0.01,0.05,2.5,0.003,0.03,0.0,False,0.03,0.0,0,True,6
0.0,0.0023318094971739216,0.020856338185041977,256,0.0,0.006181128231095679,0.055210678059746734,11,0.0,0.9104938271604939,6.018914200351792,0.0,0.5788611659297237,3.6462940669489945,265,0.0,1.4320987654320987,11.349594294815654,-1125436.0,-20.078916892502264,-3405.0,-0.07411973803071373,,0.0,0.0,0.0,0.1348641373080398,True,0,halfplane,0.0,404.5925925925926,3618.3389742787563,0.0,0.00021318937249389697,0.0019068237159075097,0,3b,0.0,0.38271604938271603,3.31315336434466,0.0,0.43209876543209874,3.7546293124882504,8000,0.0,0.03984287317620651,0.2683318376695178,0.01,0.08,2.0,0.003,0.003,0.0,False,0.04,0.0,0,True,1
0.1857781857252121,0.19253428169974574,0.04029788827958516,256,0.3339080810546875,0.3342790014949846,0.06410791673664423,10,49.637298583984375,46.96684688991971,3.3895717183225296,17.707202911376953,17.79001360763738,0.8836537767366817,242,1.0,9.037037037037036,20.489349503405474,660755.3505325443,83.87970944802397,840.8713501861785,0.029336109151346195,,35811.0,4.925505420054202,1.6209814710069983,0.0003346511363661096,False,21883,halfplane,28.0,1348.6296296296296,5297.850396697585,0.030250530689954758,0.029779861267242167,0.005345758066192541,2385,3a,21224.0,20853.703703703704,4465.756517123745,11057.0,9979.888888888889,2789.6500864693176,8000,2.8032262486861947,2.651414651952354,0.24869861593769485,0.01,0.08,1.5,0.01,0.003,0.01,False,0.03,0.0,0,True,68
0.23634089529514313,0.254431767044244,0.04099756113553768,256,0.270111083984375,0.2507917616102431,0.05243996319288418,10,8.974126815795898,12.309185499026452,5.9969550682708475,8.211516380310059,9.740904384189182,2.563014637524801,258,1.0,11.691358024691358,24.519401224894832,481784.6702068966,67.03315748475613,464020.4699178237,63.535126003215,,28585.0,4.224422990063235,1.6622630429003453,0.0003738838289581655,False,17702,halfplane,34.0,504.75308641975306,3612.6789161755523,0.03744383156299591,0.039684029640974824,0.00761117378426968,3437,3a,17047.0,15458.444444444445,3316.6608412381374,10160.0,8616.95061728395,2517.235559449866,8000,1.092870862049486,1.2216243992810742,0.25174418524723763,0.01,0.08,1.5,0.01,0.01,0.01,False,0.03,0.0008,0,True,79
0.34001240134239197,0.19970762729644775,0.11703808500157192,256,0.7733306884765625,0.2928327395592207,0.28337332469887805,10,65.65177917480469,66.33697928911374,5.350794357670552,14.375199317932129,15.142620475203902,1.4762495932848614,247,67.0,57.91358024691358,26.214310261581822,1.0,9.033423667570034e-06,0.5034293552162126,4.384491650087585,,-1467205.0,-187.66144715447157,-1521329.7290958674,-188.22791673483692,False,50681,halfplane,48781.0,12594.567901234568,17325.346094872617,0.03531687706708908,0.046584834080235456,0.035871064490069285,675,3b,23835.0,9246.62962962963,8784.618330972067,585.0,1260.4197530864199,911.2184335733609,8000,4.5670172253901855,4.427394757437433,0.5084001653887185,0.01,0.08,1.5,0.01,0.01,0.0,False,0.03,0.0,0,True,69
0.11346691101789474,0.21468778718032955,0.10480936301720171,256,0.4866180419921875,0.28817353425202547,0.2594861405255043,10,74.7197036743164,76.61051422872661,6.9476944391695135,17.937206268310547,18.60997235333478,1.2612425266844682,249,78.0,63.148148148148145,21.088356808128534,0.0,0.0,46928.04688260541,12.67788555697904,,-1417154.0,-186.25237850045173,-1496798.3635227461,-187.09824022158236,False,31891,halfplane,18271.0,12984.666666666666,15944.33491174147,0.014427165500819683,0.044480954906270825,0.0325351352708147,847,3b,12002.0,6839.864197530864,5688.469947145927,2576.0,1431.2962962962963,835.3028347783526,8000,4.1656266658304855,4.133009377849972,0.3705820299595468,0.01,0.08,1.5,0.003,0.03,0.0,False,0.03,0.0,0,True,65
0.0,0.002422575781374802,0.021668176511194907,256,0.0,0.006216732072241512,0.05520804331412431,11,0.0,0.7818046852394387,5.02387796153999,0.0,0.5214738492612485,3.333647302795714,267,0.0,2.8395061728395063,17.962551435615218,-1152562.0,-20.56287217705512,-1534.0,-0.03125659642168559,,0.0,0.0,0.0,0.1434422095519659,True,0,halfplane,0.0,404.6666666666667,3618.3308340575168,0.0,0.00018452160796265544,0.001650411434888256,0,3b,0.0,1.9135802469135803,17.00413713701535,0.0,1.7777777777777777,15.789510504613768,8000,0.0,0.03979229587241032,0.26791959828214545,0.01,0.08,2.0,0.01,0.003,0.0,False,0.04,0.0,0,True,2
0.0,0.002295141602739876,0.020528370566856715,256,0.0,0.006181693371431327,0.05521062189301398,11,0.0,1.3230890344690394,9.451074779756922,0.0,0.5720619390040268,3.6068533072187057,269,0.0,1.8395061728395061,12.34229583273717,-1108138.0,-19.770303071364076,-227037.375,-4.05918050850648,,0.0,-0.288607046070461,0.0,-0.006635336109458654,True,0,halfplane,0.0,404.58024691358025,3618.3403427749886,0.0,0.00022824131596235582,0.002041452391063341,0,3b,0.0,0.5185185185185185,4.527313844292086,0.0,0.48148148148148145,4.1961508261536435,8000,0.0,0.05988967691095351,0.43801127410450985,0.01,0.08,2.0,0.003,0.01,0.0,False,0.04,0.0,0,True,2
0.34305572509765625,0.32094833181228166,0.048485180217978256,256,0.088287353515625,0.10902630841290509,0.05502618030519234,10,59.13722610473633,59.05662065670814,6.658755211457588,18.291885375976562,17.63532189969663,1.494987964327773,261,76.0,57.48148148148148,16.816446323198463,1.0,9.033423667570034e-06,181817.77356755547,17.97600014720494,,-490657.0,-63.81157723577237,-545957.7213114754,-70.21802969067575,False,5786,halfplane,2190.0,3827.4938271604938,3577.0241860713872,0.08795226365327835,0.08873411378374806,0.016194869092924336,148,3b,1769.0,2202.6913580246915,782.5167791673241,414.0,415.5432098765432,127.91500354886666,8000,3.232976149325959,3.3653325174612863,0.3783527349761638,0.01,0.08,1.5,0.003,0.03,0.0,False,0.03,0.0008,0,True,14
0.24150007963180542,0.26487706049724863,0.04655176130105253,256,0.267333984375,0.24022194191261573,0.056114111742989144,10,9.661301612854004,15.800176832411024,11.572877999687941,6.821666240692139,9.12104238109824,3.6197750550520826,260,1.0,12.925925925925926,22.011656719794374,475158.54082352936,64.75236959646479,509364.9721448794,65.24475359073614,,35125.0,5.114153116531166,2.030659682927336,0.00035264298225707707,False,17520,halfplane,17.0,555.0123456790124,3613.1060591836094,0.03769412264227867,0.04229279984662562,0.010956745667632998,3649,3a,16936.0,14791.506172839507,3488.49601157883,9947.0,8060.074074074074,2819.2108815257207,8000,1.4162671232876711,1.608085757171299,0.4148921755484327,0.01,0.08,1.5,0.003,0.03,0.01,False,0.03,0.0008,0,True,73
0.0,0.0023876776297887168,0.02135603795425259,256,0.0,0.006202038423514661,0.0552089080783016,11,0.0,1.0417363673080633,7.082545666482141,0.0,0.5186782648533951,3.3196922925579475,271,0.0,2.8395061728395063,17.962551435615218,-1135904.0,-20.265676603432723,-3289.6666666666665,-0.062219581489166696,,0.0,0.288607046070461,0.0,0.14497621853030074,True,0,halfplane,0.0,404.60493827160496,3618.337609151857,0.0,0.00019300062163376514,0.001726250038691261,0,3b,0.0,1.7160493827160495,15.237408943327708,0.0,1.3703703703703705,12.145663702589744,8000,0.0,0.05543608124253285,0.3995896943389831,0.01,0.08,2.0,0.01,0.01,0.0,False,0.04,0.0,0,True,2
0.0,0.002308191156681673,0.020645089325616352,256,0.0,0.00618263527199074,0.05521052931008015,11,0.0,1.4650997585720487,10.672323788297453,0.0,0.5689701268702377,3.589115886061491,273,0.0,1.9876543209876543,12.940980773754314,-1099700.0,-19.61976942186087,-330656.4285714286,-5.9123190466851385,,0.0,0.0,0.0,0.13863323378131726,True,0,halfplane,0.0,404.5679012345679,3618.3417146405527,0.0,0.0002298458582825131,0.00205580385386593,0,3b,0.0,0.6172839506172839,5.410478861613327,0.0,0.5679012345679012,4.968886582202153,8000,0.0,0.06718898385565053,0.5014600227712869,0.01,0.08,2.0,0.003,0.03,0.0,False,0.04,0.0,0,True,2
0.362274169921875,0.32800097248436494,0.058516605453340496,256,0.10699462890625,0.1121575626326196,0.05642111633710468,10,55.684967041015625,54.731043309341246,5.89151497766019,15.91842269897461,15.538079614992496,1.2668004752732263,263,51.0,59.098765432098766,17.386389552915194,1.0,9.033423667570034e-06,33709.00977772573,4.3953370797835,,-539337.0,-71.29317163504969,-562603.4827779334,-71.87695310725898,False,7012,halfplane,2412.0,3725.074074074074,3525.386916083578,0.08974334597587585,0.08424908564322525,0.01482725170360628,120,3b,3571.0,3554.037037037037,1267.69989481723,491.0,435.6296296296296,155.4085372271186,8000,3.4981460353679408,3.5424375803011685,0.41128986585348337,0.01,0.08,1.5,0.01,0.03,0.0,False,0.03,0.0008,0,True,20
0.19757795333862305,0.1837075833277202,0.11281485739883464,256,0.7603912353515625,0.2910361584321952,0.3000713593678998,10,67.92520904541016,68.52231447196301,5.4277200154689575,15.511773109436035,16.21342241028209,1.185002366059769,251,47.0,49.53086419753087,22.383352731440308,1.0,9.033423667570034e-06,0.4993141288869083,4.678288620226464,,-1418036.0,-185.762219060524,-1511820.6246311092,-186.95775513547915,False,49833,halfplane,46096.0,13126.407407407407,18838.18819744654,0.020906195044517517,0.04886875140630169,0.03947180537011885,616,3b,27786.0,10693.543209876543,10920.51796814498,1225.0,1282.3703703703704,967.8526115275008,8000,4.378945678566412,4.251264028710993,0.3868814722397858,0.01,0.08,1.5,0.01,0.03,0.0,False,0.03,0.0,0,True,56
0.0,0.002377044087574806,0.021260928661324913,256,0.0,0.006194691599151234,0.055209457774091523,11,0.0,1.1191996821650751,7.725331639602972,0.0,0.5082697691740813,3.2688932327670086,275,0.0,2.8395061728395063,17.962551435615218,-1128634.0,-20.135981255645884,-7155.25,-0.13294263409354873,,0.0,0.288607046070461,0.0,0.14480444391822556,True,0,halfplane,0.0,404.5925925925926,3618.3389742787563,0.0,0.00020099336994282993,0.0017977393528757235,0,3b,0.0,1.2839506172839505,11.372736044301906,0.0,1.1358024691358024,10.047729411730389,8000,0.0,0.062473392933163056,0.46041129235160616,0.01,0.08,2.0,0.01,0.03,0.0,False,0.04,0.0,0,True,2
0.23784226179122925,0.25776545537842643,0.04274692291706261,256,0.2680206298828125,0.24640457718460648,0.0554735616057982,10,9.402220726013184,13.764490598513756,9.098269350163923,7.131136894226074,8.437319661364143,2.7519855973479466,262,1.0,10.197530864197532,21.40406085451689,566380.1635844156,69.0352057084467,335732.86392954155,46.89190140985438,,34263.0,5.0178263324299905,1.9701615530250538,0.0003834663538173017,False,17565,halfplane,20.0,497.0,3613.6243220263973,0.037527911365032196,0.04070207200668476,0.008927909794660942,2559,3a,17003.0,15226.456790123457,3482.6395376736127,10173.0,8541.41975308642,2615.7800661889646,8000,1.3184742385425563,1.5430445188547395,0.4329126921361158,0.01,0.08,1.5,0.01,0.03,0.01,False,0.03,0.0008,0,True,78
0.0,0.00252903703554177,0.022620394916343805,256,0.0,0.006172839506172839,0.05521155499999482,11,0.0,0.30864197530864196,2.7605777499997406,0.0,0.30864197530864196,2.7605777499997406,277,0.0,1.2592592592592593,11.26315721999894,-657431.0,-5.938852755194201,-5909.0,-0.05337850045167109,,0.0,0.0,0.0,0.0,True,0,halfplane,0.0,404.5432098765432,3618.3444684796605,0.0,0.0,0.0,0,3b,0.0,0.012345679012345678,0.11042310999998964,0.0,0.012345679012345678,0.11042310999998964,8000,0.0,0.012345679012345678,0.11042310999998964,0.01,0.08,2.0,0.003,0.003,0.0,False,0.04,0.0008,0,True,1
0.0,0.002567202404693321,0.02296175635558076,256,0.0,0.006172839506172839,0.05521155499999482,11,0.0,0.30864197530864196,2.7605777499997406,0.0,0.30864197530864196,2.7605777499997406,279,0.0,1.2592592592592593,11.26315721999894,-659194.0,-5.9547786811201755,-908.0,-0.008202348690153568,,0.0,0.0,0.0,0.0,True,0,halfplane,0.0,404.5432098765432,3618.3444684796605,0.0,0.0,0.0,0,3b,0.0,0.012345679012345678,0.11042310999998964,0.0,0.012345679012345678,0.11042310999998964,8000,0.0,0.012345679012345678,0.11042310999998964,0.01,0.08,2.0,0.01,0.003,0.0,False,0.04,0.0008,0,True,1
0.0,0.0023474395275115967,0.02099613742634367,256,0.0,0.006172839506172839,0.05521155499999482,11,0.0,0.30864197530864196,2.7605777499997406,0.0,0.30864197530864196,2.7605777499997406,281,0.0,1.2592592592592593,11.26315721999894,-571995.0,-5.1670731707317525,-12810.0,-0.11571815718157262,,0.0,0.0,0.0,0.0,True,0,halfplane,0.0,404.5432098765432,3618.3444684796605,0.0,0.0,0.0,0,3b,0.0,0.012345679012345678,0.11042310999998964,0.0,0.012345679012345678,0.11042310999998964,8000,0.0,0.012345679012345678,0.11042310999998964,0.01,0.08,2.0,0.003,0.01,0.0,False,0.04,0.0008,0,True,1
0.18535210192203522,0.19423844490522219,0.04145823804392587,256,0.33544921875,0.3333261748890818,0.0619918635686514,10,86.55445098876953,82.84754020785108,7.295946380703019,20.55850601196289,20.838038644672913,0.5928270686269036,244,1.0,9.271604938271604,21.478103892264073,554012.5797460317,75.68677299808158,46134.96032211266,4.6689034209414295,,39439.0,4.926470641373081,1.7734938579681279,0.00022763640250950741,False,21984,halfplane,32.0,1403.2469135802469,5408.46328219358,0.03018040582537651,0.030435955220902408,0.008519963382751378,3216,3a,21329.0,20768.25925925926,4340.344142860523,11055.0,9828.098765432098,2863.820894138141,8000,4.210152838427947,3.986822228904172,0.3977831310289054,0.01,0.08,1.5,0.003,0.01,0.01,False,0.03,0.0,0,True,72
0.0,0.0024171942546043867,0.021620042672469367,256,0.0,0.006172839506172839,0.05521155499999482,11,0.0,0.30864197530864196,2.7605777499997406,0.0,0.30864197530864196,2.7605777499997406,283,0.0,1.2592592592592593,11.26315721999894,-592130.0,-5.348961156278178,-1145.6666666666667,-0.010349292381812661,,0.0,0.0,0.0,0.0,True,0,halfplane,0.0,404.5432098765432,3618.3444684796605,0.0,0.0,0.0,0,3b,0.0,0.012345679012345678,0.11042310999998964,0.0,0.012345679012345678,0.11042310999998964,8000,0.0,0.012345679012345678,0.11042310999998964,0.01,0.08,2.0,0.01,0.01,0.0,False,0.04,0.0008,0,True,1
0.0,0.0023191847183086254,0.020743418730067152,256,0.0,0.006173027886284722,0.0552115339641639,11,0.0,0.4691358024691358,3.095542074442554,0.0,0.4691358024691358,3.095542074442554,285,0.0,1.271604938271605,11.262318189627749,-526625.0,-9.395531616982822,-654.0,-0.01095460704607044,,0.0,0.0,0.0,0.0,True,0,halfplane,0.0,404.55555555555554,3618.3430898754455,0.0,0.0002134300446436729,0.0019089763530562706,0,3b,0.0,0.024691358024691357,0.15518277888859916,0.0,0.024691358024691357,0.15518277888859916,8000,0.0,0.024691358024691357,0.15518277888859916,0.01,0.08,2.0,0.003,0.03,0.0,False,0.04,0.0008,0,True,2
0.18539056181907654,0.1930653890709818,0.040791057135290174,256,0.334808349609375,0.3343364574291088,0.06014642654444267,10,69.81282806396484,67.99781135276511,5.112891194147775,16.72069549560547,16.901721506942938,0.9785096555515594,246,1.0,8.493827160493828,19.915329077532785,580987.6321304347,82.88750434657383,0.480109739350155,-0.019315670646659983,,35667.0,5.059744805781392,1.5445270968878138,0.0002940106197321171,False,21942,halfplane,44.0,1332.4567901234568,5498.642580077519,0.030237441882491112,0.029832411453955703,0.005222575530107443,3438,3a,21440.0,20980.506172839505,4277.050030805261,11076.0,9988.32098765432,2775.807491577948,8000,4.175234709689181,4.044833175577164,0.3797799611852116,0.01,0.08,1.5,0.01,0.01,0.01,False,0.03,0.0,0,True,66
0.0,0.0023992238221345126,0.021459310238118538,256,0.0,0.006172839506172839,0.05521155499999482,11,0.0,0.30864197530864196,2.7605777499997406,0.0,0.30864197530864196,2.7605777499997406,287,0.0,1.2592592592592593,11.26315721999894,-539827.0,-4.876485998193314,-2815.0,-0.02542908762420971,,0.0,0.0,0.0,0.0,True,0,halfplane,0.0,404.5432098765432,3618.3444684796605,0.0,0.0,0.0,0,3b,0.0,0.012345679012345678,0.11042310999998964,0.0,0.012345679012345678,0.11042310999998964,8000,0.0,0.012345679012345678,0.11042310999998964,0.01,0.08,2.0,0.01,0.03,0.0,False,0.04,0.0008,0,True,1
0.1850041300058365,0.19288106078718914,0.03777801063878882,256,0.33380126953125,0.3340401355131173,0.07708317222015795,10,88.79461669921875,87.48694893165872,7.042705008628179,20.32830238342285,20.47941674126519,0.6166737592303608,248,1.0,10.617283950617283,23.11141447516419,554483.6365185186,78.25955717886357,37702.84495411592,4.309585893210871,,38349.0,4.455837398373985,1.6896747723273595,0.00020354103742107666,False,21876,halfplane,23.0,1794.2345679012346,6973.370177778885,0.030033905059099197,0.03014322743969567,0.0077158115121934556,2507,3a,21357.0,20904.83950617284,5233.747160936618,11009.0,9770.493827160493,2945.0482949925354,8000,4.3680288901078805,4.281946755107348,0.3731510073627769,0.01,0.08,1.5,0.003,0.03,0.01,False,0.03,0.0,0,True,70
0.18551062047481537,0.19336479000839185,0.040559692137493136,256,0.333038330078125,0.3336353066526813,0.06610989498479987,10,75.60125732421875,74.32700818850671,5.565480919724395,17.239620208740234,17.37975819905599,0.9110376486303503,250,1.0,8.395061728395062,19.538299844117926,654103.7409411764,84.79591117391732,0.5171467764303088,-0.03856078806513504,,33448.0,4.299974932249323,1.3956507283882118,0.00028274309811282495,False,21826,halfplane,26.0,1304.0740740740741,5189.37626018982,0.02983773872256279,0.029999466693419734,0.007362802887535154,2766,3a,21404.0,21028.814814814814,4649.469506739614,11129.0,9941.098765432098,2867.1909968587047,8000,4.38532026024008,4.296116042395885,0.3785992097416497,0.01,0.08,1.5,0.01,0.03,0.01,False,0.03,0.0,0,True,59
0.3146011233329773,0.3317429936594433,0.04368049709362083,256,0.0794830322265625,0.11415250801745756,0.049678475406644815,11,46.318870544433594,43.09785826412248,5.441511040878907,15.058980941772461,15.576518835844817,2.1670556167590025,276,46.0,46.358024691358025,17.841765844328155,31859.740113989654,3.530858244202032,173450.49486260457,16.82403452894126,,-13.0,0.2774810298102977,-0.00249568055288929,5.383782328923988e-05,False,5209,halfplane,645.0,1551.4444444444443,3542.791488482521,0.08783218264579773,0.07742777177029186,0.011358344648418197,2482,3a,5209.0,7076.555555555556,1797.9970474714492,420.0,713.0370370370371,185.00686970524754,8000,3.0758302937224036,2.8350355537778804,0.5688262265359241,0.01,0.08,2.0,0.003,0.003,0.06,False,0.04,0.0008,0,True,81
0.31195300817489624,0.3151047581139906,0.04198817309944049,256,0.2004241943359375,0.18443769290123457,0.04919541780485546,11,9.69455623626709,13.810049186518162,6.320472672692332,9.112494468688965,11.020204190854672,2.6978666606304307,278,12.0,25.382716049382715,17.562985699964283,186183.31399999998,26.25275501104409,268399.54240922706,32.24310559088746,,6737.0,1.1624062782294493,0.5130582721778139,0.00012894180292892453,False,13135,halfplane,42.0,587.6296296296297,3603.1639164080225,0.048038601875305176,0.05102026775295352,0.008319164172791403,1389,3a,13134.0,11682.753086419752,2598.8916656242072,6597.0,5255.580246913581,1874.1519357107454,8000,1.0638751427483821,1.2127385985098795,0.26317499687596396,0.01,0.08,2.0,0.01,0.003,0.06,False,0.04,0.0008,0,True,70
0.27126869559288025,0.29317221652578423,0.08419916718692333,256,0.048248291015625,0.2170159610701196,0.1593072932823091,11,41.12428665161133,53.67239756643036,7.314416712867238,10.925475120544434,15.57587804912049,2.3608526038906685,264,62.0,66.9753086419753,19.703966705135436,95627.52784290031,3.1643708772487553,270897.0675897931,20.317071249471628,,-49.0,0.5507633242999104,-0.015496521189120704,6.829118452525795e-05,False,3162,halfplane,1273.0,9412.160493827161,9290.098588769471,0.06906916201114655,0.04821151063812,0.025973142159581044,209,3a,3162.0,13817.765432098766,10348.323817598035,666.0,722.2469135802469,385.3490811489316,8000,3.7640733712839975,3.516794302864707,0.6058246604606217,0.01,0.08,2.0,0.003,0.003,0.06,False,0.04,0.0,0,True,81
0.3096976578235626,0.31645810935232377,0.039866205727537164,256,0.19403076171875,0.17654494297357254,0.0510748406606655,11,10.526030540466309,16.291752261880003,8.924592613435925,8.328085899353027,10.228820635948653,2.694619118163901,282,14.0,22.97530864197531,16.69181458941646,221373.5693873874,27.41831555274335,197636.70634366025,24.640220695702038,,7732.0,1.3389909665763322,0.608052846807172,0.00015766663600360123,False,12716,halfplane,45.0,546.9876543209876,3605.676366727327,0.0485861673951149,0.053319648966009235,0.010533918285699878,2461,3a,12716.0,11165.518518518518,2673.0483967071277,6643.0,5119.79012345679,1901.8799647707212,8000,1.2639194715319282,1.5189080747086334,0.4239485828696356,0.01,0.08,2.0,0.01,0.01,0.06,False,0.04,0.0008,0,True,63
0.34748151898384094,0.3307824789741893,0.041885383111259916,256,0.1049041748046875,0.10566146285445602,0.04949887267658342,11,52.45920181274414,50.83724005428361,4.156552273317212,16.992084503173828,16.238042925610955,1.6199070628175203,280,41.0,39.91358024691358,11.916579933239607,33451.68202127659,3.89224549393332,97650.10924554183,16.06139574903262,,4.0,0.28939498644986417,0.0005818181818182389,7.040211882653037e-05,False,6875,halfplane,613.0,1165.9135802469136,3545.6031550742346,0.08432750403881073,0.08388092681581591,0.011723237101167157,4025,3a,6875.0,6520.086419753086,1644.9744731219948,779.0,711.7283950617284,146.05005165621202,8000,3.0872727272727274,3.158294660820344,0.335993046764934,0.01,0.08,2.0,0.003,0.01,0.06,False,0.04,0.0008,0,True,81
0.3236789405345917,0.3290430114225105,0.042546771602095815,256,0.078277587890625,0.09421492211612655,0.0489763043679418,11,53.235477447509766,56.56848088017217,4.38945283964778,15.967842102050781,17.13464394322148,1.2857151244242573,284,37.0,42.49382716049383,13.815471249532886,46683.18747720365,4.633002714986722,147363.26411781184,18.250024854825195,,91.0,0.2923654019873529,0.017738791423002054,7.100093971893565e-05,False,5130,halfplane,533.0,905.5185185185185,3568.2905964230636,0.08578824996948242,0.08858521282672882,0.01143870222827473,2066,3a,5130.0,5769.913580246914,1370.4224652538235,884.0,808.7654320987655,164.78600201285664,8000,3.333918128654971,3.318756255544655,0.2898957767185608,0.01,0.08,2.0,0.003,0.03,0.06,False,0.04,0.0008,0,True,81
0.31627315282821655,0.3158664425582062,0.03876209114080049,256,0.1893157958984375,0.1636646412037037,0.0549157283523692,11,12.34553050994873,19.63071752477575,10.960340735290679,7.031999111175537,9.025426905832173,3.079303892991269,286,15.0,23.049382716049383,16.170313628029515,212536.24187155964,26.94249315243667,165845.72384901188,21.901338263476106,,8988.0,1.515912601626016,0.7244297573950191,0.00019033232953330676,False,12407,halfplane,42.0,516.2592592592592,3607.4806323848156,0.05022207275032997,0.05590594789864105,0.011703686757155628,2155,3a,12407.0,10321.395061728395,2865.4339626910814,6482.0,4885.259259259259,1870.701675827851,8000,1.7556218263883292,2.076984331243872,0.4684103020072854,0.01,0.08,2.0,0.01,0.03,0.06,False,0.04,0.0008,0,True,70
0.31487488746643066,0.3162287447923495,0.06755566327223449,256,0.19171142578125,0.2233538215543017,0.11870491407184852,11,65.89692687988281,59.479226759922355,9.242786591563883,14.125829696655273,14.957274672425823,1.5255917524453328,266,104.0,71.28395061728395,17.68882926281215,20944.880450765864,1.8048607794529776,7656.529280389426,0.4152435597280076,,-330.0,0.5464162149954829,-0.02626552053486164,6.400388766374346e-05,False,12564,halfplane,6083.0,8019.234567901234,6875.6691764504085,0.03777078166604042,0.04348084068408719,0.015656656223586456,1543,3a,12564.0,14233.111111111111,7677.346882907782,1161.0,1053.0,342.27232677944085,8000,4.664995224450812,4.045111538400812,0.7926233869793587,0.01,0.08,2.0,0.01,0.003,0.06,False,0.04,0.0,0,True,79
0.2891678810119629,0.31061661464196666,0.07839700102746816,256,0.06072998046875,0.2126312255859375,0.13900204893998236,11,61.44773864746094,66.99421536480939,8.744904549002344,14.268494606018066,15.909598797927668,2.323963368425697,268,52.0,74.14814814814815,18.394920871115357,71429.73487671232,2.9215895976906037,258983.67114791076,16.716413315095654,,-198.0,0.27102845528455216,-0.04974874371859306,3.27992803088509e-05,False,3980,halfplane,1230.0,8712.716049382716,7887.339946895314,0.06480541080236435,0.04485176869288639,0.021657230771761165,595,3a,3980.0,13530.444444444445,8991.085399809452,578.0,696.1975308641976,337.45735605317185,8000,4.306532663316583,4.259203878906671,0.5055585074670577,0.01,0.08,2.0,0.003,0.01,0.06,False,0.04,0.0,0,True,81
0.30188310146331787,0.29427287350466225,0.08328294540849966,256,0.1231689453125,0.2171838077498071,0.15441339844813115,11,71.21865844726562,71.1815500612612,7.826703493207222,16.406774520874023,16.8818268481596,1.580111372467445,272,83.0,69.24691358024691,19.09012469431207,28936.007636363647,3.886259996422392,324294.15075855295,24.569089404430457,,-211.0,0.2895392953929524,-0.026139742319127857,4.2880699987949815e-05,False,8072,halfplane,3829.0,8904.160493827161,8572.634421510054,0.06864260137081146,0.04654326063385348,0.024009266190399406,555,3a,8072.0,13828.79012345679,10025.0812572872,388.0,802.9012345679013,423.53006816571025,8000,4.340807730426165,4.237702094290643,0.39767967077126887,0.01,0.08,2.0,0.003,0.03,0.06,False,0.04,0.0,0,True,81
0.3878318667411804,0.318971269108631,0.06661565874472397,256,0.2430572509765625,0.22257863739390432,0.11775209393561771,11,64.25701904296875,64.02758016704041,5.521336349514691,14.376106262207031,14.829797191384397,1.338857830749403,270,45.0,74.12345679012346,16.150819048947227,13909.19289361703,2.0359023410121324,4678.91340379871,1.1802639927809169,,-408.0,0.812397696476966,-0.025613660618996725,0.00010434734780934546,False,15929,halfplane,6130.0,8588.0,7103.146305131182,0.05122073367238045,0.04314988502013831,0.01587034613365018,1548,3a,15929.0,14182.296296296296,7611.346182005648,1057.0,980.2469135802469,333.6346242380638,8000,4.469709335174838,4.355479292298127,0.4767485494039352,0.01,0.08,2.0,0.01,0.01,0.06,False,0.04,0.0,0,True,81
0.3206086754798889,0.3193168697165854,0.0626915461976163,256,0.27166748046875,0.22395400059076004,0.11171365416319287,11,69.67035675048828,67.1206418261116,5.586992667561702,15.702597618103027,15.471061471067829,1.2729726621546587,274,57.0,73.24691358024691,17.711355682263363,15959.747678800864,3.5460378268024813,1657.4487011847086,1.1300941092027283,,-124.0,0.6157308039747064,-0.006964727027634288,8.991964667166671e-05,False,17804,halfplane,9508.0,7748.024691358025,6472.035619580499,0.034547120332717896,0.04318276185680319,0.013377746346179307,3491,3a,17804.0,14272.469135802468,7214.921607654719,1556.0,1153.7530864197531,377.1548632664515,8000,4.4368681195237025,4.365422417884783,0.387034934931699,0.01,0.08,2.0,0.01,0.03,0.06,False,0.04,0.0,0,True,80
